{
  "melvorF:Melee_Accuracy_Potion_IV": {
    "Nmodifiers": {
      "add": {
        "meleeAccuracyRating": 25
      }
    },
    "3Lcurrency2": [0,0,100,"gp"],
    "5acc2": [0,0,5],
    "5UEdot": [0,100], 
    "5Eignore": [-50,"bleed"],
    "10Eignore": [-100,-1,"bleed"]
  },
  "melvorF:Melee_Strength_Potion_IV": {
    "Nmodifiers": {
      "add": {
        "meleeMaxHit": 10
      }
    },
    "3Lcurrency2": [0,0,50,"sc"],
    "5Eignore": [-50,"stun"],
    "10Eignore": [-100,-1,"stun"]
  },
  "melvorF:Melee_Evasion_Potion_IV": {
    "Nmodifiers": {
      "add": {
        "meleeEvasion": 25,
        "effectIgnoreChance": [
          {
            "effectGroupID": "melvorD:StunLike",
            "value": 10
          }
        ]
      }
    },
    "10Udmgignore": [10]
  },
  "melvorF:Ranged_Assistance_Potion_IV": {
    "Nmodifiers": {
      "add": {
        "rangedAccuracyRating": 20,
        "rangedEvasion": 20,
        "effectIgnoreChance": [
          {
            "effectGroupID": "melvorD:PoisonDOT",
            "value": 10
          }
        ]
      }
    },
    "10Udmgignore": [0,10]
  },
  "melvorF:Magic_Assistance_Potion_IV": {
    "Nmodifiers": {
      "add": {
        "magicAccuracyRating": 20,
        "magicEvasion": 20,
        "effectIgnoreChance": [
          {
            "effectGroupID": "melvorD:BurnDOT",
            "value": 10
          },
          {
            "effectGroupID": "melvorD:Frostburn",
            "value": 10
          }
        ]
      }
    },
    "10Udmgignore": [0,0,10]
  },
  "melvorF:Regeneration_Potion_IV": {
    "Nmodifiers": {
      "add": {
        "hitpointRegeneration": 150
      }
    },
    "5Vregen": [ -1000 ],
    "10Uregen": [0,0,0,10] 
  },
  "melvorF:Damage_Reduction_Potion_IV": {
    "Nmodifiers": {
      "add": {
        "flatResistance": [
          {
            "damageTypeID": "melvorD:Normal",
            "value": 10
          }
        ]
      }
    },
    "5UdmgTaken": [-10]
  },
  "melvorF:Bird_Nest_Potion_IV": {
    "Nmodifiers": {
      "add": {
        "randomProductChance": [
          {
            "skillID": "melvorD:Woodcutting",
            "itemID": "melvorD:Bird_Nest",
            "value": 30
          }
        ]
      }
    },
    "5Nmodifiers": {
      "add": {
        "randomProductChance": [
          {
            "skillID": "melvorD:Woodcutting",
            "itemID": "melvorTotH:Raven_Nest",
            "value": 20
          }
        ]
      }
    },
    "10Ubypass": [0,1,"wood"]
  },
  "melvorF:Fishermans_Potion_IV": {
    "Nmodifiers": {
      "add": {
        "skillItemDoublingChance": [
          {
            "skillID": "melvorD:Fishing",
            "value": 12
          }
        ]
      }
    },
    "10Ubypass": [0,1,"fish"]
  },
  "melvorF:Controlled_Heat_Potion_IV": {
    "modifiers": {
      "add": {
        "freeBonfires": 1
      }
    },
    "5Ubypass": [ 20 ],
    "5Lfiremaking": [ 300, "gp" ],
    "10UskillAddItem": [ 0, 1, [ "melvorF:Chest_Of_Gems", "fire" ] ]
  },
  "melvorF:Generous_Cook_Potion_IV": {
    "Nmodifiers": {
      "add": {
        "skillItemDoublingChance": [
          {
            "skillID": "melvorD:Cooking",
            "value": 50
          }
        ]
      }
    },
    "10Ubypass": [0,1,"cook"]
  },
  "melvorF:Perfect_Swing_Potion_IV": {
    "modifiers": {
      "add": {
        "noMiningNodeDamageChance": [
          {
            "categoryID": "melvorD:Essence",
            "value": 80
          },
          {
            "categoryID": "melvorD:Ore",
            "value": 80
          }
        ]
      }
    },
    "1Umine2": [-10],
    "10Ubypass": [0,1,"mine"]
  },
  "melvorF:Seeing_Gold_Potion_IV": {
    "modifiers": {
      "add": {
        "additionalRandomSkillItemChance": [
          {
            "skillID": "melvorD:Smithing",
            "actionID": "melvorD:Silver_Bar",
            "itemID": "melvorD:Gold_Bar",
            "value": 75
          }
        ]
      }
    },
    "5modifiers": {
      "add": {
        "additionalRandomSkillItemChance": [
          {
            "skillID": "melvorD:Smithing",
            "actionID": "melvorTotH:Iridium_Bar",
            "itemID": "melvorTotH:Palladium_Bar",
            "value": 75
          }
        ]
      }
    },
    "10UskillAddItem": [5,"melvorD:Silver_Bar","melvorD:Gold_Bar","melvorTotH:Iridium_Bar","melvorTotH:Palladium_Bar"]
  },
  "melvorF:Gentle_Hands_Potion_IV": {
    "Nmodifiers": {
      "add": {
        "thievingStealth": 75
      }
    },
    "5Uthieving": [0,2000,"gp"],
    "10Uthieving": [0,0,0,2]
  },
  "melvorF:Farming_Potion_IV": {
    "Nmodifiers": {
      "add": {
        "skillItemDoublingChance": [
          {
            "skillID": "melvorD:Farming",
            "value": 30
          }
        ]
      }
    },
    "10Ubypass": [0,1,"farm"]
  },
  "melvorF:Fletching_Potion_IV": {
    "Nmodifiers": {
      "add": {
        "skillItemDoublingChance": [
          {
            "skillID": "melvorD:Fletching",
            "value": 25
          }
        ]
      }
    },
    "10Ubypass": [0,1,"flet"]
  },
  "melvorF:Crafting_Potion_IV": {
    "modifiers": {
      "skillItemDoublingChance": [
        {
          "skillID": "melvorD:Crafting",
          "value": 25
        }
      ]
    },
    "10Ubypass": [0,1,"craf"]
  },
  "melvorF:Elemental_Potion_IV": {
    "modifiers": {
      "add": {
        "elementalRuneChance": 50,
        "elementalRuneQuantity": [ 0, 0, 8 ]
      }
    },
    "5modifiers": {
      "add": {
        "elementalRuneChance": 100
      }
    },
    "10Ubypass": [0,1,"rune"]
  },
  "melvorF:Herblore_Potion_IV": {
    "Nmodifiers": {
      "add": {
        "randomHerblorePotionChance": 6
      }
    },
    "10Ubypass": [10]
  },
  "melvorF:Magic_Damage_Potion_IV": {
    "Nmodifiers": {
      "add": {
        "magicMaxHit": 15
      }
    },
    "5Eignore": [-50,"freeze"],
    "10Eignore": [-100,-1,"freeze"]
  },
  "melvorF:Ranged_Strength_Potion_IV": {
    "Nmodifiers": {
      "add": {
        "rangedMaxHit": 25
      }
    },
    "5Eignore": [-50,"sleep"],
    "10Eignore": [-100,-1,"sleep"]
  },
  "melvorF:Diamond_Luck_Potion_IV": {
    "modifiers": {
      "add": {
        "attackRolls": 1
      }
    },
    "5Vcurrency3": [0.2,"sc"]
  },
  "melvorF:Divine_Potion_IV": {
    "Nmodifiers": {
      "add": {
        "prayerPointPreservationChance": 35
      }
    },
    "5UEdot": [100], 
    "5Eignore": [-50,"burn"],
    "10Eignore": [-100,-1,"burn"]
  },
  "melvorF:Lucky_Herb_Potion_IV": {
    "modifiers": {
      "add": {
        "seedDropConversionChance": 50
      }
    },
    "1Lloot": [10,-300]
  },
  "melvorF:Performance_Enhancing_Potion_IV": {
    "Nmodifiers": {
      "add": {
        "skillInterval": [
          {
            "skillID": "melvorD:Agility",
            "value": -12
          }
        ]
      }
    },
    "5Ucurrency": [0,50,"gp"]
  },
  "melvorF:Necromancer_Potion_IV": {
    "Nmodifiers": {
      "add": {
        "flatBasePrimaryProductQuantity": [
          {
            "skillID": "melvorD:Summoning",
            "value": 5
          }
        ]
      }
    },
    "10Ubypass": [10]
  },
  "melvorF:Hinder_Potion_IV": {
    "Nmodifiers": {
      "add": {
        "onHitSlowMagnitude": 15
      }
    },
    "5Eignore": [-50,"slow"],
    "10Eignore": [-100,-1,"slow"]
  },
  "melvorF:Famished_Potion_IV": {
    "Nmodifiers": {
      "add": {
        "autoEatEfficiency": 25,
        "foodPreservationChance": 25
      }
    },
    "10Vfood": [1]
  },
  "melvorF:Lethal_Toxins_Potion_IV": {
    "rc": ["melvorD:Poison"],
    "NcombatEffects": {
      "add": [
        {
          "effectID": "melvorD:Poison",
          "chance": 15,
          "condition": {
            "type": "Some",
            "conditions": [
              {
                "type": "CombatType",
                "character": "Player",
                "thisAttackType": "melee",
                "targetAttackType": "any"
              },
              {
                "type": "CombatType",
                "character": "Player",
                "thisAttackType": "ranged",
                "targetAttackType": "any"
              }
            ]
          },
          "appliesWhen": "HitWithAttack",
          "descriptionLang": "CUSTOM_APPLICATOR_HitWithAttack_MELEE_RANGED"
        }
      ]
    },
    "5Ucbeasy": ["Poison", 3, 30],
    "5UEdot": [0,0,100], 
    "5Eignore": [-50,"poison"],
    "10Eignore": [-100,-1,"poison"]
  },
  "melvorTotH:Deadly_Toxins_Potion": {
    "rc": ["melvorD:Poison","melvorD:DeadlyPoison"],
    "NcombatEffects": {
      "add": [
        {
          "effectID": "melvorD:DeadlyPoison",
          "chance": 15,
          "appliesWhen": "HitWithAttack"
        },
        {
          "effectID": "melvorD:Poison",
          "chance": 20,
          "appliesWhen": "HitWithAttack"
        }
      ]
    },
    "5rc": ["melvorD:Poison"],
    "5Ucbeasy": ["dp", 3, 15],
    "5UEdot": [0,0,0,100], 
    "5Eignore": [-50,"dp"],
    "10Eignore": [-100,-1,"dp"]
  },
  "melvorF:Secret_Stardust_Potion_IV": {
    "Nmodifiers": {
      "add": {
        "skillInterval": [
          {
            "skillID": "melvorD:Astrology",
            "value": -15
          }
        ]
      }
    },
    "10UitemRand": [ 0, 10, [ "melvorF:Stardust", "astr" ] ]
  },
  "melvorTotH:Area_Control_Potion_IV": {
    "Nmodifiers": {
      "add": {
        "flatSlayerAreaEffectNegation": 50
      }
    },
    "5Lcurrency2": [0,0,0,30, "sc"],
    "10Vcurrency3": [0.2,"sc"]
  },
  "melvorTotH:Adaptive_Defence_Potion_IV": {
    "Nmodifiers": {
      "add": {
        "globalEvasionHPScaling": 1.75
      }
    },
    "5Uregen3": [0,10],
    "10Uregen3": [0,0,0,0,10]
  },
  "melvorTotH:Slayer_Bounty_Potion_IV": {
    "Nmodifiers": {
      "add": {
        "currencyGain": [
          {
            "currencyID": "melvorD:SlayerCoins",
            "value": 25
          }
        ],
        "doubleSlayerTaskKillChance": 25
      }
    },
    "5Uslayer": [0,0,20],
    "10Uslayer": [0,0,0,8,"n"]
  },
  "melvorTotH:Holy_Bulwark_Potion_IV": {
    "Nmodifiers": {
      "add": {
        "damageTakenAddedAsPrayerPoints": 10
      }
    },
    "1UprayerGetCombat": [5]
  },
  "melvorTotH:Adaptive_Accuracy_Potion_IV": {
    "Nmodifiers": {
      "add": {
        "accuracyRatingHPScaling": 1.5
      }
    },
    "5Uregen2": [0,10,10,10],
    "10Edmgignore": [0,0,0,-1,-1,-1,-1]
  },
  "melvorTotH:Reaper_Potion_IV": {
    "Nmodifiers": {
      "add": {
        "bleedLifesteal": 75,
        "burnLifesteal": 75,
        "poisonLifesteal": 75
      }
    },
    "5Uregen2": [ 10 ],
    "5Ucbeasy": [ [ "100bleed", "100burn", "100poison" ], 2, 10 ],
    "5Eignore": [-50,"bleed","burn","poison"],
    "10Eignore": [-100,-1,"bleed","burn","poison"]
  },
  "melvorTotH:Penetration_Potion_IV": {
    "NenemyModifiers": {
      "add": {
        "flatResistance": [
          {
            "damageTypeID": "melvorD:Normal",
            "value": -8
          }
        ]
      }
    },
    "10NenemyModifiers": {
      "add": {
        "flatResistance": [
          {
            "damageTypeID": "melvorItA:Abyssal",
            "value": -6
          }
        ]
      }
    }
  },
  "melvorTotH:Critical_Strike_Potion_IV": {
    "Nmodifiers": {
      "add": {
        "meleeCritChance": 20,
        "rangedCritChance": 20,
        "magicCritChance": 20
      }
    },
    "5Ucritical": [0,10] 
  },
  "melvorTotH:Alchemic_Practice_Potion_IV": {
    "Nmodifiers": {
      "add": {
        "skillItemDoublingChance": [
          {
            "skillID": "melvorD:Herblore",
            "value": 25
          }
        ]
      }
    },
    "10Ubypass": [0,1,"herb"]
  },
  "melvorTotH:Gem_Detector_Potion_IV": {
    "Nmodifiers": {
      "add": {
        "qualitySuperiorGemChance": 10
      }
    },
    "10Umine": [0,0,0,0,5]
  },
  "melvorTotH:Multicooker_Potion_IV": {
    "Nmodifiers": {
      "add": {
        "passiveCookingInterval": -40
      }
    },
    "10Ubypass": [10]
  },
  "melvorTotH:Star_Seeker_Potion_IV": {
    "Nmodifiers": {
      "add": {
        "randomProductChance": [
          {
            "skillID": "melvorD:Astrology",
            "itemID": "melvorF:Golden_Stardust",
            "value": 5
          }
        ]
      }
    },
    "5UitemRand": [ 0, 6, [ "melvorF:Golden_Stardust", "astr" ] ],
    "10Ubypass": [0,1,"astr"]
  },
  "melvorTotH:Traps_Potion_IV": {
    "Nmodifiers": {
      "add": {
        "currencyGainFromNegativeObstacles": [
          {
            "currencyID": "melvorD:GP",
            "value": 50
          }
        ],
        "xpFromNegativeObstacles": 5,
        "masteryXPFromNegativeObstacles": 5
      }
    }
  },
  "melvorTotH:Blacksmith_Potion_IV": {
    "Nmodifiers": {
      "add": {
        "skillItemDoublingChance": [
          {
            "skillID": "melvorD:Smithing",
            "value": 20
          }
        ]
      }
    },
    "10Ubypass": [0,1,"smit"]
  },
  "melvorTotH:Enkindled_Yields_Potion_IV": {
    "Nmodifiers": {
      "add": {
        "skillItemDoublingChance": [
          {
            "skillID": "melvorD:Firemaking",
            "value": 25
          }
        ]
      }
    },
    "10u:skillAddItem": [
      [ 0, 1, [ "melvorTotH:Lost_Chest", "fire" ] ],
      [ 0, 3, [ "melvorTotH:Ectoplasm", "fire" ] ],
      [ 0, 5, [ "melvorTotH:Summoning_Familiar_Spider", "fire" ] ]
    ]
  },
  "melvorTotH:Alt_Magic_Potion_IV": {
    "Nmodifiers": {
      "add": {
        "skillInterval": [
          {
            "skillID": "melvorD:Magic",
            "value": -20
          }
        ]
      }
    },
    "10Ubypass": [10]
  },
  "melvorAoD:Barrier_Touch_Potion_IV": {
    "Nmodifiers": {
      "add": {
        "flatBarrierSummonDamage": 4
      }
    },
    "3currency3": [0,0,1,"sc"],
    "5Ubarrier": [0,0,10],
    "10Usummon": [0,-8]
  },
  "melvorAoD:Barrier_Igniter_Potion_IV": {
    "NcombatEffects": {
      "add": [
        {
          "effectID": "melvorAoD:BarrierBurn",
          "chance": 12,
          "bypassBarrier": true,
          "appliesWhen": "SummonAttack"
        }
      ]
    },
    "5NcombatEffects": {
      "add": [
        {
          "effectID": "melvorAoD:BarrierBleed",
          "chance": 12,
          "bypassBarrier": true,
          "appliesWhen": "SummonAttack"
        }
      ]
    },
    "10Ucbeasys": [ [ "100BarrierBleed", 11, 12 ], ["100BarrierBurn", 2, 12 ] ]
  },
  "melvorAoD:Unholy_Potion_IV": {
    "Nmodifiers": {
      "add": {
        "unholyPrayerPointPreservationChance": 20
      }
    }
  },
  "melvorAoD:Cursed_Potion_IV": {
    "Nmodifiers": {
      "add": {
        "curseOnHitWithUnholyMark": 20
      }
    }
  },
  "melvorAoD:Crystallization_Potion_IV": {
    "NcombatEffects": {
      "add": [
        {
          "effectID": "melvorD:Crystallize",
          "chance": 4,
          "appliesWhen": "PostAttack",
          "descriptionLang": "CUSTOM_APPLICATOR_CRYSTALLIZATION_ON_ATTACK"
        }
      ]
    },
    "5Ucbeasy": ["3Crystallize", 2, 4],
    "5Eignore": [-50,"crystal"],
    "10Eignore": [-100,-1,"crystal"]
  },
  "melvorAoD:Crystal_Sanction_Potion_IV": {
    "u:combatEffects": {
      "add": [
        {
          "effectID": "melvorAoD:CrystalSanction",
          "chance": 4,
          "appliesWhen": "PostAttack",
          "descriptionLang": "CUSTOM_APPLICATOR_CRYSTALSANCTION_ON_ATTACK"
        }
      ]
    },
    "5Ucbeasy": ["2CrystalSanction", 2, 4, 2],
    "5Eignore": [-50,"cs"],
    "10Eignore": [-100,-1,"cs"]
  },
  "melvorItA:Harvesters_Potion_IV": {
    "Nmodifiers": {
      "add": {
        "skillInterval": [
          {
            "skillID": "melvorItA:Harvesting",
            "value": -8
          }
        ]
      }
    },
    "10Ubypass": [0,1,"harv"]
  },
  "melvorItA:Corrupted_Fighter_Potion_IV": {
    "Nmodifiers": {
      "add": {
        "abyssalSkillXP": [
          {
            "skillID": "melvorItA:Corruption",
            "value": 8
          }
        ]
      }
    },
    "5Ucorrupt": [5,5],
    "10Ucorrupt": [0,0,5,5]
  },
  "melvorItA:Piece_Finder_Potion_IV": {
    "Nmodifiers": {
      "add": {
        "currencyGainFromCombat": [
          {
            "currencyID": "melvorItA:AbyssalPieces",
            "value": 20
          }
        ]
      }
    },
    "5Lcurrency2": [0,0,100,"ap"],
    "10Vcurrency3": [0.2,"ap"]
  },
  "melvorItA:Laceration_Potion_IV": {
    "NcombatEffects": {
      "add": [
        {
          "effectID": "melvorItA:Laceration",
          "chance": 40,
          "appliesWhen": "HitWithAttack"
        }
      ]
    },
    "5Ucbeasy": ["25Laceration", 3, 40],
    "5UEdot": [0,0,0,0,0,0,100], 
    "5Eignore": [-50,"lace"],
    "10Eignore": [-100,-1,"lace"]
  },
  "melvorItA:Gloomgrowth_Potion_IV": {
    "Nmodifiers": {
      "basePrimaryProductQuantity": [
        {
          "skillID": "melvorD:Farming",
          "realmID": "melvorItA:Abyssal",
          "value": 40
        }
      ],
      "skillInterval": [
        {
          "skillID": "melvorD:Farming",
          "value": [ 50 ]
        }
      ]
    },
    "10Ubypass": [0,1,"farm"]
  },
  "melvorItA:Blighted_Touch_Potion_IV": {
    "Nmodifiers": {
      "add": {
        "effectIgnoreChance": [
          {
            "effectGroupID": "melvorItA:Blight",
            "value": 8
          }
        ]
      }
    },
    "NcombatEffects": {
      "add":[
        {
          "effectID": "melvorItA:Blight",
          "chance": 8,
          "appliesWhen": "HitWithAttack"
        }
      ]
    },
    "5Ucbeasy": [ "10Blight", 3, 20 ],
    "5Eignore": [ -50 ,"blight"] ,
    "10Eignore": [ -100, -1,"blight"]
  },
  "melvorItA:Abyssal_Miner_Potion_IV": {
    "Omodifiers": {
      "add": {
        "abyssalGemChance": 0.4
      }
    },
    "5Mmine": [0,0,0,5],
    "10Mmine": [0,0,0,0,0,1]
  },
  "melvorItA:Shadeveil_Potion_IV": {
    "Nmodifiers": {
      "add": {
        "critChance": 20
      }
    },
    "UcombatEffects": {
      "add": [
        {
          "effectID": "melvorItA:Shadeveil",
          "chance": 60,
          "initialParams": [
            {
              "name": "stacksToAdd",
              "value": 2
            }
          ],
          "appliesWhen": "CritWithAttack"
        }
      ]
    },
    "10rc": [ "melvorItA:Shadeveil" ],
    "10Ucbeasy": [ "2shade", 14, 60 ]
  },
  "melvorItA:Abyssal_Combination_Potion_IV": {
    "Nmodifiers": {
      "add": {
        "additional8PrimaryProductChance": [
          {
            "skillID": "melvorD:Runecrafting",
            "categoryID": "melvorItA:AbyssalComboRunes",
            "value": 20
          }
        ]
      }
    },
    "10Ubypass": [10]
  },
  "melvorItA:Fear_Potion_IV": {
    "Nmodifiers": {
      "add": {
        "effectIgnoreChance": [
          {
            "effectGroupID": "melvorD:Fear",
            "value": 25
          }
        ]
      }
    },
    "NcombatEffects": {
      "add": [
        {
          "effectID": "melvorD:Fear",
          "chance": 8,
          "appliesWhen": "HitWithAttack"
        }
      ]
    },
    "5rc": [ "melvorD:Fear" ],
    "5Ucbeasy": [ "1Fear", 3, 16 ],
    "5Eignore": [ -50, "fear"] ,
    "10Eignore": [ -100, -1, "fear"]
  },
  "melvorItA:Abyssal_Consumable_Potion_IV": {
    "Nmodifiers": {
      "add": {
        "flatAdditionalPrimaryProductQuantity": [
          {
            "skillID": "melvorD:Crafting",
            "categoryID": "melvorItA:AbyssalConsumables",
            "value": 12
          }
        ]
      }
    },
    "5Uskillextra": [0,0,0,6,"craf"]
  },
  "melvorItA:Withering_Potion_IV": {
    "Nmodifiers": {
      "add": {
        "effectIgnoreChance": [
          {
            "effectGroupID": "melvorItA:Wither",
            "value": 40
          }
        ]
      }
    },
    "NcombatEffects": {
      "add": [
        {
          "effectID": "melvorItA:Wither",
          "chance": 40,
          "appliesWhen": "HitWithAttack"
        }
      ]
    },
    "5rc": ["melvorItA:Wither"],
    "5Ucbeasy": ["10Wither", 2, 80, {"sa": 2}],
    "5Eignore": [ -50,"wither"] ,
    "10Eignore": [ -100,-1,"wither"]
  },
  "melvorItA:Silent_Thief_Potion_IV": {
    "Nmodifiers": {
      "add": {
        "thievingStealth": [
          {
            "realmID": "melvorItA:Abyssal",
            "value": 100
          }
        ],
        "thievingStunAvoidanceChance": [
          {
            "realmID": "melvorItA:Abyssal",
            "value": 10
          }
        ]
      }
    },
    "5Uthieving": [0,3000,"ap"],
    "10Uthieving": [0,0,0,2]
  },
  "melvorItA:Echoing_Lure_Potion_IV": {
    "Nmodifiers": {
      "add": {
        "additionalSameAreaFishChance": 20
      }
    },
    "10Ubypass": [0,1,"fish"]
  },
  "melvorItA:Silence_Potion_IV": {
    "Nmodifiers": {
      "add": {
        "effectIgnoreChance": [
          {
            "effectGroupID": "melvorItA:Silence",
            "value": 40
          }
        ]
      }
    },
    "NcombatEffects": {
      "add": [
        {
          "effectID": "melvorItA:Silence",
          "chance": 40,
          "appliesWhen": "HitWithAttack"
        }
      ]
    },
    "5rc": ["melvorItA:Silence"],
    "5Ucbeasy": ["3Silence", 2, 80],
    "5Eignore": [-50,"silence"],
    "10Eignore": [-100,-1,"silence"]
  },
  "melvorItA:Soulsnap_Potion_IV": {
    "Nmodifiers": {
      "add": {
        "doubleSoulDropChance": 20
      }
    },
    "5Udot": [0,0,0,0,100,100], 
    "5Eignore": [-50,"toxin","ablaze"],
    "10Eignore": [-100,-1,"toxin","ablaze"]
  },
  "melvorItA:Dark_Ritual_Potion_IV": {
    "Nmodifiers": {
      "add": {
        "nonShardSummoningCostReduction": [
          {
            "realmID": "melvorItA:Abyssal",
            "value": 25
          }
        ]
      }
    },
    "10summon2": [0,10]
  },
  "melvorItA:Eldritch_Curse_Potion_IV": {
    "Nmodifiers": {
      "add": {
        "effectIgnoreChance": [
          {
            "effectGroupID": "melvorItA:EldritchCurse",
            "value": 20
          }
        ]
      }
    },
    "UcombatEffects": {
      "add": [
        {
          "effectID": "melvorItA:EldritchCurse",
          "chance": 20,
          "appliesWhen": "PostAttack"
        }
      ]
    },
    "5rc": ["melvorItA:EldritchCurse"],
    "5Ucbeasy": ["3EldritchCurse", 2, 80],
    "5Eignore": [-50,"ec"],
    "10Eignore": [-100,-1,"ec"]
  },
  "melvorItA:Void_Stabilisation_Potion_IV": {
    "Nmodifiers": {
      "add": {
        "skillCostReduction": [
          {
            "realmID": "melvorItA:Abyssal",
            "skillID": "melvorD:Herblore",
            "value": 15
          }
        ],
        "flatAdditionalPrimaryProductQuantity": [
          {
            "skillID": "melvorD:Herblore",
            "realmID": "melvorItA:Abyssal",
            "value": 1
          }
        ]
      }
    },
    "10bypass": [10]
  },
  "melvorItA:Voidburst_Potion_IV": {
    "Nmodifiers": {
      "add": {
        "effectIgnoreChance": [
          {
            "effectGroupID": "melvorItA:Voidburst",
            "value": 20
          }
        ]
      }
    },
    "UcombatEffects": {
      "add": [
        {
          "effectID": "melvorItA:Voidburst",
          "chance": 20,
          "appliesWhen": "HitWithAttack"
        }
      ]
    },
    "5rc": ["melvorItA:Voidburst"],
    "5UEdot": [0,0,0,0,0,0,0,100], 
    "5Ucbeasy": ["100Voidburst", 2, 20],
    "5Eignore": [-50,"void"],
    "10Eignore": [-100,-1,"void"]
  }
}