{
  "melvorF:Melee_Accuracy_Potion":["melvorF:Melee_Accuracy_Potion_IV"],
  "melvorF:Melee_Strength_Potion":["melvorF:Melee_Strength_Potion_IV"],
  "melvorF:Melee_Evasion_Potion":["melvorF:Melee_Evasion_Potion_IV"],
  "melvorF:Ranged_Assistance_Potion":["melvorF:Ranged_Assistance_Potion_IV"],
  "melvorF:Magic_Assistance_Potion":["melvorF:Magic_Assistance_Potion_IV"],
  "melvorF:Regeneration_Potion":["melvorF:Regeneration_Potion_IV"],
  "melvorF:Damage_Reduction_Potion":["melvorF:Damage_Reduction_Potion_IV"],
  "melvorF:Bird_Nest_Potion":["melvorF:Bird_Nest_Potion_IV"],
  "melvorF:Fishermans_Potion":["melvorF:Fishermans_Potion_IV"],
  "melvorF:Controlled_Heat_Potion":["melvorF:Controlled_Heat_Potion_IV"],
  "melvorF:Generous_Cook_Potion":["melvorF:Generous_Cook_Potion_IV"],
  "melvorF:Perfect_Swing_Potion":["melvorF:Perfect_Swing_Potion_IV"],
  "melvorF:Seeing_Gold_Potion":["melvorF:Seeing_Gold_Potion_IV"],
  "melvorF:Gentle_Hands_Potion":["melvorF:Gentle_Hands_Potion_IV"],
  "melvorF:Farming_Potion":["melvorF:Farming_Potion_IV"],
  "melvorF:Fletching_Potion":["melvorF:Fletching_Potion_IV"],
  "melvorF:Crafting_Potion":["melvorF:Crafting_Potion_IV"],
  "melvorF:Elemental_Potion":["melvorF:Elemental_Potion_IV"],
  "melvorF:Herblore_Potion":["melvorF:Herblore_Potion_IV"],
  "melvorF:Magic_Damage_Potion":["melvorF:Magic_Damage_Potion_IV"],
  "melvorF:Ranged_Strength_Potion":["melvorF:Ranged_Strength_Potion_IV"],
  "melvorF:Diamond_Luck_Potion":["melvorF:Diamond_Luck_Potion_IV"],
  "melvorF:Divine_Potion":["melvorF:Divine_Potion_IV"],
  "melvorF:Lucky_Herb_Potion":["melvorF:Lucky_Herb_Potion_IV"],
  "melvorF:Performance_Enhancing_Potion":["melvorF:Performance_Enhancing_Potion_IV"],
  "melvorF:Necromancer_Potion":["melvorF:Necromancer_Potion_IV"],
  "melvorF:Hinder_Potion":["melvorF:Hinder_Potion_IV"],
  "melvorF:Famished_Potion":["melvorF:Famished_Potion_IV"],
  "melvorF:Lethal_Toxins_Potion":["melvorF:Lethal_Toxins_Potion_IV","melvorTotH:Deadly_Toxins_Potion"],
  "melvorF:Secret_Stardust_Potion":["melvorF:Secret_Stardust_Potion_IV"],
  "melvorTotH:Area_Control_Potion":["melvorTotH:Area_Control_Potion_IV"],
  "melvorTotH:Adaptive_Defence_Potion":["melvorTotH:Adaptive_Defence_Potion_IV"],
  "melvorTotH:Slayer_Bounty_Potion":["melvorTotH:Slayer_Bounty_Potion_IV"],
  "melvorTotH:Holy_Bulwark_Potion":["melvorTotH:Holy_Bulwark_Potion_IV"],
  "melvorTotH:Adaptive_Accuracy_Potion":["melvorTotH:Adaptive_Accuracy_Potion_IV"],
  "melvorTotH:Reaper_Potion":["melvorTotH:Reaper_Potion_IV"],
  "melvorTotH:Penetration_Potion":["melvorTotH:Penetration_Potion_IV"],
  "melvorTotH:Critical_Strike_Potion":["melvorTotH:Critical_Strike_Potion_IV"],
  "melvorTotH:Alchemic_Practice_Potion":["melvorTotH:Alchemic_Practice_Potion_IV"],
  "melvorTotH:Gem_Detector_Potion":["melvorTotH:Gem_Detector_Potion_IV"],
  "melvorTotH:Multicooker_Potion":["melvorTotH:Multicooker_Potion_IV"],
  "melvorTotH:Star_Seeker_Potion":["melvorTotH:Star_Seeker_Potion_IV"],
  "melvorTotH:Traps_Potion":["melvorTotH:Traps_Potion_IV"],
  "melvorTotH:Blacksmith_Potion":["melvorTotH:Blacksmith_Potion_IV"],
  "melvorTotH:Enkindled_Yields_Potion":["melvorTotH:Enkindled_Yields_Potion_IV"],
  "melvorTotH:Alt_Magic_Potion":["melvorTotH:Alt_Magic_Potion_IV"],
  "melvorAoD:Barrier_Touch_Potion":["melvorAoD:Barrier_Touch_Potion_IV"],
  "melvorAoD:Barrier_Igniter_Potion":["melvorAoD:Barrier_Igniter_Potion_IV"],
  "melvorAoD:Unholy_Potion":["melvorAoD:Unholy_Potion_IV"],
  "melvorAoD:Cursed_Potion":["melvorAoD:Cursed_Potion_IV"],
  "melvorAoD:Crystallization_Potion":["melvorAoD:Crystallization_Potion_IV"],
  "melvorAoD:Crystal_Sanction_Potion":["melvorAoD:Crystal_Sanction_Potion_IV"],
  "melvorItA:Harvesters_Potion":["melvorItA:Harvesters_Potion_IV"],
  "melvorItA:Corrupted_Fighter_Potion":["melvorItA:Corrupted_Fighter_Potion_IV"],
  "melvorItA:Piece_Finder_Potion":["melvorItA:Piece_Finder_Potion_IV"],
  "melvorItA:Laceration_Potion":["melvorItA:Laceration_Potion_IV"],
  "melvorItA:Gloomgrowth_Potion":["melvorItA:Gloomgrowth_Potion_IV"],
  "melvorItA:Blighted_Touch_Potion":["melvorItA:Blighted_Touch_Potion_IV"],
  "melvorItA:Abyssal_Miner_Potion":["melvorItA:Abyssal_Miner_Potion_IV"],
  "melvorItA:Shadeveil_Potion":["melvorItA:Shadeveil_Potion_IV"],
  "melvorItA:Abyssal_Combination_Potion":["melvorItA:Abyssal_Combination_Potion_IV"],
  "melvorItA:Fear_Potion":["melvorItA:Fear_Potion_IV"],
  "melvorItA:Abyssal_Consumable_Potion":["melvorItA:Abyssal_Consumable_Potion_IV"],
  "melvorItA:Withering_Potion":["melvorItA:Withering_Potion_IV"],
  "melvorItA:Silent_Thief_Potion":["melvorItA:Silent_Thief_Potion_IV"],
  "melvorItA:Echoing_Lure_Potion":["melvorItA:Echoing_Lure_Potion_IV"],
  "melvorItA:Silence_Potion":["melvorItA:Silence_Potion_IV"],
  "melvorItA:Soulsnap_Potion":["melvorItA:Soulsnap_Potion_IV"],
  "melvorItA:Dark_Ritual_Potion":["melvorItA:Dark_Ritual_Potion_IV"],
  "melvorItA:Eldritch_Curse_Potion":["melvorItA:Eldritch_Curse_Potion_IV"],
  "melvorItA:Void_Stabilisation_Potion":["melvorItA:Void_Stabilisation_Potion_IV"],
  "melvorItA:Voidburst_Potion":["melvorItA:Voidburst_Potion_IV"]
}