{
    "$schema": "https://melvoridle.com/assets/schema/gameData.json",
    "data": {
        "skillData": [
            {
                "skillID": "melvorD:Agility",
                "data": {
                    "pillars": [
                        {
                            "id": "BgsPillarStd",
							"realm": "melvorD:Melvor",
                            "name": "Cheat Pillar Standard",
                            "itemCosts": [],
                            "modifiers": {},
							"slot": 0
                        }
                    ],
                    "obstacles": [
                        {
                            "id": "BgsObstacle0",
							"realm": "melvorD:Melvor",
                            "name": "Cheat Obstacle 1",
                            "itemCosts": [],
                            "modifiers": {},
                            "media": "img/agility.svg",
                            "category": 0,
                            "baseInterval": 1,
                            "skillRequirements": [],
                            "baseExperience": 0,
                            "itemRewards": []
                        },
                        {
                            "id": "BgsObstacle1",
							"realm": "melvorD:Melvor",
                            "name": "Cheat Obstacle 2",
                            "itemCosts": [],
                            "modifiers": {},
                            "media": "img/agility.svg",
                            "category": 1,
                            "baseInterval": 1,
                            "skillRequirements": [],
                            "baseExperience": 0,
                            "itemRewards": []
                        },
                        {
                            "id": "BgsObstacle2",
							"realm": "melvorD:Melvor",
                            "name": "Cheat Obstacle 3",
                            "itemCosts": [],
                            "modifiers": {},
                            "media": "img/agility.svg",
                            "category": 2,
                            "baseInterval": 1,
                            "skillRequirements": [],
                            "baseExperience": 0,
                            "itemRewards": []
                        },
                        {
                            "id": "BgsObstacle3",
							"realm": "melvorD:Melvor",
                            "name": "Cheat Obstacle 4",
                            "itemCosts": [],
                            "modifiers": {},
                            "media": "img/agility.svg",
                            "category": 3,
                            "baseInterval": 1,
                            "skillRequirements": [],
                            "baseExperience": 0,
                            "itemRewards": []
                        },
                        {
                            "id": "BgsObstacle4",
							"realm": "melvorD:Melvor",
                            "name": "Cheat Obstacle 5",
                            "itemCosts": [],
                            "modifiers": {},
                            "media": "img/agility.svg",
                            "category": 4,
                            "baseInterval": 1,
                            "skillRequirements": [],
                            "baseExperience": 0,
                            "itemRewards": []
                        },
                        {
                            "id": "BgsObstacle5",
							"realm": "melvorD:Melvor",
                            "name": "Cheat Obstacle 6",
                            "itemCosts": [],
                            "modifiers": {},
                            "media": "img/agility.svg",
                            "category": 5,
                            "baseInterval": 1,
                            "skillRequirements": [],
                            "baseExperience": 0,
                            "itemRewards": []
                        },
                        {
                            "id": "BgsObstacle6",
							"realm": "melvorD:Melvor",
                            "name": "Cheat Obstacle 7",
                            "itemCosts": [],
                            "modifiers": {},
                            "media": "img/agility.svg",
                            "category": 6,
                            "baseInterval": 1,
                            "skillRequirements": [],
                            "baseExperience": 0,
                            "itemRewards": []
                        },
                        {
                            "id": "BgsObstacle7",
							"realm": "melvorD:Melvor",
                            "name": "Cheat Obstacle 8",
                            "itemCosts": [],
                            "modifiers": {},
                            "media": "img/agility.svg",
                            "category": 7,
                            "baseInterval": 1,
                            "skillRequirements": [],
                            "baseExperience": 0,
                            "itemRewards": []
                        },
                        {
                            "id": "BgsObstacle8",
							"realm": "melvorD:Melvor",
                            "name": "Cheat Obstacle 9",
                            "itemCosts": [],
                            "modifiers": {},
                            "media": "img/agility.svg",
                            "category": 8,
                            "baseInterval": 1,
                            "skillRequirements": [],
                            "baseExperience": 0,
                            "itemRewards": []
                        },
                        {
                            "id": "BgsObstacle9",
							"realm": "melvorD:Melvor",
                            "name": "Cheat Obstacle 10",
                            "itemCosts": [],
                            "modifiers": {},
                            "media": "img/agility.svg",
                            "category": 9,
                            "baseInterval": 1,
                            "skillRequirements": [],
                            "baseExperience": 0,
                            "itemRewards": []
                        }
                    ]
                }
            }
        ]
    }
}
