{
  "melvorD:Shrimp":["melvorD:Shrimp","melvorD:Shrimp_Perfect"],
  "melvorD:Sardine":["melvorD:Sardine","melvorD:Sardine_Perfect"],
  "melvorD:Herring":["melvorD:Herring","melvorD:Herring_Perfect"],
  "melvorD:Trout":["melvorD:Trout","melvorD:Trout_Perfect"],
  "melvorD:Salmon":["melvorD:Salmon","melvorD:Salmon_Perfect"],
  "melvorD:Lobster":["melvorD:Lobster","melvorD:Lobster_Perfect"],
  "melvorD:Swordfish":["melvorD:Swordfish","melvorD:Swordfish_Perfect"],
  "melvorD:Crab":["melvorD:Crab","melvorD:Crab_Perfect"],
  "melvorD:Shark":["melvorD:Shark","melvorD:Shark_Perfect"],
  "melvorD:Cave_Fish":["melvorD:Cave_Fish","melvorD:Cave_Fish_Perfect"],
  "melvorD:Manta_Ray":["melvorD:Manta_Ray","melvorD:Manta_Ray_Perfect"],
  "melvorD:Whale":["melvorD:Whale","melvorD:Whale_Perfect"],
  "melvorD:Anglerfish":["melvorD:Anglerfish","melvorD:Anglerfish_Perfect"],
  "melvorD:Fanfish":["melvorD:Fanfish","melvorD:Fanfish_Perfect"],
  "melvorD:Seahorse":["melvorD:Seahorse","melvorD:Seahorse_Perfect"],
  "melvorD:Carp":["melvorD:Carp","melvorD:Carp_Perfect"],
  "melvorD:Bread":["melvorD:Bread","melvorD:Bread_Perfect"],
  "melvorD:Beef":["melvorD:Beef","melvorD:Beef_Perfect"],
  "melvorD:Chicken":["melvorD:Chicken","melvorD:Chicken_Perfect"],
  "melvorD:Plain_Pizza_Slice":["melvorD:Plain_Pizza_Slice","melvorD:Plain_Pizza_Slice_Perfect"],
  "melvorD:Beef_Pie":["melvorD:Beef_Pie","melvorD:Beef_Pie_Perfect"],
  "melvorD:Meat_Pizza_Slice":["melvorD:Meat_Pizza_Slice","melvorD:Meat_Pizza_Slice_Perfect"],
  "melvorD:Basic_Soup":["melvorD:Basic_Soup","melvorD:Basic_Soup_Perfect"],
  "melvorD:Strawberry_Cupcake":["melvorD:Strawberry_Cupcake","melvorD:Strawberry_Cupcake_Perfect"],
  "melvorD:Hearty_Soup":["melvorD:Hearty_Soup","melvorD:Hearty_Soup_Perfect"],
  "melvorD:Cherry_Cupcake":["melvorD:Cherry_Cupcake","melvorD:Cherry_Cupcake_Perfect"],
  "melvorD:Cream_Corn_Soup":["melvorD:Cream_Corn_Soup","melvorD:Cream_Corn_Soup_Perfect"],
  "melvorD:Chicken_Soup":["melvorD:Chicken_Soup","melvorD:Chicken_Soup_Perfect"],
  "melvorD:Strawberry_Cake":["melvorD:Strawberry_Cake","melvorD:Strawberry_Cake_Perfect"],
  "melvorD:Carrot_Cake":["melvorD:Carrot_Cake","melvorD:Carrot_Cake_Perfect"],
  "melvorF:Apple_Pie":["melvorF:Apple_Pie","melvorF:Apple_Pie_Perfect"],
  "melvorF:Lemon_Cake":["melvorF:Lemon_Cake","melvorF:Lemon_Cake_Perfect"],
  "melvorTotH:Lava_Fish":["melvorTotH:Lava_Fish","melvorTotH:Lava_Fish_Perfect"],
  "melvorTotH:Blue_Crab":["melvorTotH:Blue_Crab","melvorTotH:Blue_Crab_Perfect"],
  "melvorTotH:Magma_Fish":["melvorTotH:Magma_Fish","melvorTotH:Magma_Fish_Perfect"],
  "melvorTotH:Static_Jellyfish":["melvorTotH:Static_Jellyfish","melvorTotH:Static_Jellyfish_Perfect"],
  "melvorTotH:Frost_Crab":["melvorTotH:Frost_Crab","melvorTotH:Frost_Crab_Perfect"],
  "melvorTotH:Magma_Eel":["melvorTotH:Magma_Eel","melvorTotH:Magma_Eel_Perfect"],
  "melvorTotH:Frozen_Manta_Ray":["melvorTotH:Frozen_Manta_Ray","melvorTotH:Frozen_Manta_Ray_Perfect"],
  "melvorTotH:Terrorfish":["melvorTotH:Terrorfish","melvorTotH:Terrorfish_Perfect"],
  "melvorTotH:Mystic_Shark":["melvorTotH:Mystic_Shark","melvorTotH:Mystic_Shark_Perfect"],
  "melvorTotH:Banana_Bread":["melvorTotH:Banana_Bread","melvorTotH:Banana_Bread_Perfect"],
  "melvorTotH:Mushroom_Soup":["melvorTotH:Mushroom_Soup","melvorTotH:Mushroom_Soup_Perfect"],
  "melvorTotH:Spicy_Chicken_Pizza":["melvorTotH:Spicy_Chicken_Pizza","melvorTotH:Spicy_Chicken_Pizza_Perfect"],
  "melvorTotH:Beef_Mushroom_Stew":["melvorTotH:Beef_Mushroom_Stew","melvorTotH:Beef_Mushroom_Stew_Perfect"],
  "melvorTotH:Sandwich":["melvorTotH:Sandwich","melvorTotH:Sandwich_Perfect"],
  "melvorTotH:Pumpkin_Soup":["melvorTotH:Pumpkin_Soup","melvorTotH:Pumpkin_Soup_Perfect"],
  "melvorTotH:Spicy_Shrimp_Soup":["melvorTotH:Spicy_Shrimp_Soup","melvorTotH:Spicy_Shrimp_Soup_Perfect"],
  "melvorTotH:Fancy_Meat_Pizza":["melvorTotH:Fancy_Meat_Pizza","melvorTotH:Fancy_Meat_Pizza_Perfect"],
  "melvorTotH:Chicken_Cream_Mushroom_Soup":["melvorTotH:Chicken_Cream_Mushroom_Soup","melvorTotH:Chicken_Cream_Mushroom_Soup_Perfect"],
  "melvorTotH:Chilli_Frost_Crab":["melvorTotH:Chilli_Frost_Crab","melvorTotH:Chilli_Frost_Crab_Perfect"],
  "melvorTotH:Starfruit_Cake":["melvorTotH:Starfruit_Cake","melvorTotH:Starfruit_Cake_Perfect"],
  "melvorAoD:Mackerel":["melvorAoD:Mackerel","melvorAoD:Mackerel_Perfect"],
  "melvorAoD:Halibut":["melvorAoD:Halibut","melvorAoD:Halibut_Perfect"],
  "melvorAoD:Tilapia":["melvorAoD:Tilapia","melvorAoD:Tilapia_Perfect"],
  "melvorItA:Crimson_Biter":["melvorItA:Crimson_Biter","melvorItA:Crimson_Biter_Perfect"],
  "melvorItA:Baked_Biter_Pie":["melvorItA:Baked_Biter_Pie","melvorItA:Baked_Biter_Pie_Perfect"],
  "melvorItA:Crimson_Bream":["melvorItA:Crimson_Bream","melvorItA:Crimson_Bream_Perfect"],
  "melvorItA:Crimson_Bream_Soup":["melvorItA:Crimson_Bream_Soup","melvorItA:Crimson_Bream_Soup_Perfect"],
  "melvorItA:Veilhunter":["melvorItA:Veilhunter","melvorItA:Veilhunter_Perfect"],
  "melvorItA:Abyssal_Pumpkin_Pie":["melvorItA:Abyssal_Pumpkin_Pie","melvorItA:Abyssal_Pumpkin_Pie_Perfect"],
  "melvorItA:Steamswimmer":["melvorItA:Steamswimmer","melvorItA:Steamswimmer_Perfect"],
  "melvorItA:Steamswimmer_Soup":["melvorItA:Steamswimmer_Soup","melvorItA:Steamswimmer_Soup_Perfect"],
  "melvorItA:Toxic_Crab":["melvorItA:Toxic_Crab","melvorItA:Toxic_Crab_Perfect"],
  "melvorItA:Toxic_Crab_Cream_Soup":["melvorItA:Toxic_Crab_Cream_Soup","melvorItA:Toxic_Crab_Cream_Soup_Perfect"],
  "melvorItA:Stoneskin_Pike":["melvorItA:Stoneskin_Pike","melvorItA:Stoneskin_Pike_Perfect"],
  "melvorItA:Stoneskin_Pepper":["melvorItA:Stoneskin_Pepper","melvorItA:Stoneskin_Pepper_Perfect"],
  "melvorItA:Toxic_Octopus":["melvorItA:Toxic_Octopus","melvorItA:Toxic_Octopus_Perfect"],
  "melvorItA:Toxic_Octopus_Stew":["melvorItA:Toxic_Octopus_Stew","melvorItA:Toxic_Octopus_Stew_Perfect"],
  "melvorItA:Shadenut_Cookie":["melvorItA:Shadenut_Cookie","melvorItA:Shadenut_Cookie_Perfect"],
  "melvorItA:Whisperfish":["melvorItA:Whisperfish","melvorItA:Whisperfish_Perfect"],
  "melvorItA:Whisperfish_Pizza":["melvorItA:Whisperfish_Pizza","melvorItA:Whisperfish_Pizza_Perfect"],
  "melvorItA:Murmurclaw":["melvorItA:Murmurclaw","melvorItA:Murmurclaw_Perfect"],
  "melvorItA:Murmurclaw_Cream_Soup":["melvorItA:Murmurclaw_Cream_Soup","melvorItA:Murmurclaw_Cream_Soup_Perfect"],
  "melvorItA:Depthlurker":["melvorItA:Depthlurker","melvorItA:Depthlurker_Perfect"],
  "melvorItA:Withermelon_Tart":["melvorItA:Withermelon_Tart","melvorItA:Withermelon_Tart_Perfect"],
  "melvorItA:Hushscale":["melvorItA:Hushscale","melvorItA:Hushscale_Perfect"],
  "melvorItA:Hushscale_Pepper":["melvorItA:Hushscale_Pepper","melvorItA:Hushscale_Pepper_Perfect"],
  "melvorItA:Deep_Squid":["melvorItA:Deep_Squid","melvorItA:Deep_Squid_Perfect"],
  "melvorItA:Whisperradish_Soup":["melvorItA:Whisperradish_Soup","melvorItA:Whisperradish_Soup_Perfect"],
  "melvorItA:Voidfish":["melvorItA:Voidfish","melvorItA:Voidfish_Perfect"],
  "melvorItA:Voidfish_Soup":["melvorItA:Voidfish_Soup","melvorItA:Voidfish_Soup_Perfect"],
  "melvorItA:Eldraberry_Pie":["melvorItA:Eldraberry_Pie","melvorItA:Eldraberry_Pie_Perfect"],
  "melvorItA:Void_Ray":["melvorItA:Void_Ray","melvorItA:Void_Ray_Perfect"],
  "melvorItA:Void_Ray_Cream_Stew":["melvorItA:Void_Ray_Cream_Stew","melvorItA:Void_Ray_Cream_Stew_Perfect"],
  "melvorItA:Celestial_Ray":["melvorItA:Celestial_Ray","melvorItA:Celestial_Ray_Perfect"]
}
