{
  "melvorF:GolbinThief": ["melvorF:Summoning_Familiar_Golbin_Thief"],
  "melvorF:Occultist": ["melvorF:Summoning_Familiar_Occultist"],
  "melvorF:Wolf": ["melvorF:Summoning_Familiar_Wolf"],
  "melvorF:Ent": ["melvorF:Summoning_Familiar_Ent"],
  "melvorF:Mole": ["melvorF:Summoning_Familiar_Mole"],
  "melvorF:Octopus": ["melvorF:Summoning_Familiar_Octopus"],
  "melvorF:Minotaur": ["melvorF:Summoning_Familiar_Minotaur"],
  "melvorF:Centaur": ["melvorF:Summoning_Familiar_Centaur"],
  "melvorF:Witch": [ "melvorF:Summoning_Familiar_Witch" ],
  "melvorF:Pig": ["melvorF:Summoning_Familiar_Pig"],
  "melvorF:Crow": ["melvorF:Summoning_Familiar_Crow"],
  "melvorF:Leprechaun": ["melvorF:Summoning_Familiar_Leprechaun"],
  "melvorF:Cyclops": [ "melvorF:Summoning_Familiar_Cyclops" ],
  "melvorF:Yak": [ "melvorF:Summoning_Familiar_Yak" ],
  "melvorF:Unicorn": [ "melvorF:Summoning_Familiar_Unicorn" ],
  "melvorF:Dragon": [ "melvorF:Summoning_Familiar_Dragon" ],
  "melvorF:Monkey": ["melvorF:Summoning_Familiar_Monkey"],
  "melvorF:Salamander": ["melvorF:Summoning_Familiar_Salamander"],
  "melvorF:Bear": ["melvorF:Summoning_Familiar_Bear"],
  "melvorF:Devil": ["melvorF:Summoning_Familiar_Devil"],
  "melvorTotH:Eagle": ["melvorTotH:Summoning_Familiar_Eagle"],
  "melvorTotH:Owl": ["melvorTotH:Summoning_Familiar_Owl"],
  "melvorTotH:Beaver": ["melvorTotH:Summoning_Familiar_Beaver"],
  "melvorTotH:Fox": ["melvorTotH:Summoning_Familiar_Fox"],
  "melvorTotH:LightningSpirit": ["melvorTotH:Summoning_Familiar_Lightning_Spirit"],
  "melvorTotH:Siren": ["melvorTotH:Summoning_Familiar_Siren"],
  "melvorTotH:Spider": ["melvorTotH:Summoning_Familiar_Spider"],
  "melvorTotH:Spectre": ["melvorTotH:Summoning_Familiar_Spectre"],
  "melvorAoD:Barrier": ["melvorAoD:Summoning_Familiar_Barrier"],
  "melvorItA:Imp": ["melvorItA:Summoning_Familiar_Imp"],
  "melvorItA:Golem": ["melvorItA:Summoning_Familiar_Golem"],
  "melvorItA:Abyssal_Golbin_Thief": ["melvorItA:Summoning_Familiar_Abyssal_Golbin_Thief"],
  "melvorItA:Abyssal_Ent": ["melvorItA:Summoning_Familiar_Abyssal_Ent"],
  "melvorItA:Abyssal_Occultist": ["melvorItA:Summoning_Familiar_Abyssal_Occultist"],
  "melvorItA:Abyssal_Mole": ["melvorItA:Summoning_Familiar_Abyssal_Mole"],
  "melvorItA:Abyssal_Wolf": ["melvorItA:Summoning_Familiar_Abyssal_Wolf"],
  "melvorItA:Abyssal_Octopus": ["melvorItA:Summoning_Familiar_Abyssal_Octopus"],
  "melvorItA:Abyssal_Minotaur": ["melvorItA:Summoning_Familiar_Abyssal_Minotaur"],
  "melvorItA:Abyssal_Pig": ["melvorItA:Summoning_Familiar_Abyssal_Pig"],
  "melvorItA:Abyssal_Centaur": ["melvorItA:Summoning_Familiar_Abyssal_Centaur"],
  "melvorItA:Abyssal_Crow": ["melvorItA:Summoning_Familiar_Abyssal_Crow"],
  "melvorItA:Abyssal_Witch": ["melvorItA:Summoning_Familiar_Abyssal_Witch"],
  "melvorItA:Abyssal_Leprechaun": ["melvorItA:Summoning_Familiar_Abyssal_Leprechaun"],
  "melvorItA:Abyssal_Cyclops": ["melvorItA:Summoning_Familiar_Abyssal_Cyclops"],
  "melvorItA:Abyssal_Monkey": ["melvorItA:Summoning_Familiar_Abyssal_Monkey"],
  "melvorItA:Abyssal_Yak": ["melvorItA:Summoning_Familiar_Abyssal_Yak"],
  "melvorItA:Abyssal_Salamander": ["melvorItA:Summoning_Familiar_Abyssal_Salamander"],
  "melvorItA:Abyssal_Unicorn": ["melvorItA:Summoning_Familiar_Abyssal_Unicorn"],
  "melvorItA:Abyssal_Bear": ["melvorItA:Summoning_Familiar_Abyssal_Bear"],
  "melvorItA:Abyssal_Dragon": ["melvorItA:Summoning_Familiar_Abyssal_Dragon"],
  "melvorItA:Abyssal_Devil": ["melvorItA:Summoning_Familiar_Abyssal_Devil"],
  "melvorItA:Eldritch_Eyeball": ["melvorItA:Summoning_Familiar_Eldritch_Eyeball"],
  "melvorItA:Void_Wisp": ["melvorItA:Summoning_Familiar_Eldritch_Eyeball"]
}
