{
	"Base": {
		"Omatks": [ 1, 1, 1, 1, 1 ],
		"Omstrs": [ 1, 1, 1 ],
		"Omdefs": [ 1, 1, 1 ]
	},
	"Unholy1": {
		"base": "Base",
		"10allow": [ 0, 0, 1 ],
		"10atkeffect": [ 1 ],
		"10cbeasy": [ "melvorAoD:UnholyMark", 3 ]
	},
	"Unholy2": {
		"base": "Base",
		"5allow": [ 0, 0, 1 ],
		"5atkeffect": [ 1 ],
		"5cbeasy": [ "melvorAoD:UnholyMark", 3 ],
		"10cbeasy": [ "10unholy", 3 ]
	},
	"Unholy3": {
		"base": "Base",
		"5allow": [ 0, 0, 1 ],
		"5atkeffect": [ 1 ],
		"5cbeasy": [ "10unholy", 3 ],
		"10atkeffect": [ 2 ]
	},
	"Unholy4": {
		"base": "Base",
		"5allow": [ 0, 0, 1 ],
		"5atkeffect": [ 1 ],
		"5Ucbeasy": [ "20unholy", 3 ],
		"10Uatkeffect": [ 2 ]
	},
	"Unholy5": {
		"base": "Base",
		"5Ucorrupt": [ 10, 5 ],
		"10Ucorrupt": [ 5, 10 ]
	},
	"TotHD": {
		"5slayer": [ 60 ],
		"5summon": [ 0, -5, 80 ],
		"5barrier": [ 0, 30, 50 ]
	},
	"TotHD2": {
		"5Uslayer": [ 60 ],
		"5Usummon": [ 0, -5, 80 ],
		"5Ubarrier": [ 0, 30, 50 ]
	},
	"AbyD": {
		"Uress": [ 0, 3 ],
		"5Uslayer": [ 0, 10 ],
		"5Usummon": [ 0, -5, 100 ]
	},
	"body": {
		"Uhp": [ 0, 5 ]
	},
	"legs": {
		"Mhp": [ 5 ]
	},
	"shield": {
		"Uress": [ 1 ],
		"UdmgTaken": [ -5 ]
	},
	"tier1": {
		"base": "Base",
		"1Vmodifiers": {
			"add": {
				"bankSpace": 5
			}
		},
		"4Ucurrency2": [ 0, 0, 100, "gp" ],
		"6Ucurrency2": [ 0, 0, 100, "sc" ],
		"10Ucurrency": [ 0, 50, "gp", "sc" ]
	},
	"tier2": {
		"base": "Base",
		"1Vmodifiers": {
			"add": {
				"bankSpace": 3
			}
		},
		"3Lskillbase": [ 1, 0, 1 ],
		"5Uskillextra": [ 1, 0, 2 ]
	},
	"tier3": {
		"base": "Base",
		"1Vmodifiers": {
			"add": {
				"bankSpace": 1
			}
		},
		"6Uxp": [ 0, 0, 100 ]
	},
	"melvorD:Leather_Boots": {
		"base": "tier1",
		"Uress": [1],
		"2slayer": [5]
	},
	"melvorF:Hard_Leather_Boots": {
		"base": "tier2",
		"Uress": [2],
		"2slayer": [10],
		"10u:skillAddItem": [ 100, [ "melvorF:Basic_Bag", "wood" ] ]
	},
	"melvorItA:Abyssal_Leather_Boots": {
		"base": [ "Unholy5", "AbyD" ],
		"10itemRand": [ 80,["melvorItA:Abyssal_Stardust", "astr" ] ]
	},
	"melvorF:Green_Dhide_Shield": {
		"base": [ "Unholy1", "4shield" ]
	},
	"melvorF:Green_Dhide_Shield_U": {
		"base": "melvorF:Green_Dhide_Shield"
	},
	"melvorF:Blue_Dhide_Shield": {
		"base": [ "Unholy1", "5shield" ]
	},
	"melvorF:Blue_Dhide_Shield_U": {
		"base": "melvorF:Blue_Dhide_Shield"
	},
	"melvorF:Red_Dhide_Shield": {
		"base": [ "Unholy2", "6shield" ]
	},
	"melvorF:Red_Dhide_Shield_U": {
		"base": "melvorF:Red_Dhide_Shield"
	},
	"melvorF:Black_Dhide_Shield": {
		"base": [ "Unholy2", "7shield" ]
	},
	"melvorF:Black_Dhide_Shield_U": {
		"base": "melvorF:Black_Dhide_Shield"
	},
	"melvorTotH:Elderwood_Shield": {
		"base": [ "Unholy3", "8shield", "TotHD1" ]
	},
	"melvorTotH:Elderwood_Shield_U": {
		"base": "melvorTotH:Elderwood_Shield"
	},
	"melvorTotH:Revenant_Shield": {
		"base": [ "Unholy3", "9shield", "TotHD1" ]
	},
	"melvorTotH:Revenant_Shield_U": {
		"base": "melvorTotH:Revenant_Shield"
	},
	"melvorTotH:Carrion_Shield": {
		"base": [ "Unholy4", "10shield", "TotHD2" ]
	},
	"melvorTotH:Carrion_Shield_U": {
		"base": "melvorTotH:Carrion_Shield"
	},
	"melvorF:Leather_Gloves": {
		"base": "tier1",
		"4Ucbeasy": ["Poison", 2, 10]
	},
	"melvorF:Hard_Leather_Gloves": {
		"base": "tier2",
		"5Ucbeasy": ["Sleep", 3, 15]
	},
	"melvorD:Leather_Vambraces": {
		"base": "tier2",
		"5Ucbeasy": ["Bleed200", 3, 15]
	},
	"melvorAoD:Leather_Vambraces_B": {
		"base": "melvorD:Leather_Vambraces",
		"3barrier": [ 0, 4, 5 ],
		"5summon": [0,0,5]
	},
	"melvorF:Hard_Leather_Vambraces": {
		"base": "tier3",
		"5Ucbeasy": ["Confusion", 3, 20]
	},
	"melvorAoD:Hard_Leather_Vambraces_B": {
		"base": "melvorF:Hard_Leather_Vambraces",
		"3barrier": [ 6, 10 ],
		"6summon": [0,0,10]
	},
	"melvorD:Green_Dhide_Vambraces": {
		"base": "Unholy1",
		"5Ucbeasy": ["100dp", 2, 20]
	},
	"melvorD:Green_Dhide_Vambraces_U": {
		"base": "melvorD:Green_Dhide_Vambraces"
	},
	"melvorAoD:Green_Dhide_Vambraces_B": {
		"base": "melvorD:Green_Dhide_Vambraces_U",
		"5barrier": [0,8,15],
		"5summon": [0,0,15]
	},
	"melvorD:Blue_Dhide_Vambraces": {
		"base": "Unholy1",
		"5Ucbeasy": [ "30$$3@bhit", 2, 35 ]
	},
	"melvorD:Blue_Dhide_Vambraces_U": {
		"base": "melvorD:Blue_Dhide_Vambraces"
	},
	"melvorAoD:Blue_Dhide_Vambraces_B": {
		"base": "melvorD:Blue_Dhide_Vambraces_U",
		"5barrier": [0,10,20],
		"5summon": [0,0,20]
	},
	"melvorD:Red_Dhide_Vambraces": {
		"base": "Unholy2",
		"5Ucbeasy": ["1Anguish", 2, 20, {"t": 2}]
	},
	"melvorD:Red_Dhide_Vambraces_U": {
		"base": "melvorD:Red_Dhide_Vambraces"
	},
	"melvorAoD:Red_Dhide_Vambraces_B": {
		"base": "melvorD:Red_Dhide_Vambraces_U",
		"5barrier": [0,12,25],
		"5summon": [0,0,25]
	},
	"melvorD:Black_Dhide_Vambraces": {
		"base": "Unholy2",
		"5Ucbeasy": ["2Crystallize", 2, 20]
	},
	"melvorD:Black_Dhide_Vambraces_U": {
		"base": "melvorD:Black_Dhide_Vambraces"
	},
	"melvorAoD:Black_Dhide_Vambraces_B": {
		"base": "melvorD:Black_Dhide_Vambraces_U",
		"5barrier": [0,15,30],
		"5summon": [0,0,30]
	},
	"melvorTotH:Elderwood_Vambraces": {
		"base": [ "Unholy3", "TotHD1" ],
		"5Ucbeasy": ["reign", 2, 30]
	},
	"melvorTotH:Elderwood_Vambraces_U": {
		"base": "melvorTotH:Elderwood_Vambraces"
	},
	"melvorTotH:Revenant_Vambraces": {
		"base": [ "Unholy3", "TotHD1" ],
		"5Ucbeasy": [ [ "60dhp", "60dhit$" ], 2, 30 ]
	},
	"melvorTotH:Revenant_Vambraces_U": {
		"base": "melvorTotH:Revenant_Vambraces"
	},
	"melvorTotH:Carrion_Vambraces": {
		"base": [ "Unholy4", "TotHD2" ],
		"5Ucbeasy": [["20bspd","20dspd"], 9, 100]
	},
	"melvorTotH:Carrion_Vambraces_U": {
		"base": "melvorTotH:Carrion_Vambraces"
	},
	"melvorD:Leather_Cowl": {
		"base": "tier1",
		"Uress": [1],
		"4Ucbeasy": ["100Burn", 4, 30]
	},
	"melvorF:Hard_Leather_Cowl": {
		"base": "tier2",
		"Uress": [2],
		"5Ucbeasy": ["2Silence", 4, 30]
	},
	"melvorItA:Abyssia_Coif": {
		"base": [ "Unholy5", "AbyD" ],
		"5Ucbeasy": ["100Toxin", 4, 30]
	},
	"melvorItA:Abyssia_Coif_U": {
		"base": "melvorItA:Abyssia_Coif"
	},
	"melvorItA:Brumia_Coif": {
		"base": [ "Unholy5", "2AbyD" ],
		"5Ucbeasy": ["4ec", 4, 50]
	},
	"melvorItA:Brumia_Coif_U": {
		"base": "melvorItA:Brumia_Coif"
	},
	"melvorItA:Gloomia_Coif": {
		"base": [ "Unholy5", "3AbyD" ],
		"5Ucbeasy": ["10Blight", 4, 30]
	},
	"melvorItA:Gloomia_Coif_U": {
		"base": "melvorItA:Gloomia_Coif"
	},
	"melvorItA:Withia_Coif": {
		"base": [ "Unholy5", "4AbyD" ],
		"5Ucbeasy": ["12Wither", 4, 50]
	},
	"melvorItA:Withia_Coif_U": {
		"base": "melvorItA:Withia_Coif"
	},
	"melvorItA:Nethia_Coif": {
		"base": [ "Unholy5", "5AbyD" ],
		"5Ucbeasy": ["100void", 4, 30]
	},
	"melvorItA:Nethia_Coif_U": {
		"base": "melvorItA:Nethia_Coif"
	},
	"melvorF:Leather_Body": {
		"base": ["tier1", "body"],
		"Uress": [1],
		"2slayer": [ 5 ]
	},
	"melvorAoD:Leather_Body_B": {
		"base": "melvorF:Leather_Body",
		"barrier": [0,2]
	},
	"melvorF:Hard_Leather_Body": {
		"base": ["tier2", "2body"],
		"Uress": [2],
		"3slayer": [ 10 ],
		"10itemRand": [
			[ 100, [ "melvorF:Stardust", "astr" ] ],
			[ 80, [ "melvorF:Golden_Stardust", "astr" ] ]
		]
	},
	"melvorAoD:Hard_Leather_Body_B": {
		"base": "melvorF:Hard_Leather_Body",
		"3barrier": [ 0, 4, 5 ],
		"5summon": [0,0,5]
	},
	"melvorD:Green_Dhide_Body": {
		"base": [ "Unholy1", "4body" ],
		"Uress": [4],
		"5slayer": [ 10 ]
	},
	"melvorD:Green_Dhide_Body_U": {
		"base": "melvorD:Green_Dhide_Body"
	},
	"melvorAoD:Green_Dhide_Body_B": {
		"base": "melvorD:Green_Dhide_Body_U",
		"5barrier": [0,8,15],
		"5summon": [0,0,15]
	},
	"melvorD:Blue_Dhide_Body": {
		"base": [ "Unholy1", "5body" ],
		"Uress": [5],
		"5slayer": [ 20 ]
	},
	"melvorD:Blue_Dhide_Body_U": {
		"base": "melvorD:Blue_Dhide_Body"
	},
	"melvorAoD:Blue_Dhide_Body_B": {
		"base": "melvorD:Blue_Dhide_Body_U",
		"5barrier": [0,10,20],
		"5summon": [0,0,20]
	},
	"melvorD:Red_Dhide_Body": {
		"base": [ "Unholy2", "6body" ],
		"Uress": [6],
		"5slayer": [ 30 ]
	},
	"melvorD:Red_Dhide_Body_U": {
		"base": "melvorD:Red_Dhide_Body"
	},
	"melvorAoD:Red_Dhide_Body_B": {
		"base": "melvorD:Red_Dhide_Body_U",
		"5barrier": [0,12,25],
		"5summon": [0,0,25]
	},
	"melvorD:Black_Dhide_Body": {
		"base": [ "Unholy2", "7body" ],
		"Uress": [7],
		"5slayer": [ 40 ]
	},
	"melvorD:Black_Dhide_Body_U": {
		"base": "melvorD:Black_Dhide_Body"
	},
	"melvorAoD:Black_Dhide_Body_B": {
		"base": "melvorD:Black_Dhide_Body_U",
		"5barrier": [0,15,30],
		"5summon": [0,0,30]
	},
	"melvorAoD:Unholy_Body": {
		"base": [ "Base", "7body" ],
		"Uress": [7],
		"5Uatkeffect": [3],
		"5Ucbeasy": [ "20unholy", 3 ],
		"5slayer": [ 40 ]
	},
	"melvorAoD:Cursed_Body": {
		"base": "melvorAoD:Unholy_Body",
		"5Ubarrier": [ 0, 25, 35 ],
		"5Usummon": [ 0, -10, 35 ],
		"5atkeffect": [ 0, 0, 50 ],
		"10atkeffect": [ 0, 0, 100 ]
	},
	"melvorTotH:Elderwood_Body": {
		"base": ["Unholy3","8body", "TotHD1"],
		"Uress": [8]
	},
	"melvorTotH:Elderwood_Body_U": {
		"base": "melvorTotH:Elderwood_Body"
	},
	"melvorTotH:Revenant_Body": {
		"base": ["Unholy3","9body","TotHD1"],
		"Uress": [9]
	},
	"melvorTotH:Revenant_Body_U": {
		"base": "melvorTotH:Revenant_Body"
	},
	"melvorTotH:Carrion_Body": {
		"base": ["Unholy4","10body","TotHD2"],
		"Uress": [10]
	},
	"melvorTotH:Carrion_Body_U": {
		"base": "melvorTotH:Carrion_Body"
	},
	"melvorItA:Abyssal_Leather_Body": {
		"base": ["Unholy5","11body","AbyD"]
	},
	"melvorItA:Abyssia_Body": {
		"base": ["Unholy5","11body","AbyD"]
	},
	"melvorItA:Abyssia_Body_U": {
		"base": "melvorItA:Abyssia_Body"
	},
	"melvorItA:Brumia_Body": {
		"base": ["Unholy5","12body","2AbyD"]
	},
	"melvorItA:Brumia_Body_U": {
		"base": "melvorItA:Brumia_Body"
	},
	"melvorItA:Gloomia_Body": {
		"base": ["Unholy5","13body","3AbyD"]
	},
	"melvorItA:Gloomia_Body_U": {
		"base": "melvorItA:Gloomia_Body"
	},
	"melvorItA:Withia_Body": {
		"base": ["Unholy5","14body","4AbyD"]
	},
	"melvorItA:Withia_Body_U": {
		"base": "melvorItA:Withia_Body"
	},
	"melvorItA:Nethia_Body": {
		"base": ["Unholy5","15body","5AbyD"]
	},
	"melvorItA:Nethia_Body_U": {
		"base": "melvorItA:Nethia_Body"
	},
	"melvorD:Leather_Chaps": {
		"base": [ "tier1", "legs" ],
		"Uress": [1],
		"2slayer": [ 5 ]
	},
	"melvorD:Leather_Chaps_B": {
		"base": "melvorD:Leather_Chaps",
		"barrier": [0,2]
	},
	"melvorF:Hard_Leather_Chaps": {
		"base": [ "tier2", "2legs"],
		"Uress": [2],
		"3slayer": [ 10 ]
	},
	"melvorF:Hard_Leather_Chaps_B": {
		"base": "melvorF:Hard_Leather_Chaps",
		"3barrier": [ 0, 4, 5 ],
		"5summon": [0,0,5]
	},
	"melvorD:Green_Dhide_Chaps": {
		"base": [ "Unholy1", "4legs" ],
		"Uress": [4],
		"5slayer": [ 10 ]
	},
	"melvorD:Green_Dhide_Chaps_U": {
		"base": "melvorD:Green_Dhide_Chaps"
	},
	"melvorD:Green_Dhide_Chaps_B": {
		"base": "melvorD:Green_Dhide_Chaps_U",
		"5barrier": [0,8,15],
		"5summon": [0,0,15]
	},
	"melvorD:Blue_Dhide_Chaps": {
		"base": [ "Unholy1", "5legs" ],
		"Uress": [5],
		"5slayer": [ 20 ]
	},
	"melvorD:Blue_Dhide_Chaps_U": {
		"base": "melvorD:Blue_Dhide_Chaps"
	},
	"melvorD:Blue_Dhide_Chaps_B": {
		"base": "melvorD:Blue_Dhide_Chaps_U",
		"5barrier": [0,10,20],
		"5summon": [0,0,20]
	},
	"melvorD:Red_Dhide_Chaps": {
		"base": [ "Unholy2", "6legs" ],
		"Uress": [6],
		"5slayer": [ 30 ]
	},
	"melvorD:Red_Dhide_Chaps_U": {
		"base": "melvorD:Red_Dhide_Chaps"
	},
	"melvorD:Red_Dhide_Chaps_B": {
		"base": "melvorD:Red_Dhide_Chaps_U",
		"5barrier": [0,12,25],
		"5summon": [0,0,25]
	},
	"melvorD:Black_Dhide_Chaps": {
		"base": [ "Unholy2", "7legs" ],
		"Uress": [7],
		"5slayer": [ 40 ]
	},
	"melvorD:Black_Dhide_Chaps_U": {
		"base": "melvorD:Black_Dhide_Chaps"
	},
	"melvorD:Black_Dhide_Chaps_B": {
		"base": "melvorD:Black_Dhide_Chaps_U",
		"5barrier": [0,15,30],
		"5summon": [0,0,30]
	},
	"melvorTotH:Elderwood_Chaps": {
		"base": [ "Unholy3", "8legs","TotHD1" ],
		"Uress": [8]
	},
	"melvorTotH:Elderwood_Chaps_U": {
		"base": "melvorTotH:Elderwood_Chaps"
	},
	"melvorTotH:Revenant_Chaps": {
		"base": [ "Unholy3", "9legs","TotHD1" ],
		"Uress": [9]
	},
	"melvorTotH:Revenant_Chaps_U": {
		"base": "melvorTotH:Revenant_Chaps"
	},
	"melvorTotH:Carrion_Chaps": {
		"base": [ "Unholy4", "10legs","TotHD2" ],
		"Uress": [10]
	},
	"melvorTotH:Carrion_Chaps_U": {
		"base": "melvorTotH:Carrion_Chaps"
	},
	"melvorItA:Abyssal_Leather_Legs": {
		"base": [ "Unholy5", "AbyD" ],
		"eva": [10],
		"10u:itemRand": [ 0, 8,["melvorItA:Abyssal_Stardust", "astr" ] ]
	},
	"melvorItA:Abyssia_Legs": {
		"base": [ "Unholy5", "AbyD" ],
		"Ueva": [10]
	},
	"melvorItA:Abyssia_Legs_U": {
		"base": "melvorItA:Abyssia_Legs"
	},
	"melvorItA:Brumia_Legs": {
		"base": [ "Unholy5", "2AbyD" ],
		"Ueva": [20]
	},
	"melvorItA:Brumia_Legs_U": {
		"base": "melvorItA:Brumia_Legs"
	},
	"melvorItA:Gloomia_Legs": {
		"base": [ "Unholy5", "3AbyD" ],
		"Ueva": [30]
	},
	"melvorItA:Gloomia_Legs_U": {
		"base": "melvorItA:Gloomia_Legs"
	},
	"melvorItA:Withia_Legs": {
		"base": [ "Unholy5", "4AbyD" ],
		"Ueva": [40]
	},
	"melvorItA:Withia_Legs_U": {
		"base": "melvorItA:Withia_Legs"
	},
	"melvorItA:Nethia_Legs": {
		"base": [ "Unholy5", "5AbyD" ],
		"Ueva": [50]
	},
	"melvorItA:Nethia_Legs_U": {
		"base": "melvorItA:Nethia_Legs"
	},
	"BaseRing1": {
		"base": "Base",
		"Uatks": [ 20, 20, 20, 20, 20 ],
		"Ustrs": [ 20, 20, 10 ],
		"Udefs": [  20, 20, 20 ],
		"Uress": [5],
		"Usums": [ 5 ],
		"10Ucbeasy": ["3Nulled", 2, 20]
	},
	"melvorF:Silver_Topaz_Ring": {
		"base": "BaseRing1",
		"1Vmodifiers": {
			"add": {
				"bankSpace": 10
			}
		},
		"5modifiers": {
			"add": {
				"autoSlayerUnlocked": 1
			}
		},
		"5Ucbeasy": [ [ "100$25$3bacc", "100$25$3beva$" ], 3, 30 ],
		"10skillAddItem": [ 0, 0.1, [ "melvorF:Bank_Slot_Token", "fire" ] ]
	},
	"melvorF:Silver_Sapphire_Ring": {
		"base": "BaseRing1",
		"Natks": [0,0,12],
		"Nstrs": [ 6 ],
		"Ndefs": [6],
		"5Uslayer": [30,30,30],
		"5Uregen": [ -1000 ],
		"5Ucbeasy": [ "Frostburn", 2, 30 ],
		"5modifiers": {
			"add": {
				"autoSlayerUnlocked": 1
			}
		},
		"10Uacc2": [0,0,5,5,5]
	},
	"melvorF:Silver_Ruby_Ring": {
		"base": "BaseRing1",
		"5UstrBonus": [ 10, 10, 10 ],
		"5Ucbeasy": [ "100Bleed", 3, 30 ],
		"5modifiers": {
			"add": {
				"autoSlayerUnlocked": 1
			}
		},
		"10Udmg": [0,0,0,0,100]
	},
	"melvorF:Silver_Emerald_Ring": {
		"base": "BaseRing1",
		"Natks": [0,0,0,6],
		"Nstrs": [ 0, 6 ],
		"Uhidden": [ 10, "ran" ],
		"5UstrBonus": [ 0, 0, 0, 0, 2 ],
		"5Umodifiers": {
			"add": {
				"autoSlayerUnlocked": 1
			}
		},
		"5Ucbeasy": [ "100Poison", 3, 15, { "i": [500, 0, -50, 25] } ]
	},
	"melvorF:Silver_Diamond_Ring": {
		"base": "BaseRing1",
		"UdmgTaken": [-10],
		"5Ucbeasy": [["50$1bres","100$1bhp$","50$1btaken"],1,30]
	},
	"melvorD:Gold_Topaz_Ring": {
		"base": "BaseRing1",
		"Ncurrency2": [0,0,0,15,"gp"],
		"1Vmodifiers": {
			"add": {
				"bankSpace": 10
			}
		},
		"5Ucbeasy": [ "Stun", 2, 10 ],
		"5Ucurrency3": [ [ 0, 0, 100, "gp" ], [ 0, 0, 50, "sc" ] ],
		"10Ucurrency4": [ 0, 0, 100, "gp", "sc" ]
	},
	"melvorF:Gold_Sapphire_Ring": {
		"base": "BaseRing1",
		"Ureflect": [ 3 ],
		"Uregen": [0,0,0,2],
		"5regen": [-3000],
		"5Ureflect": [0,10],
		"5Ucbeasy": [ [ "50dhp", "50dhit$" ], 6, 50 ],
		"10regen2": [20],
		"10Ureflect": [0,0,0,20]
	},
	"melvorF:Gold_Ruby_Ring": {
		"base": "BaseRing1",
		"Uregen": [ -3000, 0, 5 ],
		"5Uregen2": [ 0, 10, 10, 10 ],
		"5Ucbeasy": ["100Burn", 2, 20, {"i": [500,0,-100,25]}],
		"10Uregen3": [0,10] 
	},
	"melvorF:Gold_Emerald_Ring": {
		"base": "BaseRing1",
		"Uloot": [20, -1000],
		"5Uhidden": [5,"atk","str","def","ran","mag"],
		"5Ucbeasy": ["100dp", 2, 25, {"i": [500,0,-100,25]}],
		"5allow": [ 0, 1, 0, 0, 1 ],
		"10food": [5, 5]
	},
	"melvorF:Gold_Diamond_Ring": {
		"base": "BaseRing1",
		"UprayerGetCombat": [ 3 ],
		"1Uacc": [ 15 ],
		"5Ucbeasy": [ [ "2Weakening","2Anguish","2Decay" ], 2, 25, { "t": 3 } ]
	},
	"melvorF:Ring_Of_Blade_Echoes": {
		"base": "BaseRing1",
		"5OuniqueAttack": { "id": "BladeEchoes" },
		"5Ucbeasy": ["30$10$3bspd", 8, 20],
		"10Ucbeasy": ["100bhit","100bhp$", 2, 25]
	},
	"melvorF:Ring_Of_Barrage": {
		"base": "BaseRing1",
		"5OuniqueAttack": { "id": "BarragePlayer" },
		"5Ucbeasy": [ "100Poison", 2, 20 ],
		"10Ucbeasy": [ [ "100$5deva" ], 3, 50 ]
	},
	"melvorF:Ring_Of_Spirit_Power": {
		"base": "BaseRing1",
		"5OuniqueAttack": { "id": "SpiritPower" },
		"5Ucbeasy": ["50dhit", 2, 50],
		"10Ucbeasy": [ "Frostburn", 2, 20 ]
	},
	"BaseRing2": {
		"base": "Base",
		"Uatks": [ 30, 30, 30, 30, 30 ],
		"Ustrs": [ 25, 25, 12 ],
		"Udefs": [ 30, 30, 30 ],
		"Uress": [6],
		"Usums": [ 10 ],
		"5Ucbeasy": ["3Nulled", 2, 30]
	},
	"melvorTotH:Iridium_Onyx_Ring": {
		"base": "BaseRing2",
		"1acc2": [ 0, 0, [ 1, 1, 2 ] ],
		"1strBonus" : [ 0, 0, 0, [1,1,2] ],
		"5Ucbeasy": ["3Madness", 1, 20, {"t": 3}],
		"10Uhidden": [10, "atk"]
	},
	"melvorTotH:Palladium_Onyx_Ring": {
		"base": "BaseRing2",
		"5Ucbeasy": [ [ "50bres", "50bhit$", "50bspd$", "100$55bacc$"], 2, 25 ],
		"10Ucbeasy": ["100dp", 3, 30]
	},
	"melvorTotH:Iridium_Oricha_Ring": {
		"base": "BaseRing2",
		"1acc2": [ 0, 0, 0, [ 1, 1, 2 ] ],
		"1strBonus" : [ 0, 0, 0, 0, [1,1,2] ],
		"5Ucbeasy": ["3Despair", 1, 20, {"t": 3}],
		"10Uhidden": [10, "str"]
	},
	"melvorTotH:Palladium_Oricha_Ring": {
		"base": "BaseRing2",
		"5Ucbeasy": [ [ "100$5beva", "100bhp$", "50bcrit$", "100$2bcritm$"], 2, 25 ],
		"10Ucbeasy": ["melvorTotH:DejaVu0", 3, 50, {"t": 3}]
	},
	"melvorTotH:Iridium_Cerulean_Ring": {
		"base": "BaseRing2",
		"Uregen": [-2000],
		"5Ucbeasy": [ [ "50bhp", "100$2beva$"], 2, 25 ],
		"5food": [10],
		"5Uregen": [0,20],
		"10Ucbeasy": [ [ "100Burn","100Poison", "100Bleed400" ], 3, 25, { "i": [500,0,-50, 50] } ]
	},
	"melvorTotH:Palladium_Cerulean_Ring": {
		"base": "BaseRing2",
		"5Ucbeasy": [ [ "3Torment","3Madness","3Despair" ], 1, 25, { "t": 3 } ],
		"10UstrBonus": [10, 10, 10]
	},
	"melvorTotH:Iridium_Runestone_Ring": {
		"base": "BaseRing2",
		"1acc2": [ 0, 0, 0, 0, [ 1, 1, 2 ] ],
		"5Ucbeasy": ["3Torment", 1, 25, {"t": 3}],
		"10Uhidden": [10, "def"]
	},
	"melvorTotH:Palladium_Runestone_Ring": {
		"base": "BaseRing2",
		"5Ucbeasy": [ [ "50dspd", "50dhit$", "100dacc$", "50ddmg$"], 2, 25 ],
		"10cbeasy": ["melvorD:EndOfTurnCurrentHealing", 7, 100, {"x": 1,"p": 100 }]
	},
	"melvorTotH:Iridium_Zephyte_Ring": {
		"base": "BaseRing2",
		"5Ucbeasy": [ [ "50$1dhp", "50$1deva$", "50$1dtaken$", "50$1dres$"], 2, 25 ],
		"10U:cbeasy": ["5Confusion", 1, 50, {"t": 4 }]
	},
	"melvorTotH:Palladium_Zephyte_Ring": {
		"base": "BaseRing2",
		"5Ucbeasy": [ [ "100$5bacc", "50$1bhit$", "50$1bspd$", "100$1bcritm$"], 2, 25 ],
		"10U:cbeasy": ["5Petrified", 1, 50, {"t": 4 }]
	},
	"melvorTotH:Meteorite_Warrior_Ring": {
		"base": "BaseRing2",
		"Natks":[15,15,15],
		"Nstrs":[10],
		"5Uhidden": [ 10, "str" ],
		"5Ucbeasy": ["100Bleed400", 3, 50],
		"10strBonus": [10]
	},
	"melvorTotH:Meteorite_Marksman_Ring": {
		"base": "BaseRing2",
		"Natks":[0,0,0,15],
		"Nstrs":[0,10],
		"5Uhidden": [ 10, "ran" ],
		"5Ucbeasy": ["100dp", 3, 50],
		"10strBonus": [0, 10]
	},
	"melvorTotH:Meteorite_Spellcaster_Ring": {
		"base": "BaseRing2",
		"Natks":[0,0,0,0,15],
		"Nstrs":[0,0,8],
		"5Uhidden": [ 10, "mag" ],
		"5Ucbeasy": [ [ "100Burn", "10$2Frostburn"], 3, 50 ],
		"10strBonus": [0, 0, 10]
	},
	"melvorAoD:Unholy_Ring": {
		"base": "BaseRing2",
		"5U:cbeasy": [ [ "3Fatigue","3Petrified" ], 1, 50, { "t": 3 } ],
		"5Uatkeffect": [3],
		"5Ucbeasy": [ "20unholy", 3 ],
		"10atkeffect": [0,0,50]
	},
	"melvorAoD:Cursed_Ring": {
		"base": "melvorAoD:Unholy_Ring",
		"5Ucbeasy": [ [ "10Malice","10Consume","10Eradicate", "10Destruction" ], 1, 30 ],
		"5barrier": [ 0, 25, 35 ],
		"5summon": [0,0,35],
		"10atkeffect": [0,0,100]
	},
	"melvorAoD:Ring_of_Barrier_Touch": {
		"base": "BaseRing2",
		"Usums": [ 10, 10, 10, 10 ],
		"Ubarrier": [ 0, 10, 20 ],
		"Usummon": [0,-10,20],
		"5Ucbeasy": [ [ "100BarrierBleed","100BarrierBurn","100Burn","100Poison" ], 11, 50 ],
		"10U:cbeasy": [ [ "5Crystallize","5CrystalSanction" ], 11, 30 ]
	},
	"BaseRing3": {
		"base": "Base",
		"Uatks": [ 100, 100, 100, 100, 100 ],
		"Ustrs": [ 100, 100, 40 ],
		"Udefs": [ 70, 70, 70 ],
		"Uress": [0, 5],
		"Nsums": [ 0, 20 ],
		"Ucorrupt": [0,0,0,50],
		"5corrupt": [ 50, 50, 50 ],
		"5Ucbeasy": ["3Nulled", 2, 50]
	},
	"melvorItA:Azurian_Nightopal_Ring_I": {
		"base": "BaseRing3",
		"Natks": [ 50, 50, 50 ],
		"Nstrs": [50],
		"5Ucbeasy": [ "10Blight", 1, 15 ],
		"10Ucbeasy": [["100$10beva","100$10bacc$","100$5bcritm$"], 3, 25]
	},
	"melvorItA:Azurian_Nightopal_Ring_II": {
		"base": "BaseRing3",
		"Natks": [ 100, 100, 100 ],
		"Nstrs": [100],
		"5Ucbeasy": [ "20Blight", 1, 20 ],
		"10Ucbeasy": [["100$5bhp","100$5bhit$","100$5bcritm$"], 3, 25]
	},
	"melvorItA:Azurian_Shadowpearl_Ring_I": {
		"base": "BaseRing3",
		"Natks": [ 0, 0, 50, 50 ],
		"Nstrs": [0,50],
		"5Ucbeasy": [ "3Fear", 1, 20, { "t": 5 } ],
		"10Ucbeasy": [["100$10beva","100$10bacc$","100$5bcritm$"], 3, 25]
	},
	"melvorItA:Azurian_Shadowpearl_Ring_II": {
		"base": "BaseRing3",
		"Natks": [ 0, 0, 100, 100 ],
		"Nstrs": [0,100],
		"5Ucbeasy": [ "6Fear", 1, 30, { "t": 5 } ],
		"10Ucbeasy": [["100$5bhp","100$5bhit$","100$5bcritm$"], 3, 25]
	},
	"melvorItA:Azurian_Moonstone_Ring_I": {
		"base": "BaseRing3",
		"Natks": [ 0, 0, 50, 0, 50 ],
		"Nstrs": [0,0,20],
		"5Ucbeasy": [ "10Wither", 1, 20, { "sa": 1 } ],
		"10Ucbeasy": [["100$10beva","100$10bacc$","100$5bcritm$"], 3, 25]
	},
	"melvorItA:Azurian_Moonstone_Ring_II": {
		"base": "BaseRing3",
		"Natks": [ 0, 0, 100, 0, 100 ],
		"Nstrs": [0,0,40],
		"5Ucbeasy": [ "20Wither", 1, 30, { "sa": 2 } ],
		"10Ucbeasy": [["100$5bhp","100$5bhit$","100$5bcritm$"], 3, 25]
	},
	"melvorItA:Azurian_Voidheart_Ring_I": {
		"base": "BaseRing3",
		"Ueva": [25],
		"10Ueva2": [10],
		"5Ucbeasy": [ ["Burn", "Poison", "Toxin", "BarrierBurn" ], 13, 15 ],
		"10Ucbeasy": [ ["dp", "Ablaze", "Laceration", "Voidburst" ], 13, 15 ]
	},
	"melvorItA:Azurian_Voidheart_Ring_II": {
		"base": "BaseRing3",
		"u:eva": [50],
		"10u:eva2": [20],
		"5Ucbeasy": [ [ "100Burn", "100Poison", "100Toxin", "100BarrierBurn" ], 13, 25 ],
		"10Ucbeasy": [ ["100dp", "100Ablaze", "25Laceration", "100Voidburst" ], 13, 15 ]
	},
	"melvorItA:Abyss_Ring": {
		"base": "melvorItA:Azurian_Voidheart_Ring_I"
	},
	"melvorItA:Powerful_Abyss_Ring": {
		"base": "melvorItA:Abyss_Ring"
	},
	"melvorItA:Eldritch_Abyss_Ring": {
		"base": "melvorItA:Powerful_Abyss_Ring"
	},
	"melvorItA:Obsidian_Nightopal_Ring_I": {
		"base": "BaseRing3",
		"5Ucbeasy": [ [ "100Bleed400", "100$2dacc", "100$2deva$", "50$1dres$", "50$1dhit$" ], 3, 25 ],
		"10Ucbeasy": ["25Laceration",3,25,{"sp": 2}]
	},
	"melvorItA:Obsidian_Shadowpearl_Ring_I": {
		"base": "BaseRing3",
		"5Ucbeasy": [ [ "100dp", "100$2dacc", "100$2deva$", "50$1dres$", "50$1dhit$" ], 2, 20 ],
		"10Ucbeasy": [ "100Toxin", 3, 30 ]
	},
	"melvorItA:Obsidian_Moonstone_Ring_I": {
		"base": "BaseRing3",
		"5Ucbeasy": [ [ "100burn", "100$2dacc", "100$2deva$", "50$1dres$", "50$1dhit$" ], 1, 30 ],
		"10Ucbeasy": ["100Voidburst",3,25]
	},
	"melvorItA:Obsidian_Voidheart_Ring_I": {
		"base": "BaseRing3",
		"Ucritical": [1,5],
		"5Ucbeasy": [ ["Burn", "Poison", "Toxin", "BarrierBurn" ], 14, 15 ],
		"10rc": ["melvorItA:ObsidianVoidheartRingI"],
		"10Ucbeasys": [
			[ [ "DeadlyPoison", "Ablaze", "Laceration", "Voidburst" ], 14, 25 ],
			[ "BGSCheat:ObsidianVoidheartRingI", 6, 0, {"sa": 5}, 0, "CUSTOM_APPLICATOR_ObsidianVoidheartRingI"],
			[ "BGSCheat:ObsidianVoidheartRingI$", 3]
		]
	},
	"melvorItA:Obsidian_Nightopal_Ring_II": {
		"base": "BaseRing3",
		"5Ucbeasy": [ [ "200Bleed400", "50$2dtaken", "50$2dspd$", "50$2dhp$", "50$2ddmg$" ], 3, 25 ],
		"10Ucbeasy": ["50Laceration",3,30,{"sp": 3}]
	},
	"melvorItA:Obsidian_Shadowpearl_Ring_II": {
		"base": "BaseRing3",
		"5Ucbeasy": [ [ "200dp", "50$2dtaken", "50$2dspd$", "50$2dhp$", "50$2ddmg$" ], 2, 20 ],
		"10Ucbeasy": ["200Toxin",3,30]
	},
	"melvorItA:Obsidian_Moonstone_Ring_II": {
		"base": "BaseRing3",
		"5Ucbeasys": [ [ "200Burn", 3, 20 ], [["50$2dtaken","50$2dspd$","50$2dhp$","50$2ddmg$"], 1, 30] ],
		"10Ucbeasy": ["200Voidburst",3,25]
	},
	"melvorItA:Obsidian_Voidheart_Ring_II": {
		"base": "BaseRing3",
		"Ucritical": [2,10],
		"5Ucbeasy": [ ["100Burn", "100Poison", "100Toxin", "100BarrierBurn" ], 14, 20 ],
		"10rc": ["melvorItA:ObsidianVoidheartRingII"],
		"10Ucbeasys": [
			[ [ "100dp", "100Ablaze", "25$$2lace", "100void" ], 14, 20 ],
			[ "BGSCheat:ObsidianVoidheartRingII", 6, 0, {"sa": 5}, 0, "CUSTOM_APPLICATOR_ObsidianVoidheartRingII"],
			[ "BGSCheat:ObsidianVoidheartRingII$", 3]
		]
	},
	"BaseRing4": {
		"base": "BaseRing3",
		"Uatks": [ 100, 100, 100, 100, 100 ],
		"Ustrs": [ 1350, 2750, 170 ],
		"Udefs": [ 100, 100, 100 ]
	},
	"melvorItA:Obzurian_Melee_Breaker_Ring": {
		"base": "BaseRing4",
		"5Ucbeasy": [ "5Silence", 1, 50 ],
		"10cbeasy": [ [ "100deva", "100dhp$", "100dtaken$", "100bacc", "100bhit$", "100bcrit$", "100bcritm$", "100bdmg$", "100bspd$" ], 1, 100 ]
	},
	"melvorItA:Obzurian_Ranged_Impactor_Ring": {
		"base": "BaseRing4",
		"5Ucbeasy": [ "5EldritchCurse", 1, 50 ],
		"10cbeasy": [ [ "100deva", "100dhp$", "100dtaken$", "100bacc", "100bhit$", "100bcrit$", "100bcritm$", "100bdmg$", "100bspd$" ], 1, 100 ]
	},
	"melvorItA:Obzurian_Magic_Debilitator_Ring": {
		"base": "BaseRing4",
		"5Ucbeasy": [ "5Fear", 1, 50, { "t": 5 } ],
		"10cbeasy": [ [ "100deva", "100dhp$", "100dtaken$", "100bacc", "100bhit$", "100bcrit$", "100bcritm$", "100bdmg$", "100bspd$" ], 1, 100 ]
	},
	"melvorItA:Obzurian_Unnatural_Vitality_Ring": {
		"base": "BaseRing4",
		"5rc": ["melvorItA:ObzurianUnnaturalVitalityRing"],
		"5cbeasy": ["BGSCheat:ObzurianUnnaturalVitalityRing",7,100,0,0,"CUSTOM_APPLICATOR_END_OF_TURN_MAX_HEALING"],
		"5Ucbeasy": [ ["100Burn", "100Poison", "100Toxin", "100Bleed1600" ], 3, 20 ],
		"10Ucbeasy": [ [ "100dp", "100Ablaze", "25$2lace", "100void" ], 3, 25 ],
		"10cbeasy": [ [ "100deva", "100dhp$", "100dtaken$", "100bacc", "100bhit$", "100bcrit$", "100bcritm$", "100bdmg$", "100bspd$" ], 1, 100 ]
	},
	"BaseAmulet1": {
		"base": "Base",
		"Uatks": [ 30, 30, 30, 45, 27 ],
		"Ustrs": [ 30, 15, 5 ],
		"Udefs": [ 22, 22, 27 ],
		"Uress": [5],
		"Usums": [5],
		"10Ucbeasy": ["3Cleansed", 2, 20]
	},
	"melvorF:Silver_Topaz_Necklace": {
		"base": "BaseAmulet1",
		"Uhidden": [12, "atk"],
		"1Vmodifiers": {
			"add": {
				"bankSpace": 10
			}
		},
		"5allow": [0,0,0,1],
		"5Ucbeasy": [ [ "50$$3@dacc", "50$$3@deva$" ], 4, 35 ],
		"10Uregen3": [5],
		"10skillAddItem": [ 0, 0.1, ["melvorF:Bank_Slot_Token", "melvorAoD:Archaeology" ]]
	},
	"melvorF:Silver_Sapphire_Necklace": {
		"base": "BaseAmulet1",
		"5cbeasy": [ [ "30bfspd", "30dfspd" ], 2, 100 ]
	},
	"melvorF:Silver_Ruby_Necklace": {
		"base": "BaseAmulet1",
		"5Ucbeasy": [ [ "25$$5@bres", "25$$5@btaken$" ], 2, 25 ],
		"10Ucbeasy": ["Stun",4,25]
	},
	"melvorF:Silver_Emerald_Necklace": {
		"base": "BaseAmulet1",
		"5Ucbeasy": [ [ "35$$5@dhit", "35$$5@ddmg$" ], 6, 100 ],
		"10Ucbeasy": ["2Weakening", 4, 100, {"t": 2}]
	},
	"melvorF:Silver_Diamond_Necklace": {
		"base": "BaseAmulet1",
		"5Ucbeasy": [ "50bhp", 1, 50 ],
		"10Ucbeasy": ["Freeze", 6, 25]
	},
	"melvorF:Gold_Topaz_Necklace": {
		"base": "BaseAmulet1",
		"Ncurrency2": [50,0,0,10,"gp"],
		"1Vmodifiers": {
			"add": {
				"bankSpace": 10
			}
		},
		"5allow": [0,0,0,0,1],
		"5Ucbeasy": ["Crystallize", 6, 10],
		"10Ucurrency3": [
			[ 50, "gp" ],
			[ 25, "sc" ]
		]
	},
	"melvorF:Gold_Sapphire_Necklace": {
		"base": "BaseAmulet1",
		"5Ucbeasy": [ "50Slow", 1, 20, { "t": 2 } ],
		"10dmgignore": [0,0,0,0,1]
	},
	"melvorF:Gold_Ruby_Necklace": {
		"base": "BaseAmulet1",
		"Uregen": [10],
		"5Uregen": [ 0, 0, 10 ],
		"5allow": [ 0, 0, 0, 0, 1 ],
		"5Usteal": [10],
		"10regen": [ -10000, 0, 10 ]
	},
	"melvorF:Gold_Emerald_Necklace": {
		"base": "BaseAmulet1",
		"5Ucbeasy": [ "2Fear", 1, 20, { "t": 2 } ],
		"10dmgignore": [0,0,0,0,0,1]
	},
	"melvorF:Gold_Diamond_Necklace": {
		"base": "BaseAmulet1",
		"5Ucbeasy": [ "1Frostburn", 2, 30, { "t": 5 } ],
		"10dmgignore": [0,0,0,0,0,0,1]
	},
	"BaseAmulet2": {
		"base": "Base",
		"Uatks": [ 40, 40, 40, 55, 37 ],
		"Ustrs": [ 35, 20, 7 ],
		"Udefs": [ 32, 32, 37 ],
		"Uress": [ 10 ],
		"Usums": [ 10 ],
		"5Ucbeasy": ["3Cleansed", 2, 30]
	},
	"melvorTotH:Iridium_Onyx_Necklace": {
		"base": "BaseAmulet2",
		"5Ucbeasy": ["3Crystallize", 4, 25],
		"10Eignore": [ -100, -1, "crystal","bleed" ]
	},
	"melvorTotH:Palladium_Onyx_Necklace": {
		"base": "BaseAmulet2",
		"5Ucbeasy": ["2Madness", 4, 25, {"t": 3}],
		"10Eignore": [ -100, -1, "curse","poison" ]
	},
	"melvorTotH:Iridium_Oricha_Necklace": {
		"base": "BaseAmulet2",
		"5Ucbeasy": ["3Freeze", 4, 25],
		"10Eignore": [ -100, -1, "stunlike","burn" ]
	},
	"melvorTotH:Palladium_Oricha_Necklace": {
		"base": "BaseAmulet2",
		"5Ucbeasy": [ [ "60dhit", "60dhp$" ], 4, 50 ],
		"10Eignore": [ -100, -1, "cs","frostburn" ]
	},
	"melvorTotH:Iridium_Cerulean_Necklace": {
		"base": "BaseAmulet2",
		"5Ucbeasy": ["3Weakening", 2, 25, {"t": 3}],
		"10Ucbeasy": ["3Freeze", 5, 25]
	},
	"melvorTotH:Palladium_Cerulean_Necklace": {
		"base": "BaseAmulet2",
		"5Ucbeasy": ["3Anguish", 2, 25, {"t": 3}],
		"10Ucbeasy": ["melvorTotH:DejaVu0", 4, 50, {"t": 3}]
	},
	"melvorTotH:Iridium_Runestone_Necklace": {
		"base": "BaseAmulet2",
		"5Ucbeasy": [ [ "50bres", "50bhp" ], 2, 50 ],
		"10Ucbeasy": ["5Torment", 3, 20, {"t": 3}]
	},
	"melvorTotH:Palladium_Runestone_Necklace": {
		"base": "BaseAmulet2",
		"5Ucbeasy": [ [ "30dhit", "30ddmg$", "30dspd$" ], 4, 50 ],
		"10Ucbeasy": ["reign", 2, 20]
	},
	"melvorTotH:Iridium_Zephyte_Necklace": {
		"base": "BaseAmulet2",
		"5strBonus": [10,10,10,10,10]
	},
	"melvorTotH:Palladium_Zephyte_Necklace": {
		"base": "BaseAmulet2",
		"Uhp": [0,0,50],
		"5Ucbeasy": [ ["100Burn", "100Poison", "100Toxin", "100BarrierBurn", "100bhp" ], 12, 100 ],
		"10Ucbeasy": [ [ "100dp", "100Ablaze", "50$10$3lace", "100void" ], 12, 100 ]
	},
	"melvorAoD:Unholy_Amulet": {
		"base": "BaseAmulet2",
		"10Ucbeasy": [ [ "3Fatigue","3Petrified" ], 1, 50, { "t": 3 } ],
		"5Uatkeffect": [3],
		"5Ucbeasy": [ "20unholy", 3 ],
		"10atkeffect": [0,0,50]
	},
	"melvorAoD:Cursed_Amulet": {
		"base": "melvorAoD:Unholy_Amulet",
		"5Ucbeasy": [ "10Spite", 4, 50 ],
		"10Ucbeasy": [ [ "10Malice","10Consume","10Eradicate", "10Destruction" ], 4, 50 ],
		"5barrier": [ 0, 25, 35 ],
		"5summon": [0,0,35],
		"10atkeffect": [0,0,100]
	},
	"melvorAoD:Amulet_of_Barrier_Touch": {
		"Usums": [ 10, 10, 10, 10 ],
		"Ubarrier": [ 0, 10, 20 ],
		"5Usummon": [0,-10,20],
		"5Ucbeasy": [ [ "100BarrierBleed","100BarrierBurn","100Burn","100Poison" ], 11, 50 ],
		"10Ucbeasy": [ [ "5Crystallize","5CrystalSanction" ], 11, 50 ]
	},
	"BaseAmulet3": {
		"base": "Base",
		"Uatks": [ 100, 100, 100, 115, 100 ],
		"Ustrs": [ 60, 45, 12 ],
		"Udefs": [ 92, 92, 97 ],
		"Uress": [0, 5],
		"Nsums": [0, 10 ],
		"5Ucbeasy": ["3Cleansed", 2, 30]
	},
	"melvorItA:Azurian_Nightopal_Amulet_I": {
		"base": "BaseAmulet3",
		"Ucurrency3": [ 0, 0, 50, "ap" ],
		"5Ucurrency3": [ 0, 0, 0, 50, "ap" ],
		"5Ucbeasy": ["3ec", 2, 15],
		"10Ucurrency3": [ 50, "ap" ]
	},
	"melvorItA:Azurian_Shadowpearl_Amulet_I": {
		"base": "BaseAmulet3",
		"5Ucbeasy": [ [ "100Ablaze", "100Toxin"], 3, 15 ],
		"10Uacc2": [20,20,20],
		"10UstrBonus": [10,10,10,20,20]
	},
	"melvorItA:Azurian_Moonstone_Amulet_I": {
		"base": "BaseAmulet3",
		"5hidden": [20, "atk", "str", "def", "ran", "mag", "corr"],
		"10Ucbeasy": [ "20Wither", 3, 30, { "sa": 2 } ]
	},
	"melvorItA:Azurian_Voidheart_Amulet_I": {
		"base": "BaseAmulet3",
		"5rc": ["melvorItA:AzurianVoidheartAmuletI"],
		"5Ucbeasys": [
			[ "10$2shade", 3, 25 ],
			["BGSCheat:AzurianVoidheartAmuletI",7,100,0,0,"CUSTOM_APPLICATOR_AzurianVoidheartAmulet"]
		],
		"10Ucbeasy": ["10Blight", 2, 25]
	},
	"melvorItA:Azurian_Nightopal_Amulet_II": {
		"base": "BaseAmulet3",
		"Ucurrency3": [ 0, 0, 100, "ap" ],
		"5Ucurrency3": [ 0, 0, 0, 100, "ap" ],
		"5Ucbeasy": ["3EldritchCurse", 2, 30],
		"10Ucurrency3": [ 100, "ap" ]
	},
	"melvorItA:Azurian_Shadowpearl_Amulet_II": {
		"base": "BaseAmulet3",
		"5Ucbeasy": [ [ "200Ablaze", "200Toxin"], 3, 30 ],
		"10Uacc2": [40,40,40],
		"10UstrBonus": [20,20,20,40,40]
	},
	"melvorItA:Azurian_Moonstone_Amulet_II": {
		"base": "BaseAmulet3",
		"5hidden": [20, "atk", "str", "def", "ran", "mag", "corr"],
		"10Ucbeasy": [ "20Wither", 3, 30, { "sa": 2 } ]
	},
	"melvorItA:Azurian_Voidheart_Amulet_II": {
		"base": "BaseAmulet3",
		"5rc": ["melvorItA:AzurianVoidheartAmuletII"],
		"5Ucbeasys": [
			[ "20$4shade", 3, 30 ],
			["BGSCheat:AzurianVoidheartAmuletII",7,100,0,0,"CUSTOM_APPLICATOR_AzurianVoidheartAmulet"]
		],
		"10Ucbeasy": ["20blight", 2, 30, {"sr": 10}]
	},
	"melvorItA:Obsidian_Nightopal_Amulet_I": {
		"base": "BaseAmulet3",
		"Ucurrency3": [ 0, 0, 25, "as" ],
		"5Ucurrency3": [ 0, 0, 0, 25, "as" ],
		"5Ucbeasy": ["5Silence", 2, 15],
		"10Ucurrency3": [ 25, "as" ]
	},
	"melvorItA:Obsidian_Nightopal_Amulet_II": {
		"base": "BaseAmulet3",
		"Ucurrency3": [ 0, 0, 50, "as" ],
		"5Ucurrency3": [ 0, 0, 0, 50, "as" ],
		"5Ucbeasy": ["5Silence", 2, 45],
		"10Ucurrency3": [ 50, "as" ]
	},
	"melvorItA:Obsidian_Shadowpearl_Amulet_I": {
		"base": "BaseAmulet3",
		"Ueva": [25],
		"5rc": ["melvorItA:ObsidianShadowpearlAmuletI"],
		"5Ucbeasys": [
			[ "BGSCheat:ObsidianShadowpearlAmuletI", 13, 100, 0, 0, "CUSTOM_APPLICATOR_ObsidianShadowPearlAmulet" ],
			[ [ "50bres", "50bhp$", "100$4beva$" ], 13, 100 ]
		],
		"10Ueva2": [25]
	},
	"melvorItA:Obsidian_Shadowpearl_Amulet_II": {
		"base": "BaseAmulet3",
		"Ueva": [50],
		"5rc": ["melvorItA:ObsidianShadowpearlAmuletII"],
		"5Ucbeasys": [
			[ [ "50bres", "50bhp$", "100$4beva$", "50bspd$" ], 13, 100 ],
			["BGSCheat:ObsidianShadowpearlAmuletII",13,100,0,0,"CUSTOM_APPLICATOR_ObsidianShadowPearlAmulet"]
		]
	},
	"melvorItA:Obsidian_Moonstone_Amulet_I": {
		"base": "BaseAmulet3",
		"5Ucbeasys": [
			[ [ "50$bres", "100$bhp$", "200$4beva$" ], 1, 100 ],
			["2fear",3,20]
		],
		"5rc": ["melvorItA:ObsidianMoonstoneAmuletI"],
		"5cbeasy": ["BGSCheat:ObsidianMoonstoneAmuletI",7,100,0,0,"CUSTOM_APPLICATOR_ObsidianMoonstoneAmuletI"],
		"10cbeasy": ["BGSCheat:ObsidianMoonstoneAmuletI",1,100,0,0,null,""],
		"10regen": [-10000]
	},
	"melvorItA:Obsidian_Moonstone_Amulet_II": {
		"base": "BaseAmulet3",
		"5Ucbeasys": [
			[ [ "50bres", "100bhp$", "200$4beva$","50bspd$" ], 1, 100 ],
			["4fear",3,30]
		],
		"5rc": ["melvorItA:ObsidianMoonstoneAmuletII"],
		"5cbeasy": ["BGSCheat:ObsidianMoonstoneAmuletII",7,100,0,0,"CUSTOM_APPLICATOR_ObsidianMoonstoneAmuletII"],
		"10cbeasy": ["BGSCheat:ObsidianMoonstoneAmuletII",1,100,0,0,null,""],
		"10regen": [-10000]
	},
	"melvorItA:Obsidian_Voidheart_Amulet_I": {
		"base": "BaseAmulet3",
		"UprayerGetCombat": [ 0, 0, 0, 20, 50 ],
		"5UprayerGet": [0,0,100,0,50,1],
		"5Ucbeasy": [["50bres","100bhp$", "200$4beva$"], 1, 100],
		"10Ucbeasy": [ [ "2Silence", "2EldritchCurse", "2Crystallize" ], 4, 30 ]
	},
	"melvorItA:Obsidian_Voidheart_Amulet_II": {
		"base": "BaseAmulet3",
		"UprayerGetCombat": [ 0, 0, 0, 40, 100 ],
		"5UprayerGet": [0,0,200,0,100,2],
		"5Ucbeasy": [["50bres","100bhp$", "200$4beva$", "50btaken$"], 1, 100],
		"10Ucbeasy": [ [ "2Silence", "2EldritchCurse", "2Crystallize" ], 4, 50 ]
	},
	"BaseAmulet4": {
		"base": "BaseAmulet3",
		"Uatks": [ 100, 100, 100, 100, 100 ],
		"Ustrs": [ 1350, 2750, 170 ],
		"Udefs": [ 100, 100, 100 ],
		"Uress": [0, 3],
		"Nsums": [0, 10 ]
	},
	"melvorItA:Obzurian_Critical_Strike_Amulet": {
		"base": "BaseAmulet4",
		"Ucritical": [2,10],
		"5Ucbeasys": [
			[ [ "20$4Shadeveil" ], 3, 30 ],
			[ [ "50$2btaken", "50$2bhp$", "50$2beva$", "50$2bres$" ], 2, 50]
		],
		"10Ucbeasy": [ [ "100$2dhit", "200$2dacc$", "100$2dspd$", "100$2ddmg$" ], 2, 50]
	},
	"melvorItA:Obzurian_Versatile_Hunter_Amulet": {
		"base": "BaseAmulet4",
		"5Usteal": [100],
		"5Ucbeasy":	[ [ "50$2btaken", "50$2bhp$", "50$2beva$", "50$2bres$" ], 2, 50],
		"10Ucbeasy": [ [ "100$2dhit", "200$2dacc$", "100$2dspd$", "100$2ddmg$" ], 2, 50]
	},
	"melvorItA:Obzurian_Rampant_Power_Amulet": {
		"base": "BaseAmulet4",
		"5rc": ["melvorItA:ObzurianRampantPowerAmuletPlayer","melvorItA:ObzurianRampantPowerAmuletEnemy"],
		"5Ucbeasy": [ [ "20Blight", "20Wither"], 2, 100 ],
		"5cbeasy": [ [ "BGSCheat:ObzurianRampantPowerAmuletPlayer", "BGSCheat:ObzurianRampantPowerAmuletEnemy"], 3 ],
		"10Ucbeasy": [ [ "BGSCheat:ObzurianRampantPowerAmuletPlayer", "BGSCheat:ObzurianRampantPowerAmuletEnemy"], 3, 100,{"sa": 10} ]
	},
	"melvorItA:Obzurian_Unbreakable_Defender_Amulet": {
		"base": "BaseAmulet4",
		"5rc": ["melvorItA:ObzurianUnbreakableDefenderAmulet"],
		"5cbeasy": [ "BGSCheat:ObzurianUnbreakableDefenderAmulet", 6, 100,0, 0, "CUSTOM_APPLICATOR_ObzurianUnbreakableDefenderAmulet" ],
		"5Ucbeasys": [
			[ "20Blight", 2, 100, {"i": [2000,0,-500,100]} ],
			[ "20Wither", 2, 100, { "sa": 2 } ],
			[ [ "5Fear" ], 2, 100, { "t": 5 } ],
			[ [ "5Silence", "5EldritchCurse" ], 2, 100 ]
		],
		"10Ucbeasy": [ "BGSCheat:ObzurianUnbreakableDefenderAmulet", 6, 100,{"sa": 10}, 0, "CUSTOM_APPLICATOR_ObzurianUnbreakableDefenderAmulet" ]
	},
	"melvorF:Thiefs_Moneysack": {
		"Uthieving": [ 0, 0, 200, "gp"] ,
		"5Uthieving": [ 0, 10000, "gp"] 
	},
	"melvorF:Thiefs_Moneysack_II": {
		"Uthieving": [ 0, 0, 500, "gp"] ,
		"5Uthieving": [ 0, 30000, "gp"] 
	},
	"melvorF:Seed_Pouch": {
		"NskillItemBase": [ 0, 30, "farm"],
		"5NskillItemBase": [ 3, "farm"],
		"5modifiers": {
			"add": {
				"flatFarmingSeedCost": [
					{
						"categoryID": "melvorD:Allotment",
						"value": -2
					},
					{
						"categoryID": "melvorD:Herb",
						"value": -1
					}
				]
			}
		},
		"10modifiers": {
			"add": {
				"flatFarmingSeedCost": [
					{
						"categoryID": "melvorD:Allotment",
						"value": -2
					},
					{
						"categoryID": "melvorD:Herb",
						"value": -2
					}
				]
			}
		}
	},
	"melvorF:Seed_Pouch_II": {
		"base":"melvorF:Seed_Pouch",
		"NskillItemBase": [ 0, 60, "farm"],
		"5NskillItemBase": [ 6, "farm"],
		"5modifiers": {
			"add": {
				"flatFarmingSeedCost": [
					{
						"categoryID": "melvorD:Tree",
						"value": -1
					},
					{
						"categoryID": "melvorItA:Special",
						"value": -1
					}
				]
			}
		},
		"10modifiers": {
			"add": {
				"flatFarmingSeedCost": [
					{
						"categoryID": "melvorD:Tree",
						"value": -2
					},
					{
						"categoryID": "melvorItA:Special",
						"value": -2
					}
				]
			}
		}
	},
	"melvorF:Runecrafting_Pouch": {
		"OskillItemBase": [ 10, "rune"]
	},
	"melvorF:Alchemists_Bag": {
		"Npotion": [5,20]
	},
	"melvorF:Alchemists_Bag_II": {
		"Npotion": [10,40]
	},
	"melvorTotH:Artisan_Pouch": {
		"NskillItemBase": [ 10, "craf"]
	},
	"melvorTotH:Artisan_Pouch_II": {
		"NskillItemBase": [ 20, "craf"]
	},
	"melvorTotH:Kindling_Pouch": {
		"Ufiremaking": [ 2000, "gp"],
		"5Uskillbase": [0,0,0,-5,"fire"] 
	},
	"melvorTotH:Kindling_Pouch_II": {
		"Ufiremaking": [ 4000, "gp"],
		"5Uskillbase": [0,0,0,-10,"fire"] 
	},
	"melvorTotH:Stamina_Pouch": {
		"Ucurrency": [ 0, 300, [ "gp", "agil" ] ],
		"5Uskillbase": [0,0,0,-10,"agil"] 
	},
	"melvorTotH:Spirit_Bag": {
		"Umodifiers": {
			"add": {
				"gpFromItemAlchemy": 5
			}
		}
	},
	"melvorTotH:Chefs_Bag": {
		"UskillItemBase": [ 10, "cook"]
	},
	"melvorTotH:Summoners_Bag": {
		"UskillItemBase": [ 0, 50, "summ"]
	},
	"melvorItA:Harvesting_Consumable_I": {
		"UskillItemBase": [ 5, 10, "harv"]
	},
	"melvorItA:Harvesting_Consumable_II": {
		"UskillItemBase": [ 10, 20, "harv"]
	},
	"melvorItA:Harvesting_Consumable_III": {
		"UskillItemBase": [ 20, 40, "harv"]
	},
	"melvorItA:Corrupted_Light_Consumable_I": {
		"UitemRand": [ 2, 5, [ "melvorItA:Abyssal_Stardust", "astr" ] ]
	},
	"melvorItA:Corrupted_Light_Consumable_II": {
		"UitemRand": [ 4, 10, [ "melvorItA:Abyssal_Stardust", "astr" ] ]
	},
	"melvorItA:Corrupted_Light_Consumable_III": {
		"UitemRand": [ 8, 20, [ "melvorItA:Abyssal_Stardust", "astr" ] ]
	},
	"melvorItA:Dark_Summon_Consumable_I": {
		"Usummon": [0,0,100],
		"5summon": [0, -10],
		"10summon": [-500]
	},
	"melvorItA:Dark_Summon_Consumable_II": {
		"Usummon": [0,0,200],
		"5summon": [0, -20],
		"10summon": [-1000]
	},
	"melvorItA:Dark_Summon_Consumable_III": {
		"Usummon": [0,0,400],
		"5summon": [0, -40],
		"10summon": [-2000]
	},
	"melvorItA:Toxicity_Consumable_I": {
		"Oignore": [ 10, "blight" , "toxin" ],
		"5Ocbeasy": [["Blight", "Toxin"], 3, 10],
		"10Eignore": [  -25, "blight" , "toxin" ]
	},
	"melvorItA:Toxicity_Consumable_II": {
		"Oignore": [ 20, "blight" , "toxin" ],
		"5Ocbeasy": [["Blight", "Toxin"], 3, 20],
		"10Eignore": [  -50, "blight" , "toxin" ]
	},
	"melvorItA:Toxicity_Consumable_III": {
		"Oignore": [ 40, "blight" , "toxin" ],
		"5Ocbeasy": [["Blight", "Toxin"], 3, 40],
		"10Eignore": [  -100, "blight" , "toxin" ]
	},
	"melvorItA:Abyssal_Essence_Consumable_I": {
		"UskillItemBase": [ 10, 100, [ "mine", 0, "melvorItA:Abyssal_Essence" ] ]
	},
	"melvorItA:Abyssal_Essence_Consumable_II": {
		"UskillItemBase": [ 20, 200, [ "mine", 0, "melvorItA:Abyssal_Essence" ] ]
	},
	"melvorItA:Abyssal_Essence_Consumable_III": {
		"UskillItemBase": [ 40, 400, [ "mine", 0, "melvorItA:Abyssal_Essence" ] ]
	},
	"melvorItA:Shade_Consumable_I": {
		"Uacc": [ 10 ],
		"Ucritical": [10, 20]
	},
	"melvorItA:Shade_Consumable_II": {
		"Uacc": [ 20 ],
		"Ucritical": [20, 40]
	},
	"melvorItA:Shade_Consumable_III": {
		"Uacc": [ 40 ],
		"Ucritical": [40, 80]
	},
	"melvorItA:Fear_Consumable_I": {
		"Oignore": [ 10, "fear", "ablaze" ],
		"5Ocbeasy": [["Fear" ], 3, 10],
		"10Eignore": [ -25, "fear" , "ablaze" ]
	},
	"melvorItA:Fear_Consumable_II": {
		"Oignore": [ 20, "fear", "ablaze" ],
		"5Ocbeasy": [["Fear" ], 3, 20],
		"10Eignore": [ -50, "fear" , "ablaze" ]
	},
	"melvorItA:Fear_Consumable_III": {
		"Oignore": [ 40, "fear", "ablaze" ],
		"5Ocbeasy": [["Fear" ], 3, 40],
		"10Eignore": [ -100, "fear" , "ablaze" ]
	},
	"melvorItA:Abyssal_Resist_Consumable_I": {
		"Ures": [2, "a"]
	},
	"melvorItA:Abyssal_Resist_Consumable_II": {
		"Ures": [4, "a"]
	},
	"melvorItA:Abyssal_Resist_Consumable_III": {
		"Ures": [8, "a"]
	},
	"melvorItA:Deep_Wounds_Consumable_I": {
		"Oignore": [ 10, "bleed", "lace" ],
		"5UEdot": [0,25,0,0,0,0,25],
		"10Eignore": [ -25, "bleed", "lace" ]
	},
	"melvorItA:Deep_Wounds_Consumable_II": {
		"Oignore": [ 20, "bleed", "lace" ],
		"5UEdot": [0,50,0,0,0,0,50],
		"10Eignore": [ -50, "bleed", "lace" ]
	},
	"melvorItA:Deep_Wounds_Consumable_III": {
		"Oignore": [ 40, "bleed", "lace" ],
		"5UEdot": [0,100,0,0,0,0,100],
		"10Eignore": [ -100, "bleed", "lace" ]
	},
	"melvorItA:Withering_Consumable_I": {
		"Oignore": [ 10, "wither", "dp" ],
		"5Ocbeasy": [["Wither" ], 3, 10],
		"10Eignore": [ -25, "wither", "dp" ]
	},
	"melvorItA:Withering_Consumable_II": {
		"Oignore": [ 20, "wither", "dp" ],
		"5Ocbeasy": [["Wither" ], 3, 20],
		"10Eignore": [ -50, "wither", "dp" ]
	},
	"melvorItA:Withering_Consumable_III": {
		"Oignore": [ 40, "wither", "dp" ],
		"5Ocbeasy": [["Wither" ], 3, 40],
		"10Eignore": [ -100, "wither", "dp" ]
	},
	"melvorItA:Silence_Consumable_I": {
		"Oignore": [ 10, "silence", "poison" ],
		"5Ocbeasy": [["Silence" ], 3, 10],
		"10Eignore": [ -25, "silence", "poison" ]
	},
	"melvorItA:Silence_Consumable_II": {
		"Oignore": [ 20, "silence", "poison" ],
		"5Ocbeasy": [["Silence" ], 3, 20],
		"10Eignore": [ -50, "silence", "poison" ]
	},
	"melvorItA:Silence_Consumable_III": {
		"Oignore": [ 40, "silence", "poison" ],
		"5Ocbeasy": [["Silence" ], 3, 40],
		"10Eignore": [ -100, "silence", "poison" ]
	},
	"melvorItA:Soul_Harvesting_Consumable_I": {
		"NprayerGet": [0,0,0,0,0,1]
	},
	"melvorItA:Soul_Harvesting_Consumable_II": {
		"NprayerGet": [0,0,0,0,0,2]
	},
	"melvorItA:Soul_Harvesting_Consumable_III": {
		"NprayerGet": [0,0,0,0,0,4]
	},
	"melvorItA:Item_Cost_Consumable_I": {
		"Nskillextra": [0,0,0,10]
	},
	"melvorItA:Item_Cost_Consumable_II": {
		"Nskillextra": [0,0,0,20]
	},
	"melvorItA:Item_Cost_Consumable_III": {
		"Nskillextra": [0,0,0,40]
	},
	"melvorItA:Eldritch_Curse_Consumable_I": {
		"Oignore": [ 10, "ec", "burn" ],
		"5Ocbeasy": [["ec" ], 3, 10],
		"10Eignore": [ -25, "ec", "burn" ]
	},
	"melvorItA:Eldritch_Curse_Consumable_II": {
		"Oignore": [ 20, "ec", "burn" ],
		"5Ocbeasy": [["ec" ], 3, 20],
		"10Eignore": [ -50, "ec", "burn" ]
	},
	"melvorItA:Eldritch_Curse_Consumable_III": {
		"Oignore": [ 40, "ec", "burn" ],
		"5Ocbeasy": [["ec" ], 3, 40],
		"10Eignore": [ -100, "ec", "burn" ]
	},
	"melvorItA:Voidburst_Consumable_I": {
		"Oignore": [ 10, "void", "stunlike" ],
		"5Ocbeasy": [["void" ], 3, 10],
		"10Eignore": [ -25, "void", "stunlike" ]
	},
	"melvorItA:Voidburst_Consumable_II": {
		"Oignore": [ 20, "void", "stunlike" ],
		"5Ocbeasy": [["void" ], 3, 20],
		"10Eignore": [ -50, "void", "stunlike" ]
	},
	"melvorItA:Voidburst_Consumable_III": {
		"Oignore": [ 40, "void", "stunlike" ],
		"5Ocbeasy": [["void" ], 3, 40],
		"10Eignore": [ -100, "void", "stunlike" ]
	}
}
