{
	"melvorF:Leather_Boots":["melvorD:Leather_Boots"],
	"melvorF:Hard_Leather_Boots":["melvorF:Hard_Leather_Boots"],
	"melvorItA:Abyssal_Leather_Boots":["melvorItA:Abyssal_Leather_Boots"],
	"melvorF:Green_Dhide_Shield":["melvorF:Green_Dhide_Shield","melvorF:Green_Dhide_Shield_U"],
	"melvorF:Blue_Dhide_Shield":["melvorF:Blue_Dhide_Shield","melvorF:Blue_Dhide_Shield_U"],
	"melvorF:Red_Dhide_Shield":["melvorF:Red_Dhide_Shield","melvorF:Red_Dhide_Shield_U"],
	"melvorF:Black_Dhide_Shield":["melvorF:Black_Dhide_Shield","melvorF:Black_Dhide_Shield_U"],
	"melvorTotH:Elderwood_Shield":["melvorTotH:Elderwood_Shield","melvorTotH:Elderwood_Shield_U"],
	"melvorTotH:Revenant_Shield":["melvorTotH:Revenant_Shield","melvorTotH:Revenant_Shield_U"],
	"melvorTotH:Carrion_Shield":["melvorTotH:Carrion_Shield","melvorTotH:Carrion_Shield_U"],
	"melvorF:Leather_Gloves":["melvorF:Leather_Gloves"],
	"melvorF:Hard_Leather_Gloves":["melvorF:Hard_Leather_Gloves"],
	"melvorF:Leather_Vambraces":["melvorD:Leather_Vambraces","melvorAoD:Leather_Vambraces_B"],
	"melvorF:Hard_Leather_Vambraces":["melvorF:Hard_Leather_Vambraces","melvorAoD:Hard_Leather_Vambraces_B"],
	"melvorF:Green_Dhide_Vambraces":["melvorD:Green_Dhide_Vambraces","melvorD:Green_Dhide_Vambraces_U","melvorAoD:Green_Dhide_Vambraces_B"],
	"melvorF:Blue_Dhide_Vambraces":["melvorD:Blue_Dhide_Vambraces","melvorD:Blue_Dhide_Vambraces_U","melvorAoD:Blue_Dhide_Vambraces_B"],
	"melvorF:Red_Dhide_Vambraces":["melvorD:Red_Dhide_Vambraces","melvorD:Red_Dhide_Vambraces_U","melvorAoD:Red_Dhide_Vambraces_B"],
	"melvorF:Black_Dhide_Vambraces":["melvorD:Black_Dhide_Vambraces","melvorD:Black_Dhide_Vambraces_U","melvorAoD:Black_Dhide_Vambraces_B"],
	"melvorTotH:Elderwood_Vambraces":["melvorTotH:Elderwood_Vambraces","melvorTotH:Elderwood_Vambraces_U"],
	"melvorTotH:Revenant_Vambraces":["melvorTotH:Revenant_Vambraces","melvorTotH:Revenant_Vambraces_U"],
	"melvorTotH:Carrion_Vambraces":["melvorTotH:Carrion_Vambraces","melvorTotH:Carrion_Vambraces_U"],
	"melvorF:Leather_Cowl":["melvorD:Leather_Cowl"],
	"melvorF:Hard_Leather_Cowl":["melvorF:Hard_Leather_Cowl"],
	"melvorItA:Abyssia_Coif":["melvorItA:Abyssia_Coif","melvorItA:Abyssia_Coif_U"],
	"melvorItA:Brumia_Coif":["melvorItA:Brumia_Coif","melvorItA:Brumia_Coif_U"],
	"melvorItA:Gloomia_Coif":["melvorItA:Gloomia_Coif","melvorItA:Gloomia_Coif_U"],
	"melvorItA:Withia_Coif":["melvorItA:Withia_Coif","melvorItA:Withia_Coif_U"],
	"melvorItA:Nethia_Coif":["melvorItA:Nethia_Coif","melvorItA:Nethia_Coif_U"],
	"melvorF:Leather_Body":["melvorF:Leather_Body","melvorAoD:Leather_Body_B"],
	"melvorF:Hard_Leather_Body":["melvorF:Hard_Leather_Body","melvorAoD:Hard_Leather_Body_B"],
	"melvorF:Green_Dhide_Body":["melvorD:Green_Dhide_Body","melvorD:Green_Dhide_Body_U", "melvorAoD:Green_Dhide_Body_B"],
	"melvorF:Blue_Dhide_Body":["melvorD:Blue_Dhide_Body","melvorD:Blue_Dhide_Body_U", "melvorAoD:Blue_Dhide_Body_B"],
	"melvorF:Red_Dhide_Body":["melvorD:Red_Dhide_Body","melvorD:Red_Dhide_Body_U", "melvorAoD:Red_Dhide_Body_B"],
	"melvorF:Black_Dhide_Body":["melvorD:Black_Dhide_Body","melvorD:Black_Dhide_Body_U", "melvorAoD:Black_Dhide_Body_B"],
	"melvorAoD:Unholy_Body": [ "melvorAoD:Unholy_Body", "melvorAoD:Cursed_Body"],
	"melvorTotH:Elderwood_Body":["melvorTotH:Elderwood_Body","melvorTotH:Elderwood_Body_U"],
	"melvorTotH:Revenant_Body":["melvorTotH:Revenant_Body","melvorTotH:Revenant_Body_U"],
	"melvorTotH:Carrion_Body":["melvorTotH:Carrion_Body","melvorTotH:Carrion_Body_U"],
	"melvorItA:Abyssal_Leather_Body":["melvorItA:Abyssal_Leather_Body"],
	"melvorItA:Abyssia_Body":["melvorItA:Abyssia_Body","melvorItA:Abyssia_Body_U"],
	"melvorItA:Brumia_Body":["melvorItA:Brumia_Body","melvorItA:Brumia_Body_U"],
	"melvorItA:Gloomia_Body":["melvorItA:Gloomia_Body","melvorItA:Gloomia_Body_U"],
	"melvorItA:Withia_Body":["melvorItA:Withia_Body","melvorItA:Withia_Body_U"],
	"melvorItA:Nethia_Body":["melvorItA:Nethia_Body","melvorItA:Nethia_Body_U"],
	"melvorF:Leather_Chaps":["melvorD:Leather_Chaps","melvorAoD:Leather_Chaps_B"],
	"melvorF:Hard_Leather_Chaps":["melvorF:Hard_Leather_Chaps","melvorAoD:Hard_Leather_Chaps_B"],
	"melvorF:Green_Dhide_Chaps":["melvorD:Green_Dhide_Chaps","melvorD:Green_Dhide_Chaps_U","melvorAoD:Green_Dhide_Chaps_B"],
	"melvorF:Blue_Dhide_Chaps":["melvorD:Blue_Dhide_Chaps","melvorD:Blue_Dhide_Chaps_U","melvorAoD:Blue_Dhide_Chaps_B"],
	"melvorF:Red_Dhide_Chaps":["melvorD:Red_Dhide_Chaps","melvorD:Red_Dhide_Chaps_U","melvorAoD:Red_Dhide_Chaps_B"],
	"melvorF:Black_Dhide_Chaps":["melvorD:Black_Dhide_Chaps","melvorD:Black_Dhide_Chaps_U","melvorAoD:Black_Dhide_Chaps_B"],
	"melvorTotH:Elderwood_Chaps":["melvorTotH:Elderwood_Chaps","melvorTotH:Elderwood_Chaps_U"],
	"melvorTotH:Revenant_Chaps":["melvorTotH:Revenant_Chaps","melvorTotH:Revenant_Chaps_U"],
	"melvorTotH:Carrion_Chaps":["melvorTotH:Carrion_Chaps","melvorTotH:Carrion_Chaps_U"],
	"melvorItA:Abyssal_Leather_Legs":["melvorItA:Abyssal_Leather_Legs"],
	"melvorItA:Abyssia_Legs":["melvorItA:Abyssia_Legs","melvorItA:Abyssia_Legs_U"],
	"melvorItA:Brumia_Legs":["melvorItA:Brumia_Legs","melvorItA:Brumia_Legs_U"],
	"melvorItA:Gloomia_Legs":["melvorItA:Gloomia_Legs","melvorItA:Gloomia_Legs_U"],
	"melvorItA:Withia_Legs":["melvorItA:Withia_Legs","melvorItA:Withia_Legs_U"],
	"melvorItA:Nethia_Legs":["melvorItA:Nethia_Legs","melvorItA:Nethia_Legs_U"],
	"melvorF:Silver_Topaz_Ring":["melvorF:Silver_Topaz_Ring"],
	"melvorF:Silver_Sapphire_Ring":["melvorF:Silver_Sapphire_Ring"],
	"melvorF:Silver_Ruby_Ring":["melvorF:Silver_Ruby_Ring"],
	"melvorF:Silver_Emerald_Ring":["melvorF:Silver_Emerald_Ring"],
	"melvorF:Silver_Diamond_Ring":["melvorF:Silver_Diamond_Ring"],
	"melvorF:Gold_Topaz_Ring":["melvorD:Gold_Topaz_Ring"],
	"melvorF:Gold_Sapphire_Ring":["melvorF:Gold_Sapphire_Ring"],
	"melvorF:Gold_Ruby_Ring":["melvorF:Gold_Ruby_Ring"],
	"melvorF:Gold_Emerald_Ring":["melvorF:Gold_Emerald_Ring"],
	"melvorF:Gold_Diamond_Ring":["melvorF:Gold_Diamond_Ring"],
	"melvorF:Ring_Of_Blade_Echoes":["melvorF:Ring_Of_Blade_Echoes"],
	"melvorF:Ring_Of_Barrage":["melvorF:Ring_Of_Barrage"],
	"melvorF:Ring_Of_Spirit_Power":["melvorF:Ring_Of_Spirit_Power"],
	"melvorTotH:Iridium_Onyx_Ring":["melvorTotH:Iridium_Onyx_Ring"],
	"melvorTotH:Palladium_Onyx_Ring":["melvorTotH:Palladium_Onyx_Ring"],
	"melvorTotH:Iridium_Oricha_Ring":["melvorTotH:Iridium_Oricha_Ring"],
	"melvorTotH:Palladium_Oricha_Ring":["melvorTotH:Palladium_Oricha_Ring"],
	"melvorTotH:Iridium_Cerulean_Ring":["melvorTotH:Iridium_Cerulean_Ring"],
	"melvorTotH:Palladium_Cerulean_Ring":["melvorTotH:Palladium_Cerulean_Ring"],
	"melvorTotH:Iridium_Runestone_Ring":["melvorTotH:Iridium_Runestone_Ring"],
	"melvorTotH:Palladium_Runestone_Ring":["melvorTotH:Palladium_Runestone_Ring"],
	"melvorTotH:Iridium_Zephyte_Ring":["melvorTotH:Iridium_Zephyte_Ring"],
	"melvorTotH:Palladium_Zephyte_Ring":["melvorTotH:Palladium_Zephyte_Ring"],
	"melvorTotH:Meteorite_Warrior_Ring":["melvorTotH:Meteorite_Warrior_Ring"],
	"melvorTotH:Meteorite_Marksman_Ring":["melvorTotH:Meteorite_Marksman_Ring"],
	"melvorTotH:Meteorite_Spellcaster_Ring":["melvorTotH:Meteorite_Spellcaster_Ring"],
	"melvorAoD:Unholy_Ring": [ "melvorAoD:Unholy_Ring", "melvorAoD:Cursed_Ring" ],
	"melvorAoD:Ring_of_Barrier_Touch":["melvorAoD:Ring_of_Barrier_Touch"],
	"melvorItA:Azurian_Nightopal_Ring_I":["melvorItA:Azurian_Nightopal_Ring_I"],
	"melvorItA:Azurian_Shadowpearl_Ring_I":["melvorItA:Azurian_Shadowpearl_Ring_I"],
	"melvorItA:Azurian_Moonstone_Ring_I":["melvorItA:Azurian_Moonstone_Ring_I"],
	"melvorItA:Azurian_Voidheart_Ring_I": [ "melvorItA:Azurian_Voidheart_Ring_I", "melvorItA:Abyss_Ring", "melvorItA:Powerful_Abyss_Ring", "melvorItA:Eldritch_Abyss_Ring"],
	"melvorItA:Azurian_Nightopal_Ring_II":["melvorItA:Azurian_Nightopal_Ring_II"],
	"melvorItA:Azurian_Shadowpearl_Ring_II":["melvorItA:Azurian_Shadowpearl_Ring_II"],
	"melvorItA:Azurian_Moonstone_Ring_II":["melvorItA:Azurian_Moonstone_Ring_II"],
	"melvorItA:Azurian_Voidheart_Ring_II":["melvorItA:Azurian_Voidheart_Ring_II"],
	"melvorItA:Obsidian_Nightopal_Ring_I":["melvorItA:Obsidian_Nightopal_Ring_I"],
	"melvorItA:Obsidian_Shadowpearl_Ring_I":["melvorItA:Obsidian_Shadowpearl_Ring_I"],
	"melvorItA:Obsidian_Moonstone_Ring_I":["melvorItA:Obsidian_Moonstone_Ring_I"],
	"melvorItA:Obsidian_Voidheart_Ring_I":["melvorItA:Obsidian_Voidheart_Ring_I"],
	"melvorItA:Obsidian_Nightopal_Ring_II":["melvorItA:Obsidian_Nightopal_Ring_II"],
	"melvorItA:Obsidian_Shadowpearl_Ring_II":["melvorItA:Obsidian_Shadowpearl_Ring_II"],
	"melvorItA:Obsidian_Moonstone_Ring_II":["melvorItA:Obsidian_Moonstone_Ring_II"],
	"melvorItA:Obsidian_Voidheart_Ring_II":["melvorItA:Obsidian_Voidheart_Ring_II"],
	"melvorItA:Obzurian_Melee_Breaker_Ring":["melvorItA:Obzurian_Melee_Breaker_Ring"],
	"melvorItA:Obzurian_Ranged_Impactor_Ring":["melvorItA:Obzurian_Ranged_Impactor_Ring"],
	"melvorItA:Obzurian_Magic_Debilitator_Ring":["melvorItA:Obzurian_Magic_Debilitator_Ring"],
	"melvorItA:Obzurian_Unnatural_Vitality_Ring":["melvorItA:Obzurian_Unnatural_Vitality_Ring"],
	"melvorF:Silver_Topaz_Necklace":["melvorF:Silver_Topaz_Necklace"],
	"melvorF:Silver_Sapphire_Necklace":["melvorF:Silver_Sapphire_Necklace"],
	"melvorF:Silver_Ruby_Necklace":["melvorF:Silver_Ruby_Necklace"],
	"melvorF:Silver_Emerald_Necklace":["melvorF:Silver_Emerald_Necklace"],
	"melvorF:Silver_Diamond_Necklace":["melvorF:Silver_Diamond_Necklace"],
	"melvorF:Gold_Topaz_Necklace":["melvorF:Gold_Topaz_Necklace"],
	"melvorF:Gold_Sapphire_Necklace":["melvorF:Gold_Sapphire_Necklace"],
	"melvorF:Gold_Ruby_Necklace":["melvorF:Gold_Ruby_Necklace"],
	"melvorF:Gold_Emerald_Necklace":["melvorF:Gold_Emerald_Necklace"],
	"melvorF:Gold_Diamond_Necklace":["melvorF:Gold_Diamond_Necklace"],
	"melvorTotH:Iridium_Onyx_Necklace":["melvorTotH:Iridium_Onyx_Necklace"],
	"melvorTotH:Palladium_Onyx_Necklace":["melvorTotH:Palladium_Onyx_Necklace"],
	"melvorTotH:Iridium_Oricha_Necklace":["melvorTotH:Iridium_Oricha_Necklace"],
	"melvorTotH:Palladium_Oricha_Necklace":["melvorTotH:Palladium_Oricha_Necklace"],
	"melvorTotH:Iridium_Cerulean_Necklace":["melvorTotH:Iridium_Cerulean_Necklace"],
	"melvorTotH:Palladium_Cerulean_Necklace":["melvorTotH:Palladium_Cerulean_Necklace"],
	"melvorTotH:Iridium_Runestone_Necklace":["melvorTotH:Iridium_Runestone_Necklace"],
	"melvorTotH:Palladium_Runestone_Necklace":["melvorTotH:Palladium_Runestone_Necklace"],
	"melvorTotH:Iridium_Zephyte_Necklace":["melvorTotH:Iridium_Zephyte_Necklace"],
	"melvorTotH:Palladium_Zephyte_Necklace":["melvorTotH:Palladium_Zephyte_Necklace"],
	"melvorAoD:Unholy_Amulet": [ "melvorAoD:Unholy_Amulet", "melvorAoD:Cursed_Amulet" ],
	"melvorAoD:Amulet_of_Barrier_Touch":["melvorAoD:Amulet_of_Barrier_Touch"],
	"melvorItA:Azurian_Nightopal_Amulet_I":["melvorItA:Azurian_Nightopal_Amulet_I"],
	"melvorItA:Azurian_Shadowpearl_Amulet_I":["melvorItA:Azurian_Shadowpearl_Amulet_I"],
	"melvorItA:Azurian_Moonstone_Amulet_I":["melvorItA:Azurian_Moonstone_Amulet_I"],
	"melvorItA:Azurian_Voidheart_Amulet_I":["melvorItA:Azurian_Voidheart_Amulet_I"],
	"melvorItA:Azurian_Nightopal_Amulet_II":["melvorItA:Azurian_Nightopal_Amulet_II"],
	"melvorItA:Azurian_Shadowpearl_Amulet_II":["melvorItA:Azurian_Shadowpearl_Amulet_II"],
	"melvorItA:Azurian_Moonstone_Amulet_II":["melvorItA:Azurian_Moonstone_Amulet_II"],
	"melvorItA:Azurian_Voidheart_Amulet_II":["melvorItA:Azurian_Voidheart_Amulet_II"],
	"melvorItA:Obsidian_Nightopal_Amulet_I":["melvorItA:Obsidian_Nightopal_Amulet_I"],
	"melvorItA:Obsidian_Shadowpearl_Amulet_I":["melvorItA:Obsidian_Shadowpearl_Amulet_I"],
	"melvorItA:Obsidian_Moonstone_Amulet_I":["melvorItA:Obsidian_Moonstone_Amulet_I"],
	"melvorItA:Obsidian_Voidheart_Amulet_I":["melvorItA:Obsidian_Voidheart_Amulet_I"],
	"melvorItA:Obsidian_Nightopal_Amulet_II":["melvorItA:Obsidian_Nightopal_Amulet_II"],
	"melvorItA:Obsidian_Shadowpearl_Amulet_II":["melvorItA:Obsidian_Shadowpearl_Amulet_II"],
	"melvorItA:Obsidian_Moonstone_Amulet_II":["melvorItA:Obsidian_Moonstone_Amulet_II"],
	"melvorItA:Obsidian_Voidheart_Amulet_II":["melvorItA:Obsidian_Voidheart_Amulet_II"],
	"melvorItA:Obzurian_Critical_Strike_Amulet":["melvorItA:Obzurian_Critical_Strike_Amulet"],
	"melvorItA:Obzurian_Versatile_Hunter_Amulet":["melvorItA:Obzurian_Versatile_Hunter_Amulet"],
	"melvorItA:Obzurian_Rampant_Power_Amulet":["melvorItA:Obzurian_Rampant_Power_Amulet"],
	"melvorItA:Obzurian_Unbreakable_Defender_Amulet":["melvorItA:Obzurian_Unbreakable_Defender_Amulet"],
	"melvorF:Thiefs_Moneysack":["melvorF:Thiefs_Moneysack","melvorF:Thiefs_Moneysack_II"],
	"melvorF:Seed_Pouch":["melvorF:Seed_Pouch","melvorF:Seed_Pouch_II"],
	"melvorF:Runecrafting_Pouch":["melvorF:Runecrafting_Pouch"],
	"melvorF:Alchemists_Bag":["melvorF:Alchemists_Bag","melvorF:Alchemists_Bag_II"],
	"melvorTotH:Artisan_Pouch":["melvorTotH:Artisan_Pouch","melvorTotH:Artisan_Pouch_II"],
	"melvorTotH:Kindling_Pouch":["melvorTotH:Kindling_Pouch","melvorTotH:Kindling_Pouch_II"],
	"melvorTotH:Stamina_Pouch":["melvorTotH:Stamina_Pouch"],
	"melvorTotH:Spirit_Bag":["melvorTotH:Spirit_Bag"],
	"melvorTotH:Chefs_Bag":["melvorTotH:Chefs_Bag"],
	"melvorTotH:Summoners_Bag":["melvorTotH:Summoners_Bag"],
	"melvorItA:Harvesting_Consumable_I":["melvorItA:Harvesting_Consumable_I","melvorItA:Harvesting_Consumable_II","melvorItA:Harvesting_Consumable_III"],
	"melvorItA:Corrupted_Light_Consumable_I":["melvorItA:Corrupted_Light_Consumable_I","melvorItA:Corrupted_Light_Consumable_II","melvorItA:Corrupted_Light_Consumable_III"],
	"melvorItA:Dark_Summon_Consumable_I":["melvorItA:Dark_Summon_Consumable_I","melvorItA:Dark_Summon_Consumable_II","melvorItA:Dark_Summon_Consumable_III"],
	"melvorItA:Toxicity_Consumable_I":["melvorItA:Toxicity_Consumable_I","melvorItA:Toxicity_Consumable_II","melvorItA:Toxicity_Consumable_III"],
	"melvorItA:Abyssal_Essence_Consumable_I":["melvorItA:Abyssal_Essence_Consumable_I","melvorItA:Abyssal_Essence_Consumable_II","melvorItA:Abyssal_Essence_Consumable_III"],
	"melvorItA:Shade_Consumable_I":["melvorItA:Shade_Consumable_I","melvorItA:Shade_Consumable_II","melvorItA:Shade_Consumable_III"],
	"melvorItA:Fear_Consumable_I":["melvorItA:Fear_Consumable_I","melvorItA:Fear_Consumable_II","melvorItA:Fear_Consumable_III"],
	"melvorItA:Abyssal_Resist_Consumable_I":["melvorItA:Abyssal_Resist_Consumable_I","melvorItA:Abyssal_Resist_Consumable_II","melvorItA:Abyssal_Resist_Consumable_III"],
	"melvorItA:Deep_Wounds_Consumable_I":["melvorItA:Deep_Wounds_Consumable_I","melvorItA:Deep_Wounds_Consumable_II","melvorItA:Deep_Wounds_Consumable_III"],
	"melvorItA:Withering_Consumable_I":["melvorItA:Withering_Consumable_I","melvorItA:Withering_Consumable_II","melvorItA:Withering_Consumable_III"],
	"melvorItA:Silence_Consumable_I":["melvorItA:Silence_Consumable_I","melvorItA:Silence_Consumable_II","melvorItA:Silence_Consumable_III"],
	"melvorItA:Soul_Harvesting_Consumable_I":["melvorItA:Soul_Harvesting_Consumable_I","melvorItA:Soul_Harvesting_Consumable_II","melvorItA:Soul_Harvesting_Consumable_III"],
	"melvorItA:Item_Cost_Consumable_I":["melvorItA:Item_Cost_Consumable_I","melvorItA:Item_Cost_Consumable_II","melvorItA:Item_Cost_Consumable_III"],
	"melvorItA:Eldritch_Curse_Consumable_I":["melvorItA:Eldritch_Curse_Consumable_I","melvorItA:Eldritch_Curse_Consumable_II","melvorItA:Eldritch_Curse_Consumable_III"],
	"melvorItA:Voidburst_Consumable_I":["melvorItA:Voidburst_Consumable_I","melvorItA:Voidburst_Consumable_II","melvorItA:Voidburst_Consumable_III"]
}
