{
	"Base": {
		"Omatks": [ 1, 1, 1, 1, 1 ],
		"Omstrs": [ 1, 1, 1 ],
		"Omdefs": [ 1, 1, 1 ]
	},
	"Unholy1": {
		"base": "Base",
		"10allow": [ 0, 0, 1 ],
		"10atkeffect": [ 1 ],
		"10cbeasy": [ "melvorAoD:UnholyMark", 3 ]
	},
	"Unholy2": {
		"base": "Base",
		"5allow": [ 0, 0, 1 ],
		"5atkeffect": [ 1 ],
		"5cbeasy": [ "melvorAoD:UnholyMark", 3 ],
		"10cbeasy": [ "10unholy", 3 ]
	},
	"Unholy3": {
		"base": "Base",
		"5allow": [ 0, 0, 1 ],
		"5atkeffect": [ 1 ],
		"5cbeasy": [ "10unholy", 3 ],
		"10atkeffect": [ 2 ]
	},
	"Unholy4": {
		"base": "Base",
		"5allow": [ 0, 0, 1 ],
		"5atkeffect": [ 1 ],
		"5Ucbeasy": [ "20unholy", 3 ],
		"10Uatkeffect": [ 2 ]
	},
	"Unholy5": {
		"base": "Base",
		"5Ucorrupt": [ 10, 5 ],
		"10Ucorrupt": [ 5, 10 ]
	},
	"TotHA": {
		"5allow": [ 0, 1 ]
	},
	"tier1": {
		"base": "Base",
		"1Vmodifiers": {
			"add": {
				"bankSpace": 5
			}
		},
		"4Ucurrency2": [ 0, 0, 100, "gp" ],
		"6Ucurrency2": [ 0, 0, 100, "sc" ],
		"10Ucurrency": [ 0, 50, "gp", "sc" ]
	},
	"tier2": {
		"base": "Base",
		"1Vmodifiers": {
			"add": {
				"bankSpace": 3
			}
		},
		"3Lskillbase": [ 1, 0, 1 ],
		"5Uskillextra": [ 1, 0, 2 ]
	},
	"tier3": {
		"base": "Base",
		"1Vmodifiers": {
			"add": {
				"bankSpace": 1
			}
		},
		"6Uxp": [ 0, 0, 100 ]
	},
	"melvorD:Bronze_Arrows": {
		"base": "tier1",
		"2barrier": [3],
		"2Ucbeasy": ["melvorD:Poison", 3, 20],
		"6Ucbeasy": ["100bhp", 2, 30],
		"10Ucbeasy": ["Poison", 3, 30]
	},
	"melvorAoD:Shatter_Arrows": {
		"base": "melvorD:Bronze_Arrows",
		"5OuniqueAttack": { "id": "ShatterArrow" }
	},
	"melvorD:Iron_Arrows": {
		"base": "tier2",
		"3barrier": [5],
		"2cbeasy": ["1Weakening", 3, 10],
		"5cbeasy": ["2Weakening", 3, 15],
		"10Ucbeasy": ["3Weakening", 3, 20,{"t": 4}]
	},
	"melvorD:Steel_Arrows": {
		"base": "tier3",
		"3cbeasy": ["2Sleep", 2, 10],
		"6cbeasy": ["3Sleep", 2, 15],
		"10Ucbeasy": ["3Sleep", 2, 20]
	},
	"melvorD:Mithril_Arrows": {
		"base": "Base",
		"5Ucbeasy": ["Bleed", 3, 20]
	},
	"melvorD:Adamant_Arrows": {
		"base": "Base",
		"5cbeasy": ["DeadlyPoison", 2, 10],
		"10Ucbeasy": [ "3Freeze", 3, 15 ]
	},
	"melvorAoD:Crystal_Arrows": {
		"base": "Base",
		"5OuniqueAttack": { "id": "CrystalShot" },
		"10Ucbeasy": [ "Burn", 2, 25 ]
	},
	"melvorD:Rune_Arrows": {
		"base": "Base",
		"5cbeasy": ["Frostburn", 3, 30],
		"10Ucbeasy": [ "30$$2@bspd", 2, 60 ]
	},
	"melvorAoD:Aranite_Arrows": {
		"base": "Base",
		"5cbeasy": ["Cleansed", 2, 50],
		"10cbeasy": ["Nulled", 2, 50]
	},
	"melvorD:Dragon_Arrows": {
		"base": "Base",
		"5Ucbeasy": ["Burn", 2, 30, {"i":{"c": 250, "u": -100, "m": 25} }],
		"10Ucbeasy": ["2Decay", 2, 20, {"t": 3}]
	},
	"melvorAoD:Darksteel_Arrows": {
		"base": "Base",
		"5Ucbeasy": ["Bleed200", 2, 20],
		"10Ucbeasy": ["BGSCheat:Shock", 3, 15]
	},
	"melvorAoD:Pure_Crystal_Arrows": {
		"base": "Base",
		"5OuniqueAttack": { "id": "CrystalShot" },
		"10Ucbeasy": [["10bunder","10dunder$"], 8, 100]
	},
	"melvorTotH:Corundum_Arrows": {
		"base": "Base",
		"5Ucbeasy": ["10shock", 3, 20],
		"10Ucbeasy": ["10reign", 2, 20]
	},
	"melvorTotH:Augite_Arrows": {
		"base": "Base",
		"5Ucbeasy": ["3Stun", 3, 25],
		"10cbeasy": ["100dhp", 3, 50]
	},
	"melvorTotH:Divine_Arrows": {
		"base": "Base",
		"5Ucbeasy": ["2Torment", 1, 20],
		"10Ucbeasy": ["10reign", 3, 30]
	},
	"melvorTotH:Ethereal_Arrows": {
		"base": "Base",
		"5Ucbeasy": ["100dp", 3, 10],
		"10Ucbeasy": ["2Fear", 2, 30,{"t": 4}]
	},
	"melvorItA:Abyssium_Arrows": {
		"base": "Base",
		"5Ucbeasy": ["10wither", 3, 20],
		"10Ucbeasy": ["ablaze", 3, 20]
	},
	"melvorItA:Brumite_Arrows": {
		"base": "Base",
		"5Ucbeasy": [ "10Blight", 3, 20, { "i": [500] } ],
		"10Ucbeasy": ["toxin", 2, 25]
	},
	"melvorItA:Gloomite_Arrows": {
		"base": "Base",
		"5Ucbeasy": ["5Silence", 1, 10],
		"10Ucbeasy": ["30Laceration", 3, 40, {"sa": 1}]
	},
	"melvorItA:Witherite_Arrows": {
		"base": "Base",
		"5Ucbeasy": ["100void", 3, 20],
		"10Ucbeasy": ["5ec", 2, 25]
	},
	"melvorItA:Netherite_Arrows": {
		"base": "Base",
		"5Ucbeasy": ["Bleed1600", 3, 10, {"pr": {"c": 10, "u": -5, "m": 1}}],
		"10Ucbeasy": [ [ "60$3bhit", "60$3bhp$", "60$3bspd$", "60$3bcrit$", "60$3bcritm$" ], 2, 100 ]
	},
	"melvorF:Topaz_Bolts": {
		"base": "tier2",
		"3OuniqueAttack": { "id": "TopazShots" },
		"10Ucbeasy": [ "Confusion", 3, 12 ]
	},
	"melvorAoD:Topaz_Bolts_Enchanted": {
		"base": "melvorF:Topaz_Bolts"
	},
	"melvorAoD:Topaz_Bolts_Arcane": {
		"base": "melvorAoD:Topaz_Bolts_Enchanted"
	},
	"melvorF:Sapphire_Bolts": {
		"base": "tier3",
		"5OuniqueAttack": { "id": "SapphireShots" },
		"10Ucbeasy": [ "Freeze", 3, 14 ]
	},
	"melvorAoD:Sapphire_Bolts_Enchanted": {
		"base": "melvorF:Sapphire_Bolts"
	},
	"melvorAoD:Sapphire_Bolts_Arcane": {
		"base": "melvorAoD:Sapphire_Bolts_Enchanted"
	},
	"melvorF:Ruby_Bolts": {
		"base": "Base",
		"5OuniqueAttack": { "id": "RubyShots" },
		"10Ucbeasy": [ "Burn", 3, 16 ]
	},
	"melvorAoD:Ruby_Bolts_Enchanted": {
		"base": "melvorF:Ruby_Bolts"
	},
	"melvorAoD:Ruby_Bolts_Arcane": {
		"base": "melvorAoD:Ruby_Bolts_Enchanted"
	},
	"melvorF:Emerald_Bolts": {
		"base": "Base",
		"5OuniqueAttack": { "id": "EmeraldShots" },
		"10Ucbeasy": [ "Poison", 3, 18 ]
	},
	"melvorAoD:Emerald_Bolts_Enchanted": {
		"base": "melvorF:Emerald_Bolts"
	},
	"melvorAoD:Emerald_Bolts_Arcane": {
		"base": "melvorAoD:Emerald_Bolts_Enchanted"
	},
	"melvorF:Diamond_Bolts": {
		"base": "Base",
		"5OuniqueAttack": { "id": "DiamondShots" },
		"10Ucbeasy": [ [ "30dres", "30deva$" ], 2, 25 ]
	},
	"melvorAoD:Diamond_Bolts_Enchanted": {
		"base": "melvorF:Diamond_Bolts"
	},
	"melvorAoD:Diamond_Bolts_Arcane": {
		"base": "melvorAoD:Diamond_Bolts_Enchanted"
	},
	"melvorF:Jadestone_Bolts": {
		"base": "Base",
		"5OuniqueAttack": { "id": "JadestoneShots" },
		"10Ucbeasy": ["100DeadlyPoison", 2, 15]
	},
	"melvorAoD:Jadestone_Bolts_Enchanted": {
		"base": "melvorF:Jadestone_Bolts"
	},
	"melvorAoD:Jadestone_Bolts_Arcane": {
		"base": "melvorAoD:Jadestone_Bolts_Enchanted"
	},
	"melvorTotH:Onyx_Bolts": {
		"base": "Base",
		"5Ucbeasy": ["1Madness", 2, 25],
		"10Ucbeasy": [ [ "20bhp", "50beva$", "50bacc$"], 2, 10 ]
	},
	"melvorTotH:Meteorite_Bolts": {
		"base": "Base",
		"5OuniqueAttack": { "id": "MeteorShot", "attackInterval": [ 50 ] },
		"10Ucbeasy": [ "1frostburn", 3, 30 ]
	},
	"melvorTotH:Decay_Bolts": {
		"base": "Base",
		"5Ucbeasy": ["10shock", 3, 20],
		"10Ucbeasy": ["50$5bspd", 2, 25]
	},
	"melvorTotH:Zephyte_Bolts": {
		"base": "Base",
		"5Ucbeasy": ["2Madness", 2, 30],
		"10Ucbeasy": ["2Torment", 2, 30]
	},
	"melvorItA:Nightopal_Bolts": {
		"base": "Base",
		"5Ucbeasy": ["15Blight", 3, 10],
		"10Ucbeasy": ["60$3dres", 2, 40]
	},
	"melvorItA:Shadowpearl_Bolts": {
		"base": "Base",
		"5Ucbeasy": ["3ec", 2, 30],
		"10Ucbeasy": ["Bleed1600", 3, 20]
	},
	"melvorItA:Moonstone_Bolts": {
		"base": "Base",
		"5Ucbeasy": ["3Silence", 2, 20],
		"10Ucbeasy": ["2frostburn", 3, 30, {"t": 3}]
	},
	"melvorItA:Voidheart_Bolts": {
		"base": "Base",
		"5Ucbeasy": ["25Lace", 2, 30, {"sa": [3]}],
		"10Ucbeasy": ["12wither", 3, 50]
	},
	"melvorItA:Voidburst_Bolts": {
		"base": "Base",
		"5Ucbeasy": ["3Fear", 2, 20, {"t": 3}],
		"10Ucbeasy": ["100void", 3, 30]
	},
	"melvorF:Bronze_Javelin": {
		"base": "tier1",
		"2barrier": [7],
		"2OuniqueAttack": { "id": "ImpairingShot" }
	},
	"melvorF:Iron_Javelin": {
		"base": "tier2",
		"3barrier": [10],
		"3OuniqueAttack": { "id": "Volley" }
	},
	"melvorF:Steel_Javelin": {
		"base": "tier3",
		"4OuniqueAttack": { "id": "ElementalImpactFreeze" }
	},
	"melvorF:Mithril_Javelin": {
		"base": "Unholy1",
		"5OuniqueAttack": { "id": "DualAttack" },
		"10Ucbeasy": [ "40dhit", 3, 20 ]
	},
	"melvorAoD:Crystal_Javelin": {
		"base": "Unholy1",
		"5OuniqueAttack": { "id": "ReflectionPlayer" },
		"10Ucbeasy": [ "2Crystallize", 2, 15 ]
	},
	"melvorF:Adamant_Javelin": {
		"base": "Unholy1",
		"5OuniqueAttack": { "id": "TripleDamage" },
		"10Ucbeasy": [ [ "100bacc","30bres$" ], 3, 25 ]
	},
	"melvorF:Rune_Javelin": {
		"base": "Unholy2",
		"5OuniqueAttack": { "id": "UnknownThreat", "attackCount": 3 },
		"10Ucbeasy": [ "25dtaken", 3, 20 ]
	},
	"melvorF:Dragon_Javelin": {
		"base": "Unholy2",
		"5OuniqueAttack": {
			"id": "Flurry",
			"damage": [ { "amplitude": 60 } ],
			"attackCount": 6,
			"onhitEffects": [
				{
					"effectID": "melvorF:Flurry0",
					"initialParams": [
						{
							"name": "maxStacks",
							"value": 10
						}
					]
				}
			]
		},
		"10Ucbeasy": [ "1Frostburn", 3, 35 ]
	},
	"melvorAoD:Pure_Crystal_Javelin": {
		"base": "Unholy2",
		"5OuniqueAttack": { "id": "CrystalShot" },
		"10Ucbeasy": [ [ "3Cleansed", "3Nulled" ], 3, 100 ]
	},
	"melvorTotH:Corundum_Javelin": {
		"base": [ "Unholy3", "TotHA" ],
		"5OuniqueAttack": { "id": "InfernalPower", "damage": [{"amplitude": 160}] },
		"10Ucbeasy": [ "1Despair", 3, 50 ]
	},
	"melvorTotH:Augite_Javelin": {
		"base": [ "Unholy3", "TotHA" ],
		"5OuniqueAttack": { "id": "DragonStormCall", "attackCount": 5 },
		"10Ucbeasy": [ "20$1$5bdmgshp", 3, 30 ]
	},
	"melvorTotH:Meteorite_Javelin": {
		"base": [ "Unholy4", "TotHA" ],
		"5OuniqueAttack": { "id": "MeteorShot", "damage": [ { "maxPercent": 50 } ] },
		"10Ucbeasy": [ "100bhit", 3, 30 ]
	},
	"melvorTotH:Divine_Javelin": {
		"base": [ "Unholy4", "TotHA" ],
		"5OuniqueAttack": { "id": "EtheralArrows" },
		"10Ucbeasy": [ "50dhp", 3, 25 ]
	},
	"melvorItA:Abyssium_Javelin": {
		"base": [ "Unholy5", "TotHA" ],
		"5OuniqueAttack": { "id": "BlightedTendrilGrasp" },
		"10Ucbeasy": [ "10Wither", 3, 50 ]
	},
	"melvorItA:Brumite_Javelin": {
		"base": [ "Unholy5", "TotHA" ],
		"5OuniqueAttack": { "id": "SoulbindChain" },
		"10Ucbeasy": [ "100$2bdmg", 3, 30 ]
	},
	"melvorItA:Gloomite_Javelin": {
		"base": [ "Unholy5", "TotHA" ],
		"5OuniqueAttack": { "id": "AbyssalBarrage" },
		"10Ucbeasy": [ "2Weakening", 3, 45 ]
	},
	"melvorItA:Witherite_Javelin": {
		"base": [ "Unholy5", "TotHA" ],
		"5OuniqueAttack": { "id": "BlightedFeathersPlayer" },
		"10Ucbeasy": [ [ "90$3dacc", "90$3deva$", "60$2dhp$" ], 3, 50 ]
	},
	"melvorItA:Netherite_Javelin": {
		"base": [ "Unholy5", "TotHA" ],
		"5OuniqueAttack": {
			"id": "BlackHole",
			"onhitEffects": [
				{
					"effectID": "BGSCheat:Voidburst",
					"initialParams": [
						{
							"name": "stacksToAdd",
							"value": [ 2 ]
						},
						{
							"name": "stacks",
							"value": [ 2 ]
						}
					]
				},
				{
					"effectID": "BGSCheat:Slow",
					"initialParams": [
						{
							"name": "magnitude",
							"value": 50
						}
					]
				}
			],
			"attackCount": 10,
			"attackInterval": { "c": 200, "u": -100 }
		},
		"10Ucbeasy": [ "5Silence", 3, 100 ]
	},
	"melvorD:Normal_Shortbow": {
		"base": "tier1",
		"Uress": [ 1 ],
		"2barrier": [4],
		"2OuniqueAttack": { "id": "PoisonedHit" }
	},
	"melvorD:Oak_Shortbow": {
		"base": "tier2",
		"Uress": [ 2 ],
		"3barrier": [6],
		"3OuniqueAttack": { "id": "Stormsnap" }
	},
	"melvorF:Willow_Shortbow": {
		"base": "tier3",
		"Uress": [ 3 ],
		"4OuniqueAttack": { "id": "TiltedShot" }
	},
	"melvorAoD:Crystal_Shortbow": {
		"base": "Unholy1",
		"Uress": [ 4 ],
		"5OuniqueAttack": { "id": "TelekinesisPlayer" },
		"10Ucbeasy": [ "1Crystal", 2, 20 ]
	},
	"melvorD:Maple_Shortbow": {
		"base": "Unholy1",
		"Uress": [ 4 ],
		"5OuniqueAttack": { "id": "PoisonedHit" },
		"10Ucbeasy": [ "1Anguish", 8, 15 ]
	},
	"melvorD:Yew_Shortbow": {
		"base": "Unholy1",
		"Uress": [ 5 ],
		"5OuniqueAttack": { "id": "ImpossibleShot" },
		"10Ucbeasy": [ "6Sleep", 8, 20 ]
	},
	"melvorD:Magic_Shortbow": {
		"base": "Unholy2",
		"Uress": [ 6 ],
		"5OuniqueAttack": { "id": "RapidFire" },
		"10Ucbeasy": [ "100Poison", 2, 15 ]
	},
	"melvorF:Redwood_Shortbow": {
		"base": "Unholy2",
		"Uress": [ 7 ],
		"5OuniqueAttack": { "id": "PiercingArrow" },
		"10Ucbeasy": [ [ "1Decay", "20Slow" ], 3, 25 ]
	},
	"melvorAoD:Pure_Crystal_Shortbow": {
		"base": "Unholy2",
		"Uress": [ 7 ],
		"5OuniqueAttack": { "id": "EradicatingBlast" },
		"10Ucbeasy": [ "1Petrified", 2, 25 ]
	},
	"melvorTotH:Elderwood_Shortbow": {
		"base": [ "Unholy3", "TotHA" ],
		"Uress": [ 8 ],
		"5OuniqueAttack": { "id": "ElderwoodPoison" },
		"10Ucbeasy": [ "50$10$3ddot", 2, 45 ]
	},
	"melvorTotH:Revenant_Shortbow": {
		"base": [ "Unholy3", "TotHA" ],
		"Uress": [ 9 ],
		"5OuniqueAttack": { "id": "MeteorShowerArchaic","damage": [{"amplitude": 140}] },
		"10Ucbeasy": [ "4Sleep", 2, 20 ]
	},
	"melvorTotH:Carrion_Shortbow": {
		"base": [ "Unholy4", "TotHA" ],
		"Uress": [ 10 ],
		"5OuniqueAttack": { "id": "CarrionMarker" },
		"10Ucbeasy": [ "100$$3@bcritm", 2, 50 ]
	},
	"melvorItA:Twisted_Shortbow": {
		"base": [ "Unholy5", "TotHA" ],
		"Uress": [ 0, 3 ],
		"5OuniqueAttack": { "id": "StingingSilencePlayer","attackCount": 3 },
		"10Ucbeasy": [ "30$1ddmgs", 2, 50 ]
	},
	"melvorItA:Lacerating_Shortbow": {
		"base": "melvorItA:Twisted_Shortbow",
		"10Ucbeasy": [ "30Lace", 2, 50 ]
	},
	"melvorItA:Plagueroot_Shortbow": {
		"base": [ "Unholy5", "TotHA" ],
		"Uress": [ 0, 6 ],
		"5OuniqueAttack": { "id": "VoidVortexPlayer", "attackCount": 10 },
		"10Ucbeasy": [ "Stun", 3, 30 ]
	},
	"melvorItA:Shadebark_Shortbow": {
		"base": [ "Unholy5", "TotHA" ],
		"Uress": [ 0, 9 ],
		"5OuniqueAttack": { "id": "VoidburstBeam" },
		"10Ucbeasy": [ "3EldritchCurse", 3, 25 ]
	},
	"melvorItA:Crumbletain_Shortbow": {
		"base": [ "Unholy5", "TotHA" ],
		"Uress": [ 0, 12 ],
		"5OuniqueAttack": { "id": "DevouringVoid" },
		"10Ucbeasy": [ [ "40dhp", "40dhit$" ], 3, 35 ]
	},
	"melvorItA:Whisperwillow_Shortbow": {
		"base": [ "Unholy5", "TotHA" ],
		"Uress": [ 0, 15 ],
		"5OuniqueAttack": {
			"id": "ConsumingGrasp",
	    "attackCount":  6,
			"damage": [
				{
					"maxPercent": 110
				}
			],
			"onhitEffects": [
				{
					"effectID": "BGSCheat:Slow",
					"initialParams": [
						{
							"name": "magnitude",
							"value": 30
						}
					]
				}
			]
		},
		"10Ucbeasy": [ "3Silence", 3, 100 ]
	},
	"melvorF:Normal_Longbow": {
		"base": "tier1",
		"Uress": [ 1 ],
		"2barrier": [5],
		"2OuniqueAttack": { "id": "PoisonedHit" }
	},
	"melvorF:Oak_Longbow": {
		"base": "tier2",
		"Uress": [ 2 ],
		"3barrier": [7],
		"3OuniqueAttack": { "id": "DiamondShots" }
	},
	"melvorF:Willow_Longbow": {
		"base": "tier3",
		"Uress": [ 3 ],
		"4OuniqueAttack": { "id": "OnTheHunt" }
	},
	"melvorAoD:Crystal_Longbow": {
		"base": "Unholy1",
		"Uress": [ 4 ],
		"5OuniqueAttack": { "id": "TrapDoor" },
		"10Ucbeasy": [ "30$30$1bspd", 3, 35 ]
	},
	"melvorD:Maple_Longbow": {
		"base": "Unholy1",
		"Uress": [ 4 ],
		"5OuniqueAttack": { "id": "RapidFire" },
		"10Ucbeasy": [ [ "100dacc", "100deva$" ], 3, 30 ]
	},
	"melvorF:Yew_Longbow": {
		"base": "Unholy1",
		"Uress": [ 5 ],
		"5OuniqueAttack": { "id": "Volley" },
		"10Ucbeasy": [ [ "30$$3@dacc", "10$$3@dres$" ], 3, 20 ]
	},
	"melvorF:Magic_Longbow": {
		"base": "Unholy2",
		"Uress": [ 6 ],
		"5OuniqueAttack": { "id": "Shockwave", "damage": [ {}, { "maxPercent": 300 } ] },
		"10Ucbeasy": [ [ "Weakening" ], 3, 40 ]
	},
	"melvorAoD:Unholy_Longbow": {
		"base": "Unholy2",
		"Uress": [ 7 ],
		"5Uatkeffect": [3],
		"5Ucbeasy": [ "20unholy", 3 ],
		"5OuniqueAttack": { "id": "EngulfingVortexPlayer" },
		"10Ucbeasy": [ [ "50bhp", "50bres$", "50btaken$" ], 3, 15 ]
	},
	"melvorAoD:Cursed_Longbow": {
		"base": "melvorAoD:Unholy_Longbow",
		"10Ucbeasy": [ [ "10Malice", "10Destruction", "10Spite", "10Consume", "10Eradicate"], 7, 100 ]
	},
	"melvorD:Redwood_Longbow": {
		"base": "Unholy2",
		"Uress": [ 7 ],
		"5OuniqueAttack": { "id": "IcePrison", "damage": [{"amplitude": 180}] },
		"10Ucbeasy": [ "100Poison", 2, 20 ]
	},
	"melvorAoD:Pure_Crystal_Longbow": {
		"base": "Unholy2",
		"Uress": [ 7 ],
		"5OuniqueAttack": { "id": "PlagueBoltPlayer" },
		"10Ucbeasy": [ "100Deadly", 2, 10 ]
	},
	"melvorTotH:Elderwood_Longbow": {
		"base": [ "Unholy3", "TotHA" ],
		"Uress": [ 8 ],
		"5OuniqueAttack": { "id": "TorrentialBlast" },
		"10Ucbeasy": [ [ "2Freeze" ], 3, 25 ]
	},
	"melvorTotH:Revenant_Longbow": {
		"base": [ "Unholy3", "TotHA" ],
		"Uress": [ 9 ],
		"5OuniqueAttack": { "id": "RevenantHunter" },
		"10Ucbeasy": [ [ "100bhp" ], 3, 30 ]
	},
	"melvorTotH:Carrion_Longbow": {
		"base": [ "Unholy4", "TotHA" ],
		"Uress": [ 10 ],
		"5OuniqueAttack": { "id": "ThornedPower" },
		"10Ucbeasy": [ [ "2Madness" ], 3, 20 ]
	},
	"melvorTotH:Thorned_Power_Bow": {
		"base": [ "melvorTotH:Carrion_Longbow" ],
		"10Ucbeasy": [ [ "100Deadly" ], 3, 15 ]
	},
	"melvorItA:Twisted_Longbow": {
		"base": [ "Unholy5", "TotHA" ],
		"Uress": [ 0, 3 ],
		"5OuniqueAttack": { "id": "EldritchBeam" },
		"10Ucbeasy": [ "100Poison", 3, 50 ]
	},
	"melvorItA:Plagueroot_Longbow": {
		"base": [ "Unholy5", "TotHA" ],
		"Uress": [ 0, 6 ],
		"5OuniqueAttack": { "id": "NecroticBeam" },
		"10Ucbeasy": [ [ "Blight", "Silence", "Wither", "EldritchCurse", "Void", "Toxin", "Ablaze" ], 3, 15 ]
	},
	"melvorItA:Shadebark_Longbow": {
		"base": [ "Unholy5", "TotHA" ],
		"Uress": [ 0, 9 ],
		"5OuniqueAttack": {
			"id": "CommandOfTheKing",
			"onhitEffects": [
				{
					"effectID": "BGSCheat:Fear",
					"initialParams": [
						{
							"name": "initialStacks",
							"value": 2
						}
					]
				},
				{
					"effectID": "BGSCheat:Wither",
					"initialParams": [
						{
							"name": "maxStacks",
							"value": 16
						}
					]
				},
				{
					"effectID": "BGSCheat:Voidburst",
					"initialParams": [
						{
							"name": "stacks",
							"value": 2
						},
						{
							"name": "stacksToAdd",
							"value": 2
						}
					]
				}
			]
		},
		"10Ucbeasy": [ [ "100Ablaze", "100Toxin" ], 3, 50 ]
	},
	"melvorItA:Crumbletain_Longbow": {
		"base": [ "Unholy5", "TotHA" ],
		"Uress": [ 0, 12 ],
		"5OuniqueAttack": { "id": "AbyssalWhirlwind" },
		"10Ucbeasy": [ [ "100Burn", "100Ablaze" ], 3, 50 ]
	},
	"melvorItA:Whisperwillow_Longbow": {
		"base": [ "Unholy5", "TotHA" ],
		"Uress": [ 0, 15 ],
		"5OuniqueAttack": { "id": "TerrorBeam", "attackCount": 32 },
		"10Ucbeasy": [ [ "100dspd" ], 3, 100 ]
	},
	"melvorF:Bronze_Crossbow": {
		"base": "tier1",
		"2barrier": [3],
		"2OuniqueAttack": { "id": "ElementalImpactBurn" }
	},
	"melvorF:Iron_Crossbow": {
		"base": "tier2",
		"3barrier": [5],
		"3OuniqueAttack": { "id": "SwiftAttack", "damage": [{"amplitude": 80}] }
	},
	"melvorF:Steel_Crossbow": {
		"base": "tier3",
		"4OuniqueAttack": { "id": "FrozenShot" }
	},
	"melvorF:Mithril_Crossbow": {
		"base": "Unholy1",
		"5OuniqueAttack": { "id": "Stormsnap" },
		"10Ucbeasy": [ [ "sleep" ], 3, 12 ]
	},
	"melvorAoD:Crystal_Crossbow": {
		"base": "Unholy1",
		"5OuniqueAttack": { "id": "Manipulate" },
		"10Ucbeasy": [ "Petrified", 3, 20 ]
	},
	"melvorF:Adamant_Crossbow": {
		"base": "Unholy1",
		"5OuniqueAttack": { "id": "InfernalVolley" },
		"10Ucbeasy": [ [ "50bspd" ], 3, 25 ]
	},
	"melvorF:Rune_Crossbow": {
		"base": "Unholy2",
		"5OuniqueAttack": { "id": "BruteForce" },
		"10Ucbeasy": [ [ "50dhit" ], 3, 25 ]
	},
	"melvorF:Dragon_Crossbow": {
		"base": "Unholy2",
		"5OuniqueAttack": { "id": "Shockwave", "damage": [ {}, { "maxPercent": 260 } ] },
		"10Ucbeasy": [ [ "50bres", "100$2beva$" ], 3, 20 ]
	},
	"melvorF:Slayer_Crossbow": {
		"base": "melvorF:Dragon_Crossbow"
	},
	"melvorAoD:Pure_Crystal_Crossbow": {
		"base": "Unholy2",
		"5OuniqueAttack": { "id": "CrystalBoom" },
		"10Ucbeasy": [ "100Burn", 2, 15 ]
	},
	"melvorTotH:Corundum_Crossbow": {
		"base": [ "Unholy3", "TotHA" ],
		"5OuniqueAttack": { "id": "SlicingMaelstromArchaic" },
		"10Ucbeasy": [ "1Madness", 3, 25 ]
	},
	"melvorTotH:Augite_Crossbow": {
		"base": [ "Unholy3", "TotHA" ],
		"5OuniqueAttack": { "id": "AugiteCrystallization" },
		"10Ucbeasy": [ "30$$3@bhit", 3, 25 ]
	},
	"melvorTotH:Meteorite_Crossbow": {
		"base": [ "Unholy4", "TotHA" ],
		"5OuniqueAttack": { "id": "MeteorShot", "attackCount": 10 },
		"10Ucbeasy": [ "100$2dspd", 3, 35 ]
	},
	"melvorTotH:Divine_Crossbow": {
		"base": [ "Unholy4", "TotHA" ],
		"5OuniqueAttack": { "id": "FeatherStormPlayer" },
		"10Ucbeasy": [ "1Torment", 3, 30 ]
	},
	"melvorItA:Abyssium_Crossbow": {
		"base": [ "Unholy5", "TotHA" ],
		"5OuniqueAttack": { "id": "FeatheredFrenzy" },
		"10Ucbeasy": [ "2Freeze", 3, 25 ]
	},
	"melvorItA:Brumite_Crossbow": {
		"base": [ "Unholy5", "TotHA" ],
		"5OuniqueAttack": { "id": "ToxicBlastPlayer", "damage": [ { "maxPercent": 160 } ] },
		"10Ucbeasy": [ [ "100bhit", "50bres$" ], 3, 15 ]
	},
	"melvorItA:Toxic_Blast_Crossbow": {
		"base": "melvorItA:Brumite_Crossbow",
		"10Ucbeasy": [ "Anguish", 3, 25 ]
	},
	"melvorItA:Gloomite_Crossbow": {
		"base": [ "Unholy5", "TotHA" ],
		"5OuniqueAttack": { "id": "MutedMaelstrom" },
		"10Ucbeasy": [ "10Wither", 3, 35 ]
	},
	"melvorItA:Witherite_Crossbow": {
		"base": [ "Unholy5", "TotHA" ],
		"5OuniqueAttack": { "id": "VoidblazeBurst" },
		"10Ucbeasy": [ [ "100$25$2dtaken" ], 3, 100 ]
	},
	"melvorItA:Netherite_Crossbow": {
		"base": [ "Unholy5", "TotHA" ],
		"5OuniqueAttack": { "id": "InfiniteVoid", "attackCount": 8 },
		"10Ucbeasy": [ [ "100$5ddmg" ], 3, 25 ]
	}
}
