{
	"melvorF:Bronze_Arrows":["melvorD:Bronze_Arrows","melvorAoD:Shatter_Arrows"],
	"melvorF:Iron_Arrows":["melvorD:Iron_Arrows"],
	"melvorF:Steel_Arrows":["melvorD:Steel_Arrows"],
	"melvorF:Mithril_Arrows":["melvorD:Mithril_Arrows"],
	"melvorF:Adamant_Arrows":["melvorD:Adamant_Arrows"],
	"melvorF:Rune_Arrows":["melvorD:Rune_Arrows"],
	"melvorF:Dragon_Arrows":["melvorD:Dragon_Arrows"],
	"melvorF:Topaz_Bolts": [ "melvorF:Topaz_Bolts", "melvorAoD:Topaz_Bolts_Enchanted", "melvorAoD:Topaz_Bolts_Arcane" ],
	"melvorF:Sapphire_Bolts": [ "melvorF:Sapphire_Bolts", "melvorAoD:Sapphire_Bolts_Enchanted", "melvorAoD:Sapphire_Bolts_Arcane" ],
	"melvorF:Ruby_Bolts":["melvorF:Ruby_Bolts", "melvorAoD:Ruby_Bolts_Enchanted", "melvorAoD:Ruby_Bolts_Arcane" ],
	"melvorF:Emerald_Bolts":["melvorF:Emerald_Bolts", "melvorAoD:Emerald_Bolts_Enchanted", "melvorAoD:Emerald_Bolts_Arcane" ],
	"melvorF:Diamond_Bolts":["melvorF:Diamond_Bolts", "melvorAoD:Diamond_Bolts_Enchanted", "melvorAoD:Diamond_Bolts_Arcane" ],
	"melvorF:Jadestone_Bolts":["melvorF:Jadestone_Bolts", "melvorAoD:Jadestone_Bolts_Enchanted", "melvorAoD:Jadestone_Bolts_Arcane" ],
	"melvorF:Normal_Shortbow":["melvorD:Normal_Shortbow"],
	"melvorF:Oak_Shortbow":["melvorD:Oak_Shortbow"],
	"melvorF:Willow_Shortbow":["melvorF:Willow_Shortbow"],
	"melvorF:Maple_Shortbow":["melvorD:Maple_Shortbow"],
	"melvorF:Yew_Shortbow":["melvorD:Yew_Shortbow"],
	"melvorF:Magic_Shortbow":["melvorD:Magic_Shortbow"],
	"melvorF:Redwood_Shortbow":["melvorF:Redwood_Shortbow"],
	"melvorF:Normal_Longbow":["melvorF:Normal_Longbow"],
	"melvorF:Oak_Longbow":["melvorF:Oak_Longbow"],
	"melvorF:Willow_Longbow":["melvorF:Willow_Longbow"],
	"melvorF:Maple_Longbow":["melvorD:Maple_Longbow"],
	"melvorF:Yew_Longbow":["melvorF:Yew_Longbow"],
	"melvorF:Magic_Longbow":["melvorD:Magic_Longbow"],
	"melvorF:Redwood_Longbow":["melvorD:Redwood_Longbow"],
	"melvorF:Bronze_Crossbow":["melvorF:Bronze_Crossbow"],
	"melvorF:Iron_Crossbow":["melvorF:Iron_Crossbow"],
	"melvorF:Steel_Crossbow":["melvorF:Steel_Crossbow"],
	"melvorF:Mithril_Crossbow":["melvorF:Mithril_Crossbow"],
	"melvorF:Adamant_Crossbow":["melvorF:Adamant_Crossbow"],
	"melvorF:Rune_Crossbow":["melvorF:Rune_Crossbow"],
	"melvorF:Dragon_Crossbow": [ "melvorF:Dragon_Crossbow", "melvorF:Slayer_Crossbow" ],
	"melvorF:Bronze_Javelin":["melvorF:Bronze_Javelin"],
	"melvorF:Iron_Javelin":["melvorF:Iron_Javelin"],
	"melvorF:Steel_Javelin":["melvorF:Steel_Javelin"],
	"melvorF:Mithril_Javelin":["melvorF:Mithril_Javelin"],
	"melvorF:Adamant_Javelin":["melvorF:Adamant_Javelin"],
	"melvorF:Rune_Javelin":["melvorF:Rune_Javelin"],
	"melvorF:Dragon_Javelin":["melvorF:Dragon_Javelin"],
	"melvorTotH:Elderwood_Shortbow":["melvorTotH:Elderwood_Shortbow"],
	"melvorTotH:Elderwood_Longbow":["melvorTotH:Elderwood_Longbow"],
	"melvorTotH:Revenant_Shortbow":["melvorTotH:Revenant_Shortbow"],
	"melvorTotH:Revenant_Longbow":["melvorTotH:Revenant_Longbow"],
	"melvorTotH:Carrion_Shortbow":["melvorTotH:Carrion_Shortbow"],
	"melvorTotH:Carrion_Longbow": [ "melvorTotH:Carrion_Longbow", "melvorTotH:Thorned_Power_Bow" ],
	"melvorTotH:Corundum_Arrows":["melvorTotH:Corundum_Arrows"],
	"melvorTotH:Augite_Arrows":["melvorTotH:Augite_Arrows"],
	"melvorTotH:Divine_Arrows":["melvorTotH:Divine_Arrows"],
	"melvorTotH:Ethereal_Arrows":["melvorTotH:Ethereal_Arrows"],
	"melvorTotH:Onyx_Bolts":["melvorTotH:Onyx_Bolts"],
	"melvorTotH:Meteorite_Bolts":["melvorTotH:Meteorite_Bolts"],
	"melvorTotH:Decay_Bolts":["melvorTotH:Decay_Bolts"],
	"melvorTotH:Zephyte_Bolts":["melvorTotH:Zephyte_Bolts"],
	"melvorTotH:Corundum_Crossbow":["melvorTotH:Corundum_Crossbow"],
	"melvorTotH:Augite_Crossbow":["melvorTotH:Augite_Crossbow"],
	"melvorTotH:Divine_Crossbow":["melvorTotH:Divine_Crossbow"],
	"melvorTotH:Meteorite_Crossbow":["melvorTotH:Meteorite_Crossbow"],
	"melvorTotH:Corundum_Javelin":["melvorTotH:Corundum_Javelin"],
	"melvorTotH:Augite_Javelin":["melvorTotH:Augite_Javelin"],
	"melvorTotH:Divine_Javelin":["melvorTotH:Divine_Javelin"],
	"melvorTotH:Meteorite_Javelin":["melvorTotH:Meteorite_Javelin"],
	"melvorAoD:Unholy_Longbow":["melvorAoD:Unholy_Longbow","melvorAoD:Cursed_Longbow"],
	"melvorAoD:Darksteel_Arrows":["melvorAoD:Darksteel_Arrows"],
	"melvorAoD:Aranite_Arrows":["melvorAoD:Aranite_Arrows"],
	"melvorAoD:Crystal_Arrows":["melvorAoD:Crystal_Arrows"],
	"melvorAoD:Pure_Crystal_Arrows":["melvorAoD:Pure_Crystal_Arrows"],
	"melvorAoD:Crystal_Shortbow":["melvorAoD:Crystal_Shortbow"],
	"melvorAoD:Crystal_Longbow":["melvorAoD:Crystal_Longbow"],
	"melvorAoD:Pure_Crystal_Shortbow":["melvorAoD:Pure_Crystal_Shortbow"],
	"melvorAoD:Pure_Crystal_Longbow":["melvorAoD:Pure_Crystal_Longbow"],
	"melvorAoD:Crystal_Javelin":["melvorAoD:Crystal_Javelin"],
	"melvorAoD:Pure_Crystal_Javelin":["melvorAoD:Pure_Crystal_Javelin"],
	"melvorAoD:Crystal_Crossbow":["melvorAoD:Crystal_Crossbow"],
	"melvorAoD:Pure_Crystal_Crossbow":["melvorAoD:Pure_Crystal_Crossbow"],
	"melvorItA:Abyssium_Arrows":["melvorItA:Abyssium_Arrows"],
	"melvorItA:Twisted_Shortbow": [ "melvorItA:Twisted_Shortbow", "melvorItA:Lacerating_Shortbow" ],
	"melvorItA:Twisted_Longbow":["melvorItA:Twisted_Longbow"],
	"melvorItA:Abyssium_Javelin":["melvorItA:Abyssium_Javelin"],
	"melvorItA:Nightopal_Bolts":["melvorItA:Nightopal_Bolts"],
	"melvorItA:Abyssium_Crossbow":["melvorItA:Abyssium_Crossbow"],
	"melvorItA:Brumite_Arrows":["melvorItA:Brumite_Arrows"],
	"melvorItA:Plagueroot_Shortbow":["melvorItA:Plagueroot_Shortbow"],
	"melvorItA:Plagueroot_Longbow":["melvorItA:Plagueroot_Longbow"],
	"melvorItA:Brumite_Javelin":["melvorItA:Brumite_Javelin"],
	"melvorItA:Shadowpearl_Bolts":["melvorItA:Shadowpearl_Bolts"],
	"melvorItA:Brumite_Crossbow": [ "melvorItA:Brumite_Crossbow", "melvorItA:Toxic_Blast_Crossbow" ],
	"melvorItA:Gloomite_Arrows":["melvorItA:Gloomite_Arrows"],
	"melvorItA:Shadebark_Shortbow":["melvorItA:Shadebark_Shortbow"],
	"melvorItA:Shadebark_Longbow":["melvorItA:Shadebark_Longbow"],
	"melvorItA:Gloomite_Javelin":["melvorItA:Gloomite_Javelin"],
	"melvorItA:Moonstone_Bolts":["melvorItA:Moonstone_Bolts"],
	"melvorItA:Gloomite_Crossbow":["melvorItA:Gloomite_Crossbow"],
	"melvorItA:Witherite_Arrows":["melvorItA:Witherite_Arrows"],
	"melvorItA:Crumbletain_Shortbow":["melvorItA:Crumbletain_Shortbow"],
	"melvorItA:Crumbletain_Longbow":["melvorItA:Crumbletain_Longbow"],
	"melvorItA:Witherite_Javelin":["melvorItA:Witherite_Javelin"],
	"melvorItA:Voidheart_Bolts":["melvorItA:Voidheart_Bolts"],
	"melvorItA:Witherite_Crossbow":["melvorItA:Witherite_Crossbow"],
	"melvorItA:Netherite_Arrows":["melvorItA:Netherite_Arrows"],
	"melvorItA:Whisperwillow_Shortbow":["melvorItA:Whisperwillow_Shortbow"],
	"melvorItA:Whisperwillow_Longbow":["melvorItA:Whisperwillow_Longbow"],
	"melvorItA:Netherite_Javelin":["melvorItA:Netherite_Javelin"],
	"melvorItA:Voidburst_Bolts":["melvorItA:Voidburst_Bolts"],
	"melvorItA:Netherite_Crossbow":["melvorItA:Netherite_Crossbow"]
}
