{
  "melvorAoD:Old_Wooden_Ladle": {
    "Omodifiers": {
      "add": {
        "skillInterval": [
          {
            "skillID": "melvorD:Cooking",
            "actionID": "melvorD:Basic_Soup",
            "value": -10
          }
        ]
      }
    },
    "5UskillAddItem": [
      1,
      [ "melvorF:Summoning_Shard_Green", "cook" ]
    ],
    "5Uxp": [ 0, 0, 300, "cook" ]
  },
  "melvorAoD:Old_Woodcutting_Gloves": {
    "Omodifiers": {
      "add": {
        "additionalPrimaryProductChance": [
          {
            "skillID": "melvorD:Woodcutting",
            "realmID": "melvorD:Melvor",
            "value": 10
          }
        ],
        "masteryXP": [
          {
            "skillID": "melvorD:Woodcutting",
            "realmID": "melvorD:Melvor",
            "value": 3
          }
        ]
      }
    },
    "5UskillAddItem": [
      1,
      [ "melvorF:Summoning_Shard_Red", "wood" ]
    ],
    "10Uxp": [ 0, 0, 200 ]
  },
  "melvorAoD:Basic_Barrier_Gem": {
    "base": "Base",
    "Omodifiers": {
      "add": {
        "flatBarrierDamage": 1
      }
    },
    "Larch2": [ 0, 0, 0, 0, 500, "gp" ],
    "5Lcurrency2": [ 0, 0, 20, "sc" ],
    "10Ucart2": [ 0, 0, 0, 50 ]
  },
  "melvorAoD:Old_Hunting_Bow": {
    "base": "Unholy1",
    "Uress": [ 4 ],
    "5Lcurrency2": [ 100, "sc" ],
    "5OuniqueAttack": { "id": "HunterPrecision" },
    "5Uxp": [ 0, 0, 200 ]
  },
  "melvorAoD:Ancient_Hunting_Bow": {
    "base": "Unholy2",
    "Uress": [ 7 ],
    "5OuniqueAttack": { "id": "Killshot" },
    "10Ucbeasy": [ "3$$3frost", 3, 10 ]
  },
  "melvorAoD:Barrier_Gem": {
    "base": "Unholy1",
    "Omodifiers": {
      "add": {
        "flatBarrierDamage": 1.5
      }
    },
    "Msums": [ 10 ],
    "5Uxp": [ 0, 0, 200 ],
    "5Ucart2": [ 0, -20 ]
  },
  "melvorAoD:Ancient_Scythe": {
    "Nmodifiers": {
      "add": {
        "basePrimaryProductQuantity": [
          {
            "skillID": "melvorD:Farming",
            "realmID": "melvorD:Melvor",
            "value": 8
          }
        ],
        "skillItemDoublingChance": [
          {
            "skillID": "melvorD:Farming",
            "value": 15
          }
        ]
      }
    },
    "5farm": [
      0,
      0,
      3,
      [ 0, "melvorD:Allotment" ],
      [ 0, "melvorD:Herb" ],
      [ 0, "melvorD:Tree" ]
    ],
    "5Uxp": [ 0, 0, 200 ],
    "10farm": [ 0, 20 ]
  },
  "melvorAoD:Bronze_Ring": {
    "base": "BaseRing1",
    "Ohidden": [ 3, "atk", "str", "def", "ran", "mag" ],
    "5Vcurrency3": [ 0.2, "sc" ]
  },
  "melvorAoD:Bone_Ring": {
    "base": "BaseRing1",
    "OprayerGetCombat": [ 0, 0, 3 ],
    "5Uxp": [ 0, 0, 200 ]
  },
  "melvorAoD:Accuracy_Gem": {
    "base": "Unholy1",
    "1Ocbeasy": [
      "melvorAoD:AccuracyGem",
      7,
      100,
      { "sm": 10 },
      [ 0, true ]
    ],
    "5Vcurrency3": [ 0.4, "gp" ]
  },
  "melvorAoD:Harming_Potion": {
    "Nmodifiers": {
      "add": {
        "selfDamageOnHitBasedOnCurrentHitpoints": {
          "c": 20,
          "u": -10,
          "m": 0
        },
        "maxHit": 13,
        "accuracyRating": 13,
        "evasion": 13
      }
    },
    "5Uatkspd": [ 0, -13 ],
    "10Uhp": [ 0, 13 ]
  },
  "melvorAoD:Sacrificial_Dagger": {
    "base": "tier3",
    "Nmodifiers": {
      "add": {
        "flatMeleeStrengthBonusBasedOnSkillLevel": [
          {
            "skillID": "melvorD:Hitpoints",
            "value": 1
          }
        ]
      }
    },
    "4OuniqueAttack": { "id": "BloodLinkPlayer" }
  },
  "melvorAoD:Blood_Chalice": {
    "modifiers": {
      "add": {
        "selfDamageOnHitBasedOnCurrentHitpoints": {
          "c": 5,
          "v": -1,
          "m": 1
        }
      }
    },
    "Ohidden": [ 5, "atk", "str", "def", "hp", "ran", "mag" ],
    "5steal": [ 5 ],
    "5Vcurrency3": [ 0.2, "sc" ]
  },
  "melvorAoD:Circlet_of_Pain": {
    "base": "Unholy1",
    "Nmodifiers": {
      "add": {
        "selfDamageOnHitBasedOnCurrentHitpoints": {
          "c": 5,
          "u": -1,
          "m": 1
        },
        "rolledReflectDamage": 4
      }
    },
    "5Ureflect": [ 5 ],
    "5Ubypass": [ 2 ],
    "10Ureflect": [ 0, 10 ]
  },
  "melvorAoD:Cult_Robes": {
    "base": "Adept_Body",
    "Mmaghits": [ [ 20, 40, "bolt" ] ]
  },
  "melvorAoD:Ancient_Whetstone": {
    "Omodifiers": {
      "add": {
        "meleeAccuracyRating": 10,
        "meleeMaxHit": 10
      }
    },
    "5UstrBonus": [ 4 ]
  },
  "melvorAoD:Relic_Whetstone": {
    "Nmodifiers": {
      "add": {
        "meleeAccuracyMaxHitPer8Strength": 1
      }
    },
    "5UstrBonus": [ 2, 0, 0, 2 ]
  },
  "melvorAoD:Bulky_Gloves": {
    "base": "Unholy2",
    "5cbeasy": [ "2stun", 9, 20 ]
  },
  "melvorAoD:Chisel": {
    "Nmodifiers": {
      "add": {
        "masteryXP": [
          {
            "skillID": "melvorD:Crafting",
            "realmID": "melvorD:Melvor",
            "value": 3
          }
        ],
        "flatSkillInterval": [
          {
            "skillID": "melvorD:Crafting",
            "value": -100
          }
        ]
      }
    },
    "5Uxp": [ 0, 0, 200 ],
    "10Uskillextra": [ 0, 1, "craf" ]
  },
  "melvorAoD:Heavy_Boots": {
    "base": "Base",
    "5cbeasy": [ "20bres", 5, 35 ]
  },
  "melvorAoD:Stone_Hammer": {
    "base": "Unholy1",
    "5OuniqueAttack": { "id": "BurningRootsPlayer" },
    "10Ucbeasy": [ "1cs", 9, 20 ]
  },
  "melvorAoD:Golden_Wreath": {
    "1Lmodifiers": {
      "add": {
        "flatCurrencyGain": [
          {
            "currencyID": "melvorD:GP",
            "value": 100
          }
        ],
        "nonCombatSkillXP": 3,
        "masteryXP": [
          {
            "realmID": "melvorD:Melvor",
            "value": 3
          }
        ]
      }
    },
    "5Lmodifiers": {
      "add": {
        "flatCurrencyGain": [
          {
            "currencyID": "melvorD:SlayerCoins",
            "value": 100
          }
        ]
      }
    },
    "5Uxp": [ 0, 0, 200 ]
  },
  "melvorAoD:Dividers": {
    "Nmodifiers": {
      "add": {
        "mapRefinementCost": -20
      }
    }
  },
  "melvorAoD:Old_Crafting_Gloves": {
    "1Lmodifiers": {
      "add": {
        "crafting30CurrencyGainChance": [
          {
            "currencyID": "melvorD:GP",
            "value": 10
          }
        ],
        "masteryXP": [
          {
            "skillID": "melvorD:Crafting",
            "realmID": "melvorD:Melvor",
            "value": 3
          }
        ]
      }
    },
    "5Uxp": [ 0, 0, 200 ],
    "10Uskillextra": [ 0, 1, "craf" ]
  },
  "melvorAoD:Tiny_Spice_Jar": {
    "Nmodifiers": {
      "add": {
        "additionalPerfectItemChance": 20
      }
    },
    "10Uskillextra": [ 0, 1, "cook" ]
  },
  "melvorAoD:Evasion_Gem": {
    "base": "Unholy1",
    "1Ocbeasy": [
      "melvorAoD:EvasionGem",
      7,
      100,
      { "sm": 10 },
      [ 0, true ]
    ],
    "5Ucbeasy": [ "1weak", 8, 30 ]
  },
  "melvorAoD:Ceramic_Jar": {
    "Umodifiers": {
      "add": {
        "additionalPrimaryProductChance": [
          {
            "skillID": "melvorD:Cooking",
            "subcategoryID": "melvorD:Soup",
            "value": 30
          }
        ]
      }
    },
    "5Umodifiers": {
      "add": {
        "flatAdditionalPrimaryProductQuantity": [
          {
            "skillID": "melvorD:Cooking",
            "subcategoryID": "melvorD:Soup",
            "value": 6
          }
        ]
      }
    }
  },
  "melvorAoD:Golden_Fire_Cape": {
    "base": "Base",
    "Ncbeasy": [ "blind", 6, 5 ],
    "5Ucbeasy": [ "burn", 3, 10 ],
    "5Uxp": [ 0, 0, 200 ]
  },
  "melvorAoD:Ancient_Infernal_Cape": {
    "base": "Base",
    "Ncritical": [ 0, 0, 3, 3, 3 ],
    "5Ucritical": [ 0, 15 ],
    "5Ucbeasy": [ "100burn", 3, 15 ]
  },
  "melvorAoD:Mining_Lantern": {
    "Nmodifiers": {
      "add": {
        "additionalPrimaryProductChance": [
          {
            "skillID": "melvorD:Mining",
            "value": 30
          }
        ]
      }
    },
    "10Uskillextra": [ 0, 1, "mine" ]
  },
  "melvorAoD:Sailors_Compass": {
    "1Lmodifiers": {
      "add": {
        "cartographyTravelCost": -6
      }
    },
    "5cart": [ 5, 5 ],
    "10cart": [ 0, 0, 0, -10, 0, 20 ]
  },
  "melvorAoD:Lifesteal_Gem": {
    "base": "Unholy1",
    "1Ocbeasy": [
      "melvorAoD:LifestealGem",
      7,
      100,
      { "sm": 10 },
      [ 0, true ]
    ],
    "5Ucbeasy": [ "1fati", 8, 50 ]
  },
  "melvorAoD:Old_Spyglass": {
    "Nmodifiers": {
      "add": {
        "cartographySurveyRange": 1,
        "skillInterval": [
          {
            "skillID": "melvorAoD:Cartography",
            "value": -10
          }
        ],
        "cartographyTravelCost": -8
      }
    },
    "10cart": [ 0, 0, 0, -10, 0, 20 ]
  },
  "melvorAoD:Enhanced_Spyglass": {
    "Nmodifiers": {
      "add": {
        "cartographySightRange": 5,
        "cartographySurveyRange": 5,
        "skillInterval": [
          {
            "skillID": "melvorAoD:Cartography",
            "value": -10
          }
        ],
        "cartographyTravelCost": -10
      }
    },
    "10cart": [ 0, 0, 0, -10, 0, 20 ]
  },
  "melvorAoD:Grinding_Stone": {
    "Ncritical": [ 0, 0, 10, 10, 10 ],
    "5Ucritical": [ 0, 20 ]
  },
  "melvorAoD:Rune_Mallet": {
    "base": "Unholy2",
    "5OuniqueAttack": { "id": "StunningBarrage" },
    "10Ucbeasy": [ "50$$3@dspd", 3, 10 ]
  },
  "melvorAoD:Dirty_Mining_Boots": {
    "1Lmodifiers": {
      "add": {
        "flatSkillInterval": [
          {
            "skillID": "melvorD:Mining",
            "value": -100
          }
        ]
      }
    },
    "5Uxp": [ 0, 0, 200 ],
    "10Uskillextra": [ 0, 1, "mine" ]
  },
  "melvorAoD:Old_Fancy_Quill": {
    "Nmodifiers": {
      "skillXP": [
        {
          "skillID": "melvorAoD:Cartography",
          "value": 8
        }
      ],
      "skillInterval": [
        {
          "skillID": "melvorAoD:Cartography",
          "value": -5
        }
      ]
    },
    "5Ucart": [ 0, 0, 0, -10 ]
  },
  "melvorAoD:Sturdy_Fancy_Quill": {
    "Nmodifiers": {
      "add": {
        "skillXP": [
          {
            "skillID": "melvorAoD:Cartography",
            "value": 8
          }
        ],
        "skillInterval": [
          {
            "skillID": "melvorAoD:Cartography",
            "value": -5
          }
        ],
        "skillPreservationChance": [
          {
            "skillID": "melvorAoD:Cartography",
            "value": 20
          }
        ],
        "skillItemDoublingChance": [
          {
            "skillID": "melvorAoD:Cartography",
            "value": 20
          }
        ]
      }
    },
    "5Ucart": [ 0, 0, 0, -20 ],
    "5Uxp": [ 0, 0, 200 ]
  },
  "melvorAoD:Poisonous_Gem": {
    "base": "Unholy1",
    "1Ocbeasy": [
      "BGSCheat:PoisonousGem",
      7,
      100,
      { "sm": 10 },
      [ 0, true ]
    ],
    "5Ucbeasy": [ "1petr", 8, 50 ]
  },
  "melvorAoD:Old_Scripture": {
    "Nmodifiers": {
      "add": {
        "flatBasePrimaryProductQuantity": [
          {
            "skillID": "melvorAoD:Archaeology",
            "value": 1
          }
        ]
      }
    },
    "5Uxp": [ 0, 0, 300, "arch" ],
    "10Uskillextra": [ 0, 1, "arch" ]
  },
  "melvorAoD:Blacksmith_Tongs": {
    "Nmodifiers": {
      "add": {
        "skillXP": [
          {
            "skillID": "melvorD:Smithing",
            "value": 4
          }
        ],
        "masteryXP": [
          {
            "skillID": "melvorD:Smithing",
            "realmID": "melvorD:Melvor",
            "value": 4
          }
        ],
        "additionalPrimaryProductChance": [
          {
            "skillID": "melvorD:Smithing",
            "value": 10
          }
        ]
      }
    },
    "5Uxp": [ 0, 0, 300, "smit" ]
  },
  "melvorAoD:Ancient_Magic_Hammer": {
    "Nmodifiers": {
      "add": {
        "skillXP": [
          {
            "skillID": "melvorD:Smithing",
            "value": 5
          }
        ],
        "masteryXP": [
          {
            "skillID": "melvorD:Smithing",
            "realmID": "melvorD:Melvor",
            "value": 5
          }
        ],
        "flatSkillInterval": [
          {
            "skillID": "melvorD:Smithing",
            "value": -200
          }
        ]
      }
    },
    "5Uxp": [ 0, 0, 300, "smit" ],
    "10bypass": [ 0, 1, "smit" ]
  },
  "melvorAoD:Elusive_Boots": {
    "base": "Unholy1",
    "NcombatEffects": {
      "add": [
        {
          "effectID": "melvorAoD:Elusive",
          "appliesWhen": "HitWithAttack",
          "initialParams": [
            {
              "name": "maxStacks",
              "value": 10
            }
          ],
          "descriptionLang": "MODIFIER_DATA_increasedElusive"
        }
      ]
    }
  },
  "melvorAoD:Ring_of_Summoning": {
    "Nmodifiers": {
      "add": {
        "flatSkillInterval": [
          {
            "skillID": "melvorD:Summoning",
            "value": -200
          }
        ],
        "skillXP": [
          {
            "skillID": "melvorD:Summoning",
            "value": 8
          }
        ],
        "summoningChargePreservationChance": 5
      }
    },
    "5Ubypass": [ 0, 0, 0, 0, 10 ],
    "5Uskillextra": [ 20, "summ" ],
    "10Ubypass": [ 0, 1, "summ" ]
  },
  "melvorAoD:Agile_Gem": {
    "base": "Unholy2",
    "1Ocbeasy": [
      "melvorAoD:AgileGem",
      7,
      100,
      { "sm": 12 },
      [ 0, true ]
    ],
    "5Ucbeasy": [
      [ "1crystal", "poison" ],
      3,
      10
    ]
  },
  "melvorAoD:Mask_of_Weakening": {
    "base": "Unholy2",
    "5Ucbeasy": [ "1$10weak", 7, 100 ]
  },
  "melvorAoD:Mask_of_Confusion": {
    "base": "Unholy2",
    "5Ucbeasy": [ "2$10confusion", 7, 100 ]
  },
  "melvorAoD:Old_Summoning_Gloves": {
    "Nmodifiers": {
      "add": {
        "flatSkillInterval": [
          {
            "skillID": "melvorD:Summoning",
            "value": -300
          }
        ],
        "masteryXP": [
          {
            "skillID": "melvorD:Summoning",
            "realmID": "melvorD:Melvor",
            "value": 3
          }
        ],
        "flatBasePrimaryProductQuantity": [
          {
            "skillID": "melvorD:Summoning",
            "value": 3
          }
        ]
      }
    },
    "5Uxp": [ 0, 0, 300, "summ" ],
    "10Uskillextra": [ 0, 1, "summ" ]
  },
  "melvorAoD:Magical_Broomstick": {
    "base": "Unholy2",
    "Nmodifiers": {
      "add": {
        "flatMeleeStrengthBonusBasedOnSkillLevel": [
          {
            "skillID": "melvorD:Magic",
            "value": 1
          }
        ]
      }
    },
    "5OuniqueAttack": { "id": "Flight" },
    "10Ucbeasy": [ "5$$3frost", 3, 10 ]
  },
  "melvorAoD:Haunted_Ring": {
    "base": "BaseRing1",
    "1Ocbeasy": [
      "melvorAoD:HauntedRing",
      7,
      100,
      { "sm": 6 },
      [ 0, true ]
    ],
    "5Ucbeasy": [ "20$2bspd", 8, 25 ]
  },
  "melvorAoD:Burning_Gem": {
    "base": "BaseRing1",
    "1Ocbeasy": [
      "BGSCheat:BurningGem",
      7,
      100,
      { "sm": 10 },
      [ 0, true ]
    ],
    "5Ucbeasy": [ "bleed400", 9, 25 ]
  },
  "melvorAoD:Decoy_Idol": {
    "5Uhp": [ 0, 0, 10 ]
  },
  "melvorAoD:Unholy_Gem": {
    "5Uatkeffect": [ 3 ],
    "5Ucbeasy": [ "20unholy", 3 ]
  },
  "melvorAoD:Elemental_Scroll": {
    "UdmgTaken": [ -20 ],
    "5Mmaghits": [ 10, 20 ]
  },
  "melvorAoD:Magic_Flute": {
    "base": "Unholy2",
    "5OuniqueAtks": [
      { "id": "LullabyOfTheEnchanter" },
      { "id": "RestorationOfTheMind" },
      { "id": "DanceOfTheMage" }
    ],
    "10Ucbeasy": [ "1angu", 3, 25 ]
  },
  "melvorAoD:Cursed_Arcana": {
    "base": "Unholy2",
    "UdmgTaken": [ -30 ],
    "5cbeasy": [ "2blind", 2, 15 ],
    "10cbeasy": [
      "2crystal",
      [ 3, 4 ],
      10
    ]
  },
  "melvorAoD:Blessed_Shield": {
    "base": "Unholy1",
    "UdmgTaken": [ -20 ],
    "1Vmodifiers": {
      "add": {
        "flatResistanceWithActivePrayer": [
          {
            "damageTypeID": "melvorD:Normal",
            "value": 4
          }
        ],
        "magicMaxHitWithActivePrayer": 10
      }
    }
  },
  "melvorAoD:Magicburn_Shield": {
    "base": "Unholy2",
    "UdmgTaken": [ -30 ],
    "5Ucbeasy": [
      [ "100burn", "5$$5frost" ],
      10,
      15
    ]
  },
  "melvorAoD:Malevolent_Ward_Shield": {
    "base": "Unholy2",
    "UdmgTaken": [ -35 ],
    "rcm": [ "CombatEffectGroup" ],
    "NconditionalModifiers": {
      "add": [
        {
          "condition": {
            "type": "CombatEffectGroup",
            "character": "Enemy",
            "groupID": "melvorD:Curse"
          },
          "enemyModifiers": {
            "maxHit": -15,
            "accuracyRating": -25,
            "evasion": -25
          },
          "description": "When Enemies are Cursed, they have: -${modValue0}% Maximum Hit, -${modValue1}% Global Accuracy, and -${modValue2}% Global Evasion",
          "descriptionLang": "COND_MODIFIER_Malevolent_Ward_Shield"
        }
      ]
    }
  },
  "melvorAoD:Confusing_Gem": {
    "base": "Unholy2",
    "1Ocbeasy": [
      "melvorAoD:ConfusingGem",
      7,
      100,
      { "sm": 10 },
      [ 0, true ]
    ],
    "5cbeasy": [ "5Malice", 7, 100 ],
    "10Ucbeasy": [ "10Malice", 7, 100 ]
  },
  "melvorAoD:Torch": {
    "base": "Unholy2",
    "UdmgTaken": [ -10 ],
    "5cbeasy": [ "burn", 2, 10 ],
    "10Ucbeasy": [ "100burn", 2, 15 ]
  },
  "melvorAoD:Charged_Golden_Quiver": {
    "Nmodifiers": {
      "add": {
        "rangedStrengthBonus": 5,
        "ammoPreservationChance": 5
      }
    },
    "5Ubypass": [ 0, 0, 10 ]
  },
  "melvorAoD:Charged_Ancient_Quiver": {
    "Nmodifiers": {
      "add": {
        "rangedStrengthBonus": 10,
        "rangedAccuracyRating": 5,
        "ammoPreservationChance": 5
      }
    },
    "5Ubypass": [ 0, 0, 10 ]
  },
  "melvorAoD:Charged_Relic_Quiver": {
    "Nmodifiers": {
      "add": {
        "rangedStrengthBonusPer8Ranged": 1,
        "rangedAccuracyRating": 10,
        "ammoPreservationChance": 10
      }
    },
    "5Ubypass": [ 0, 0, 20 ]
  },
  "melvorAoD:Large_Warhorn": {
    "base": "Unholy2",
    "5OuniqueAttack": { "id": "Warhorn" },
    "10Ucbeasy": [ "Destruction", 2, 10 ]
  },
  "melvorAoD:Book_of_Prayers": {
    "base": "Unholy2",
    "UdmgTaken": [ -15 ],
    "Lmodifiers": {
      "add": {
        "prayerPointPreservationChancePerPoint": 1,
        "maxHitBasedOnPrayerCost": 0.33
      }
    }
  },
  "melvorAoD:Peasant_Shirt": {
    "Nmodifiers": {
      "add": {
        "skillPreservationChance": 8,
        "currencyGain": [
          {
            "currencyID": "melvorD:GP",
            "value": -30
          }
        ]
      }
    },
    "5Uxp": [ 0, 0, 200 ],
    "10Ubypass": [ 5 ]
  },
  "melvorAoD:Kings_Crown": {
    "Nmodifiers": {
      "add": {
        "currencyGain": [
          {
            "currencyID": "melvorD:GP",
            "value": 40
          }
        ]
      }
    },
    "5Uxp": [ 0, 0, 200 ],
    "5Uskillbase": [ 0, 0, 0, 0, 20 ]
  },
  "melvorAoD:Aranite_2H_Blade": {
    "base": [ "Unholy1", "4body", "AoD4" ],
    "Uress": [ 4 ],
    "5OuniqueAttack": { "id": "TripleDamage" },
    "10Ucbeasy": [ "10fati", 7 ]
  },
  "melvorAoD:Aranite_Platebody": {
    "base": [ "Unholy1", "4body", "AoD4" ],
    "5slayer": [ 10 ]
  },
  "melvorAoD:Golden_Bow": {
    "base": "Unholy1",
    "Uress": [ 6 ],
    "5OuniqueAttack": { "id": "CrystalPierce" },
    "10Ucbeasy": [ "3crystal", 3, 25 ]
  },
  "melvorAoD:Darksteel_2H_SWord": {
    "base": "Unholy2",
    "Uress": [ 7 ],
    "5OuniqueAttack": { "id": "DarksteelStab" },
    "10Ucbeasy": [ "10Consume", 7 ]

  },
  "melvorAoD:Ring_of_Faith": {
    "base": "BaseRing1",
    "1Lmodifiers": {
      "add": {
        "flatAdditionalHolyDustFromBlessedOffering": 2
      }
    },
    "5UprayerGet": [ 5 ]
  },
  "melvorAoD:Impenetrable_Idol": {
    "5cbeasy": [ "5crystal", 7 ],
    "10Ucbeasy": [ "10stun", 7 ]
  },
  "melvorAoD:Candle_Lamp_Lit": {
    "1Vmodifiers": {
      "add": {
        "skillXP": [
          {
            "skillID": "melvorD:Attack",
            "value": 4
          },
          {
            "skillID": "melvorD:Strength",
            "value": 4
          },
          {
            "skillID": "melvorD:Defence",
            "value": 4
          },
          {
            "skillID": "melvorD:Hitpoints",
            "value": 4
          },
          {
            "skillID": "melvorD:Ranged",
            "value": 4
          },
          {
            "skillID": "melvorD:Magic",
            "value": 4
          },
          {
            "skillID": "melvorD:Slayer",
            "value": 4
          },
          {
            "skillID": "melvorD:Prayer",
            "value": 4
          }
        ],
        "flatMonsterRespawnInterval": -200,
        "altMagicSkillXP": -4,
        "flatCurrencyGainOnEnemyHit": [
          {
            "currencyID": "melvorD:GP",
            "value": 25
          },
          {
            "currencyID": "melvorD:SlayerCoins",
            "value": 25
          }
        ]
      }
    }
  },
  "melvorAoD:Candelabra_Lit": {
    "1Vmodifiers": {
      "add": {
        "nonCombatSkillXP": 4,
        "masteryXP": [
          {
            "realmID": "melvorD:Melvor",
            "value": 4
          }
        ],
        "skillPreservationChance": 3,
        "skillInterval": -3
      }
    },
    "5Uxp": [ 0, 0, 200 ]
  },
  "melvorAoD:Cursed_Idol": {
    "1Vmodifiers": {
      "add": {
        "skillXP": [
          {
            "skillID": "melvorD:Prayer",
            "value": 10
          }
        ],
        "prayerPointCost": 2
      }
    }
  },
  "melvorAoD:Ring_of_Deception": {
    "base": "BaseRing1",
    "1Vmodifiers": {
      "add": {
        "combatLootDoublingChance": 15
      }
    },
    "5Vcurrency3": [ 0.2, "sc" ]
  },
  "melvorAoD:Decaying_Gem": {
    "base": "Unholy2",
    "1Ocbeasy": [
      "melvorAoD:DecayingGem",
      7,
      100,
      { "sm": 10 },
      [ 0, true ]
    ],
    "5cbeasy": [ "5Eradicate", 7, 100 ],
    "10Ucbeasy": [ "10Eradicate", 7, 100 ]
  },
  "melvorAoD:Eyepatch": {
  },
  "melvorAoD:Captains_Logbook": {
    "Nmodifiers": {
      "add": {
        "skillXP": [
          {
            "skillID": "melvorAoD:Cartography",
            "value": 8
          }
        ]
      }
    },
    "5Uskillbase": [ 0, 0, 0, -10, "cart" ]
  },
  "melvorAoD:Old_Pirate_Pants": {
    "base": "Unholy1",
    "1Vmodifiers": {
      "add": {
        "flatCurrencyGainOnEnemyHitBasedOnCombatLevel": [
          {
            "currencyID": "melvorD:GP",
            "value": 2
          },
          {
            "currencyID": "melvorD:SlayerCoins",
            "value": 1
          }
        ]
      }
    }
  },
  "melvorAoD:Pirate_Hook": {
    "base": "Unholy2",
    "Uress": [ 7 ],
    "UdmgTaken": [ -35 ]
  },
  "melvorAoD:Pirate_Captains_Sword": {
    "base": "Unholy2",
    "5OuniqueAttack": { "id": "NastyBitePlayer" },
    "10Ucbeasy": [ "20$5dtaken", 3, 20 ]
  },
  "melvorAoD:Shell_Amulet": {
    "base": "BaseAmulet1",
    "5OuniqueAttack": { "id": "ShellBuff" },
    "10Ucbeasy": [ "weak", 4, 20 ]
  },
  "melvorAoD:Merman_Pendant": {
    "base": "BaseAmulet1",
    "5Ucbeasy": [ "100$20bhp", 2 ]
  },
  "melvorAoD:Power_Crystals": {
    "5Ncbeasys": [
      [
        [ "stun", "freeze" ],
        3,
        10
      ],
      [
        [ "burn" ],
        2,
        10
      ]
    ],
    "10Ucbeasy": [
      [ "crystal", "weak", "angu" ],
      2,
      15
    ]
  },
  "melvorAoD:Bottle_of_Mystic_Water": {
    "base": [ "Unholy2", "7shield" ]
  },
  "melvorAoD:Water_Crown": {
    "base": "Unholy2",
    "5cbeasy": [ "20$5bres", 6, 40 ]
  },
  "melvorAoD:Ancient_Arcana": {
    "base": [ "Unholy2", "7shield" ]
  },
  "melvorAoD:Water_Sceptre": {
    "base": "Unholy2",
    "5OuniqueAttack": { "id": "LavaSwipePlayer" },
    "10Ucbeasy": [
      [ "1fati", "1petr" ],
      2,
      10
    ]
  },
  "melvorAoD:Water_Shield": {
    "base": [ "Unholy2", "7shield" ]
  }
}
