{
	"Base": {
		"Omatks": [ 1, 1, 1, 1, 1 ],
		"Omstrs": [ 1, 1, 1 ],
		"Omdefs": [ 1, 1, 1 ]
	},
	"Unholy1": {
		"base": "Base",
		"10allow": [ 0, 0, 1 ],
		"10atkeffect": [ 1 ],
		"10cbeasy": [ "melvorAoD:UnholyMark", 3 ]
	},
	"Unholy2": {
		"base": "Base",
		"5allow": [ 0, 0, 1 ],
		"5atkeffect": [ 1 ],
		"5cbeasy": [ "melvorAoD:UnholyMark", 3 ],
		"10cbeasy": [ "10unholy", 3 ]
	},
	"BaseRing1": {
		"base": "Base",
		"Uatks": [ 20, 20, 20, 20, 20 ],
		"Ustrs": [ 20, 20, 10 ],
		"Udefs": [  20, 20, 20 ],
		"Uress": [5],
		"Usums": [ 5 ],
		"10Ucbeasy": ["3Nulled", 2, 20]
	},
	"BaseAmulet1": {
		"base": "Base",
		"Uatks": [ 30, 30, 30, 45, 27 ],
		"Ustrs": [ 30, 15, 5 ],
		"Udefs": [ 22, 22, 27 ],
		"Uress": [5],
		"Usums": [5],
		"10Ucbeasy": ["3Cleansed", 2, 20]
	},
  "melvorAoD:Old_Wooden_Ladle": {
    "Omodifiers": {
      "add": {
        "skillInterval": [
          {
            "skillID": "melvorD:Cooking",
            "actionID": "melvorD:Basic_Soup",
            "value": -10
          }
        ]
      }
    },
    "Ucook": [-10]
  },
  "melvorAoD:Old_Woodcutting_Gloves": {
    "Omodifiers": {
      "add": {
        "additionalPrimaryProductChance": [
          {
            "skillID": "melvorD:Woodcutting",
            "realmID": "melvorD:Melvor",
            "value": 10
          }
        ],
        "masteryXP": [
          {
            "skillID": "melvorD:Woodcutting",
            "realmID": "melvorD:Melvor",
            "value": 3
          }
        ]
      }
    },
    "10Mmodifiers": {
      "add": {
        "treeCutLimit": 1
      }
    }
  },
  "melvorAoD:Basic_Barrier_Gem": {
		"base": "Base",
    "Omodifiers": {
      "add": {
        "flatBarrierDamage": 1
      }
    },
    "Uarch2": [0,0,0,0,500, "gp"],
    "5Ucbeasy": [ "bbn", 3, 15 ]
  },
  "melvorAoD:Old_Hunting_Bow": {
		"base": "Unholy1",
    "Uress": [4],
    "5OuniqueAttack": { "id": "HunterPrecision" },
    "10Ucbeasy": ["3$$3frost", 3, 10]
  },
  "melvorAoD:Ancient_Hunting_Bow": {
		"base": "Unholy2",
    "Uress": [7],
    "5OuniqueAttack": { "id": "Killshot" },
    "10Ucbeasy": [ [ "1$2fati","1$2petr" ], 3, 15 ]
  },
  "melvorAoD:Barrier_Gem": {
		"base": "Unholy1",
    "Omodifiers": {
      "add": {
        "flatBarrierDamage": 1.5
      }
    },
    "Msums": [10],
    "5Ucbeasy": ["100bbd", 11, 15]
  },
  "melvorAoD:Ancient_Scythe": {
    "Umodifiers": {
      "add": {
        "basePrimaryProductQuantity": [
          {
            "skillID": "melvorD:Farming",
            "realmID": "melvorD:Melvor",
            "value": 8
          }
        ],
        "skillItemDoublingChance": [
          {
            "skillID": "melvorD:Farming",
            "value": 15
          }
        ]
      }
    },
    "5farm": [ 0, 0, 3, [ 0, "melvorD:Allotment" ], [ 0, "melvorD:Herb" ], [ 0, "melvorD:Tree" ] ],
    "10farm": [0,20]
  },
  "melvorAoD:Bronze_Ring": {
		"base": "BaseRing1",
    "Ohidden": [ 3, "atk", "str", "def", "ran", "mag" ],
		"1Vmodifiers": {
			"add": {
				"bankSpace": 15
			}
		},
    "5Ucbeasy": ["sleep", 8, 10]
  },
  "melvorAoD:Bone_Ring": {
		"base": "BaseRing1",
    "OprayerGetCombat": [ 0, 0, 3 ],
    "5Ucbeasy": ["burn", 9, 15]
  },
  "melvorAoD:Accuracy_Gem": {
		"base": "Unholy1",
    "1Ocbeasy": [ "melvorAoD:AccuracyGem", 7, 100, { "sm": 10 }, [ 0, true ] ],
    "5Ucbeasy": ["40$3slow", 9, 50]
  },
  "melvorAoD:Harming_Potion": {
    "Nmodifiers": {
      "add": {
        "selfDamageOnHitBasedOnCurrentHitpoints": {
          "c": 20,
          "u": -10,
          "m": 0
        },
        "maxHit": 13,
        "accuracyRating": 13,
        "evasion": 13
      }
    },
    "5Uatkspd": [ 0, -13 ],
    "10Uhp": [0, 13]
  },
  "melvorAoD:Sacrificial_Dagger": {
		"base": "Base",
    "Nmodifiers": {
      "add": {
        "flatMeleeStrengthBonusBasedOnSkillLevel": [
          {
            "skillID": "melvorD:Hitpoints",
            "value": 1
          }
        ]
      }
    },
		"5OuniqueAttack": { "id": "BloodLinkPlayer" },
		"10Ucbeasy": ["25@bhp", 8, 20]
  },
  "melvorAoD:Blood_Chalice": {
    "modifiers": {
      "add": {
        "selfDamageOnHitBasedOnCurrentHitpoints": {"c": 5, "v": -1, "m": 1}
      }
    },
    "Ohidden": [ 5, "atk", "str", "def", "hp", "ran", "mag" ],
    "5steal": [ 5 ]
  },
  "melvorAoD:Circlet_of_Pain": {
    "base": "Unholy1",
    "Nmodifiers": {
      "add": {
        "selfDamageOnHitBasedOnCurrentHitpoints": { "c": 5,"u": -1, "m": 1 },
        "rolledReflectDamage": 4
      }
    },
    "5Ureflect": [5],
    "10Ureflect": [0,10]
  },
  "melvorAoD:Cult_Robes": {
    "base": "Unholy1",
		"Mmaghits": [ [ 20 , 40, "bolt" ] ]
  },
  "melvorAoD:Ancient_Whetstone": {
    "Omodifiers": {
      "add": {
        "meleeAccuracyRating": 10,
        "meleeMaxHit": 10
      }
    },
    "5UstrBonus": [4]
  },
  "melvorAoD:Relic_Whetstone": {
    "Nmodifiers": {
      "add": {
        "meleeAccuracyMaxHitPer8Strength": 1
      }
    },
    "5UstrBonus": [2,0,0,2]
  },
  "melvorAoD:Bulky_Gloves": {
    "base": "Unholy2",
    "5cbeasy": ["2stun", 9, 30]
  },
  "melvorAoD:Chisel": {
    "Nmodifiers": {
      "add": {
        "masteryXP": [
          {
            "skillID": "melvorD:Crafting",
            "realmID": "melvorD:Melvor",
            "value": 3
          }
        ],
        "flatSkillInterval": [
          {
            "skillID": "melvorD:Crafting",
            "value": -100
          }
        ]
      }
    },
    "10Uskillextra": [0,1,"craf"]
  },
  "melvorAoD:Heavy_Boots": {
    "base": "Base",
    "5cbeasy": ["20bres", 5, 35]
  },
  "melvorAoD:Stone_Hammer": {
    "base": "Unholy1",
		"5OuniqueAttack": { "id": "BurningRootsPlayer" },
		"10Ucbeasy": ["1cs", 9, 50]
  },
  "melvorAoD:Golden_Wreath": {
    "Nmodifiers": {
      "add": {
        "flatCurrencyGain": [
          {
            "currencyID": "melvorD:GP",
            "value": 100
          }
        ],
        "nonCombatSkillXP": 3,
        "masteryXP": [
          {
            "realmID": "melvorD:Melvor",
            "value": 3
          }
        ]
      }
    },
    "5Ucurrency": [ 0, 500, "gp" ],
    "10Uxp": [0,0,1000]
  },
  "melvorAoD:Dividers": {
    "Nmodifiers": {
      "add": {
        "mapRefinementCost": -20
      }
    }
  },
  "melvorAoD:Old_Crafting_Gloves": {
    "Nmodifiers": {
      "add": {
        "crafting30CurrencyGainChance": [
          {
            "currencyID": "melvorD:GP",
            "value": 10
          }
        ],
        "masteryXP": [
          {
            "skillID": "melvorD:Crafting",
            "realmID": "melvorD:Melvor",
            "value": 3
          }
        ]
      }
    },
    "5Ucurrency": [0,50, "gp"],
    "10Uxp": [0,0,250,"craf"]
  },
  "melvorAoD:Tiny_Spice_Jar": {
    "Nmodifiers": {
      "add": {
        "additionalPerfectItemChance": 20
      }
    },
    "10Uskillextra": [0,1,"cook"]
  },
  "melvorAoD:Evasion_Gem": {
		"base": "Unholy1",
    "1Ocbeasy": [ "melvorAoD:EvasionGem", 7, 100, { "sm": 10 }, [ 0, true ] ],
    "5Ucbeasy": ["1weak", 8, 50]
  },
  "melvorAoD:Ceramic_Jar": {
    "Umodifiers": {
      "add": {
        "additionalPrimaryProductChance": [
          {
            "skillID": "melvorD:Cooking",
            "subcategoryID": "melvorD:Soup",
            "value": 30
          }
        ]
      }
    },
    "5Umodifiers": {
      "add": {
        "flatAdditionalPrimaryProductQuantity": [
          {
            "skillID": "melvorD:Cooking",
            "subcategoryID": "melvorD:Soup",
            "value": 6 
          }
        ]
      }
    }
  },
  "melvorAoD:Golden_Fire_Cape": {
    "base": "Base",
    "Ncbeasy": [ "blind", 6, 5 ],
    "5Ucbeasy": ["burn", 3, 10]
  },
  "melvorAoD:Ancient_Infernal_Cape": {
    "base": "Base",
    "Ncritical": [ 0, 0, 3, 3, 3 ],
    "5Ucritical": [ 0, 15 ],
    "5Ucbeasy": ["100burn", 3, 15]
  },
  "melvorAoD:Mining_Lantern": {
    "Nmodifiers": {
      "add": {
        "additionalPrimaryProductChance": [
          {
            "skillID": "melvorD:Mining",
            "value": 30
          }
        ]
      }
    },
    "10Uskillextra": [0,1,"mine"]
  },
  "melvorAoD:Sailors_Compass": {
    "Nmodifiers": {
      "add": {
        "cartographyTravelCost": -6
      }
    },
    "5cart": [ 5, 5 ],
    "10cart": [0,0,0,-10,0,20]
  },
  "melvorAoD:Lifesteal_Gem": {
		"base": "Unholy1",
    "1Ocbeasy": [ "melvorAoD:LifestealGem", 7, 100, { "sm": 10 }, [ 0, true ] ],
    "5Ucbeasy": ["1fati", 8, 50]
  },
  "melvorAoD:Old_Spyglass": {
    "Nmodifiers": {
      "add": {
        "cartographySurveyRange": 1,
        "skillInterval": [
          {
            "skillID": "melvorAoD:Cartography",
            "value": -10
          }
        ],
        "cartographyTravelCost": -8
      }
    },
    "10cart": [0,0,0,-10,0,20]
  },
  "melvorAoD:Enhanced_Spyglass": {
    "Nmodifiers": {
      "add": {
        "cartographySightRange": 5,
        "cartographySurveyRange": 5,
        "skillInterval": [
          {
            "skillID": "melvorAoD:Cartography",
            "value": -10
          }
        ],
        "cartographyTravelCost": -10
      }
    },
    "10cart": [0,0,0,-10,0,20]
  },
  "melvorAoD:Grinding_Stone": {
    "Ncritical": [0,0,10,10,10],
    "5Ucritical": [0,20]
  },
  "melvorAoD:Rune_Mallet": {
    "base": "Unholy2",
    "5OuniqueAttack": { "id": "StunningBarrage" },
    "10Ucbeasy": ["50$$3@dspd", 3, 10]
  },
  "melvorAoD:Dirty_Mining_Boots": {
    "Omodifiers": {
      "add": {
        "flatSkillInterval": [
          {
            "skillID": "melvorD:Mining",
            "value": -100
          }
        ]
      }
    },
    "10Uskillextra": [0,1,"mine"]
  },
  "melvorAoD:Old_Fancy_Quill": {
    "Nmodifiers": {
      "skillXP": [
        {
          "skillID": "melvorAoD:Cartography",
          "value": 8
        }
      ],
      "skillInterval": [
        {
          "skillID": "melvorAoD:Cartography",
          "value": -5
        }
      ]
    },
    "5Ucart": [0,0,0,-10]
  },
  "melvorAoD:Sturdy_Fancy_Quill": {
    "Nmodifiers": {
      "add": {
        "skillXP": [
          {
            "skillID": "melvorAoD:Cartography",
            "value": 8
          }
        ],
        "skillInterval": [
          {
            "skillID": "melvorAoD:Cartography",
            "value": -5
          }
        ],
        "skillPreservationChance": [
          {
            "skillID": "melvorAoD:Cartography",
            "value": 20
          }
        ],
        "skillItemDoublingChance": [
          {
            "skillID": "melvorAoD:Cartography",
            "value": 20
          }
        ]
      }
    },
    "5Ucart": [0,0,0,-20]
  },
  "melvorAoD:Poisonous_Gem": {
		"base": "Unholy1",
    "1Ocbeasy": [ "BGSCheat:PoisonousGem", 7, 100, { "sm": 10 }, [ 0, true ] ],
    "5Ucbeasy": ["1petr", 8, 50]
  },
  "melvorAoD:Old_Scripture": {
    "Nmodifiers": {
      "add": {
        "flatBasePrimaryProductQuantity": [
          {
            "skillID": "melvorAoD:Archaeology",
            "value": 1
          }
        ]
      }
    },
    "10Uskillextra": [0,1,"arch"]
  },
  "melvorAoD:Blacksmith_Tongs": {
    "Nmodifiers": {
      "add": {
        "skillXP": [
          {
            "skillID": "melvorD:Smithing",
            "value": 4
          }
        ],
        "masteryXP": [
          {
            "skillID": "melvorD:Smithing",
            "realmID": "melvorD:Melvor",
            "value": 4
          }
        ],
        "additionalPrimaryProductChance": [
          {
            "skillID": "melvorD:Smithing",
            "value": 10
          }
        ]
      }
    },
    "10Uxp": [0,0,250, "smit"]
  },
  "melvorAoD:Ancient_Magic_Hammer": {
    "Nmodifiers": {
      "add": {
        "skillXP": [
          {
            "skillID": "melvorD:Smithing",
            "value": 5
          }
        ],
        "masteryXP": [
          {
            "skillID": "melvorD:Smithing",
            "realmID": "melvorD:Melvor",
            "value": 5
          }
        ],
        "flatSkillInterval": [
          {
            "skillID": "melvorD:Smithing",
            "value": -200
          }
        ]
      }
    },
    "10Uxp": [0,0,250, "smit"]
  },
  "melvorAoD:Elusive_Boots": {
    "base": "Unholy1",
    "NcombatEffects": {
      "add": [
        {
          "effectID": "melvorAoD:Elusive",
          "appliesWhen": "HitWithAttack",
          "initialParams": [
            {
              "name": "maxStacks",
              "value": 10
            }
          ],
          "descriptionLang": "MODIFIER_DATA_increasedElusive"
        }
      ]
    }
  },
  "melvorAoD:Ring_of_Summoning": {
    "Nmodifiers": {
      "add": {
        "flatSkillInterval": [
          {
            "skillID": "melvorD:Summoning",
            "value": -200
          }
        ],
        "skillXP": [
          {
            "skillID": "melvorD:Summoning",
            "value": 8
          }
        ],
        "summoningChargePreservationChance": 5
      }
    },
    "5Usummon": [0,0,50],
    "10Usummon": [0,-20]
  },
  "melvorAoD:Agile_Gem": {
		"base": "Unholy2",
    "1Ocbeasy": [ "melvorAoD:AgileGem", 7, 100, { "sm": 12 }, [ 0, true ] ],
    "5Ucbeasy": ["1Sleep", 3, 30]
  },
  "melvorAoD:Mask_of_Weakening": {
		"base": "Unholy2",
    "5Ucbeasy": ["1$10weak",7,100]
  },
  "melvorAoD:Mask_of_Confusion": {
		"base": "Unholy2",
    "5Ucbeasy": ["2$10confusion",7,100]
  },
  "melvorAoD:Old_Summoning_Gloves": {
    "Nmodifiers": {
      "add": {
        "flatSkillInterval": [
          {
            "skillID": "melvorD:Summoning",
            "value": -300
          }
        ],
        "masteryXP": [
          {
            "skillID": "melvorD:Summoning",
            "realmID": "melvorD:Melvor",
            "value": 3
          }
        ],
        "flatBasePrimaryProductQuantity": [
          {
            "skillID": "melvorD:Summoning",
            "value": 3
          }
        ]
      }
    },
    "10Uskillextra": [0,1,"summ"]
  },
  "melvorAoD:Magical_Broomstick": {
		"base": "Unholy2",
    "Nmodifiers": {
      "add": {
        "flatMeleeStrengthBonusBasedOnSkillLevel": [
          {
            "skillID": "melvorD:Magic",
            "value": 1
          }
        ]
      }
    },
    "5OuniqueAttack": { "id": "Flight" },
    "10Ucbeasy": ["5$$3frost", 3, 10]
  },
  "melvorAoD:Haunted_Ring": {
		"base": "BaseRing1",
    "1Ocbeasy": [ "melvorAoD:HauntedRing", 7, 100, { "sm": 6 }, [ 0, true ] ],
    "5Ucbeasy": ["20$2bspd", 8, 25]
  },
  "melvorAoD:Burning_Gem": {
		"base": "BaseRing1",
    "1Ocbeasy": [ "BGSCheat:BurningGem", 7, 100, { "sm": 10 }, [ 0, true ] ],
    "5Ucbeasy": ["bleed400", 9, 25]
  },
  "melvorAoD:Decoy_Idol": {
    "5Uhp": [0,0,10]
  },
  "melvorAoD:Unholy_Gem": {
		"5Uatkeffect": [3],
		"5Ucbeasy": [ "20unholy", 3 ]
  },
  "melvorAoD:Elemental_Scroll": {
		"UdmgTaken": [ -20 ],
    "5Mmaghits": [10,20]
  },
  "melvorAoD:Magic_Flute": {
    "base": "Unholy2",
    "5OuniqueAtks": [
      { "id": "LullabyOfTheEnchanter" },
      { "id": "RestorationOfTheMind" },
      { "id": "DanceOfTheMage" }
    ],
    "10Ucbeasy": ["1angu", 3, 25]
  },
  "melvorAoD:Cursed_Arcana": {
    "base": "Unholy2",
		"UdmgTaken": [ -30 ],
    "5cbeasy": [ "2blind", 2, 15 ],
    "10cbeasy": [ "2crystal", [ 3, 4 ], 10 ]
  },
  "melvorAoD:Blessed_Shield": {
    "base": "Unholy1",
		"UdmgTaken": [ -20 ],
    "Umodifiers": {
      "add": {
        "flatResistanceWithActivePrayer": [
          {
            "damageTypeID": "melvorD:Normal",
            "value": 4
          }
        ],
        "magicMaxHitWithActivePrayer": 10
      }
    }
  },
  "melvorAoD:Magicburn_Shield": {
    "base": "Unholy2",
		"UdmgTaken": [ -30 ],
    "5Ucbeasy": [["100burn","5$$5frost"], 10, 15]
  },
  "melvorAoD:Malevolent_Ward_Shield": {
    "base": "Unholy2",
		"UdmgTaken": [ -35 ]
  },
  "melvorAoD:Confusing_Gem": {
		"base": "Unholy2",
    "1Ocbeasy": [ "melvorAoD:ConfusingGem", 7, 100, { "sm": 10 }, [ 0, true ] ],
    "5cbeasy": ["5Malice", 7, 100],
    "10Ucbeasy": ["10Malice", 7, 100]
  },
  "melvorAoD:Torch": {
    "base": "Unholy2",
    "UdmgTaken": [ -10 ],
    "5cbeasy": ["burn", 2, 10],
    "10Ucbeasy": ["100burn", 2, 15]
  },
  "melvorAoD:Charged_Golden_Quiver": {
    "Nmodifiers": {
      "add": {
        "rangedStrengthBonus": 5,
        "ammoPreservationChance": 5
      }
    }
  },
  "melvorAoD:Charged_Ancient_Quiver": {
    "Nmodifiers": {
      "add": {
        "rangedStrengthBonus": 10,
        "rangedAccuracyRating": 5,
        "ammoPreservationChance": 5
      }
    }
  },
  "melvorAoD:Charged_Relic_Quiver": {
    "Nmodifiers": {
      "add": {
        "rangedStrengthBonusPer8Ranged": 1,
        "rangedAccuracyRating": 10,
        "ammoPreservationChance": 10
      }
    }
  },
  "melvorAoD:Book_of_Prayers": {
    "base": "Unholy2",
		"UdmgTaken": [ -15 ],
    "Omodifiers": {
      "add": {
        "prayerPointPreservationChancePerPoint": 1,
        "maxHitBasedOnPrayerCost": 0.33
      }
    }
  },
  "melvorAoD:Peasant_Shirt": {
    "Nmodifiers": {
      "add": {
        "skillPreservationChance": 8,
        "currencyGain": [
          {
            "currencyID": "melvorD:GP",
            "value": -30
          }
        ]
      }
    },
    "10Ubypass": [3]
  },
  "melvorAoD:Kings_Crown": {
    "Nmodifiers": {
      "add": {
        "currencyGain": [
          {
            "currencyID": "melvorD:GP",
            "value": 40
          }
        ]
      }
    },
    "10Uskillbase": [0,0,0,0,10]
  },
  "melvorAoD:Aranite_Platebody": {
    "base": "Unholy1",
    "Uhp": [ 0, 20 ],
    "Uress": [4]
  },
  "melvorAoD:Golden_Bow": {
    "base": "Unholy1",
    "Uress": [6],
		"5OuniqueAttack": { "id": "CrystalPierce" },
		"10Ucbeasy": [ "3crystal", 3, 25 ]
  },
  "melvorAoD:Darksteel_2H_SWord": {
    "base": "Unholy2",
    "Uress": [7],
		"5OuniqueAttack": { "id": "DarksteelStab" },
		"10Ucbeasy": [ "10Consume", 7 ]

  },
  "melvorAoD:Ring_of_Faith": {
    "base": "BaseRing1",
    "Nmodifiers": {
      "add": {
        "flatAdditionalHolyDustFromBlessedOffering": 2
      }
    },
    "5UprayerGet": [5]
  },
  "melvorAoD:Impenetrable_Idol": {
    "5cbeasy": ["5crystal", 7],
    "10Ucbeasy": ["10stun", 7]
  },
  "melvorAoD:Candle_Lamp_Lit": {
    "Vmodifiers": {
      "add": {
        "skillXP": [
          {
            "skillID": "melvorD:Attack",
            "value": 4
          },
          {
            "skillID": "melvorD:Strength",
            "value": 4
          },
          {
            "skillID": "melvorD:Defence",
            "value": 4
          },
          {
            "skillID": "melvorD:Hitpoints",
            "value": 4
          },
          {
            "skillID": "melvorD:Ranged",
            "value": 4
          },
          {
            "skillID": "melvorD:Magic",
            "value": 4
          },
          {
            "skillID": "melvorD:Slayer",
            "value": 4
          },
          {
            "skillID": "melvorD:Prayer",
            "value": 4
          }
        ],
        "flatMonsterRespawnInterval": -200,
        "altMagicSkillXP": -4,
        "flatCurrencyGainOnEnemyHit": [
          {
            "currencyID": "melvorD:GP",
            "value": 25
          }
        ]
      }
    }
  },
  "melvorAoD:Candelabra_Lit": {
    "Vmodifiers": {
      "add": {
        "nonCombatSkillXP": 4,
        "masteryXP": [
          {
            "realmID": "melvorD:Melvor",
            "value": 4
          }
        ],
        "skillPreservationChance": 3,
        "skillInterval": -3
      }
    }
  },
  "melvorAoD:Cursed_Idol": {
    "Vmodifiers": {
      "add": {
        "skillXP": [
          {
            "skillID": "melvorD:Prayer",
            "value": 10
          }
        ],
        "prayerPointCost": 2
      }
    }
  },
  "melvorAoD:Ring_of_Deception": {
    "base": "BaseRing1",
    "1Vmodifiers": {
      "add": {
        "combatLootDoublingChance": 15
      }
    }
  },
  "melvorAoD:Decaying_Gem": {
		"base": "Unholy2",
    "1Ocbeasy": [ "melvorAoD:DecayingGem", 7, 100, { "sm": 10 }, [ 0, true ] ],
    "5cbeasy": ["5Eradicate", 7, 100],
    "10Ucbeasy": ["10Eradicate", 7, 100]
  },
  "melvorAoD:Eyepatch": {
  },
  "melvorAoD:Captains_Logbook": {
    "Nmodifiers": {
      "add": {
        "skillXP": [
          {
            "skillID": "melvorAoD:Cartography",
            "value": 8
          }
        ]
      }
    }
  },
  "melvorAoD:Old_Pirate_Pants": {
    "base": "Unholy1",
    "Vmodifiers": {
      "add": {
        "flatCurrencyGainOnEnemyHitBasedOnCombatLevel": [
          {
            "currencyID": "melvorD:GP",
            "value": 1
          }
        ]
      }
    }
  },
  "melvorAoD:Pirate_Hook": {
    "base": "Unholy2",
    "Uress": [ 7 ],
		"UdmgTaken": [ -35 ]
  },
  "melvorAoD:Pirate_Captains_Sword": {
    "base": "Unholy2",
    "5OuniqueAttack": { "id": "NastyBitePlayer" },
    "10Ucbeasy": ["20$5dtaken", 3, 20]
  },
  "melvorAoD:Shell_Amulet": {
    "base": "BaseAmulet1",
    "5OuniqueAttack": { "id": "ShellBuff" },
    "10Ucbeasy": ["weak", 4, 20]
  },
  "melvorAoD:Merman_Pendant": {
    "base": "BaseAmulet1"
  },
  "melvorAoD:Power_Crystals": {
    "5Ncbeasys": [
      [ [ "stun", "freeze" ], 3, 10 ],
      [ [ "burn" ], 2, 10 ]
    ],
    "10Ucbeasy": [ ["crystal","weak","angu"], 2, 15 ]
  },
  "melvorAoD:Bottle_of_Mystic_Water": {
    "base": "Unholy2",
    "Uress": [ 7 ],
		"UdmgTaken": [ -35 ]
  },
  "melvorAoD:Water_Crown": {
    "base": "Unholy2",
    "5cbeasy": ["20$5bres", 6, 40]
  },
  "melvorAoD:Ancient_Arcana": {
    "base": "Unholy2",
    "Uress": [ 7 ],
		"UdmgTaken": [ -35 ]
  },
  "melvorAoD:Water_Sceptre": {
    "base": "Unholy2",
    "5OuniqueAttack": { "id": "LavaSwipePlayer" },
    "10Ucbeasy": [ [ "1fati","1petr" ], 2, 10 ]
  },
  "melvorAoD:Water_Shield": {
    "base": "Unholy2",
    "Uress": [ 7 ],
		"UdmgTaken": [ -35 ]
  }
}
