{
	"melvorF:Deedree": {
		"standardModifiers": [
			{ "index": 0 },
			{
				"index": 1,
				"Nxp": [ 0, 0, 1, "wood", "farm" ]
			},
			{ "index": 2 }
		],
		"uniqueModifiers": [
			{
				"index": 0,
				"5itemRand": [ 1, [ "melvorTotH:Raven_Nest", "wood" ] ],
				"10itemRand": [ 0, 1, [ "melvorD:Bird_Nest", "wood" ], [ "melvorTotH:Raven_Nest", "wood" ] ]
			},
			{
				"index": 1,
				"farm": [ 1 ],
				"10rm": [ "compostPreservationChance" ],
				"10farm": [ 0, 1 ]
			},
			{
				"index": 2,
				"5skillAddItem": [ 1, [ "melvorF:Stardust", "wood" ] ],
				"10skillAddItem": [ 1, [ "melvorF:Golden_Stardust", "wood" ] ]
			}
		]
	},
	"melvorF:Iridan": {
		"standardModifiers": [
			{ "index": 0 },
			{
				"index": 1,
				"Nxp": [ 0, 0, 1 , "smit" ]
			},
			{
				"index": 2,
				"10skillbase": [ 1 , "smit" ]
			}
		],
		"uniqueModifiers": [
			{
				"index": 0,
				"10hidden": [ 0, 1 , "atk" ]
			},
			{
				"index": 1,
				"10skillextra": [  1 , "smit" ]
			},
			{
				"index": 2
			}
		]
	},
	"melvorF:Ameria": {
		"standardModifiers": [
			{ "index": 0 },
			{
				"index": 1,
				"Nxp": [ 0, 0, 1, "fish", "fire" ]
			},
			{
				"index": 2,
				"5firemaking": [ 10,  "gp" ],
				"10skillbase": [ 1 , "fire" ]
			}
		],
		"uniqueModifiers": [
			{
				"index": 0,
				"maxCount": [ "return 5+(lv<11?(lv/2)>>0:lv<20?(lv-10)*5+5:65)", 0, 30, 1 ],
				"10fish": [ 0, 1 ]
			},
			{
				"index": 1,
				"5itemRand": [ 1, [ "melvorF:Stardust", "fire" ] ],
				"10itemRand": [ 0, 1, [ "melvorF:Stardust", "fire" ] ],
				"10skillextra": [ 1, "fire" ]
			},
			{
				"index": 2,
				"5fish": [ 1 ]
			}
		]
	},
	"melvorF:Terra": {
		"standardModifiers": [
			{ "index": 0 },
			{
				"index": 1,
				"Nxp": [ 0, 0, 1, "mine" ]
			},
			{ "index": 2 }
		],
		"uniqueModifiers": [
			{
				"index": 0,
				"10hidden": [ 0, 1, "str" ]
			},
			{
				"index": 1,
				"10mine": [ 0, 0, 0, 0, 1 ],
				"10mine2": [-1]
			},
			{
				"index": 2
			}
		]
	},
	"melvorF:Vale": {
		"standardModifiers": [
			{
				"index": 0
			},
			{
				"index": 1,
				"Nxp": [ 0, 0, 1, "cook" ]
			},
			{
				"index": 2,
				"5skillbase": [ 1, "cook" ]
			}
		],
		"uniqueModifiers": [
			{
				"index": 0,
				"5cook": [ -1 ],
				"10skillextra": [ 1, "cook" ]
			},
			{
				"index": 1,
				"10Mhp": [ 0, 1 ]
			},
			{
				"index": 2,
				"10Nfood": [ 0, 0, 0, 0, 2 ]
			}
		]
	},
	"melvorF:Syllia": {
		"standardModifiers": [
			{ "index": 0 },
			{
				"index": 1,
				"Nxp": [ 0, 0, 1, "flet" ]
			},
			{
				"index": 2,
				"5skillbase": [ 1, "flet" ]
			}
		],
		"uniqueModifiers": [
			{
				"index": 0,
				"10hidden": [ 0, 1, "ran" ]
			},
			{
				"index": 1,
				"10rm": [ "ammoPreservationChance" ],
				"10bypass": [ 0, 0, 1 ]
			},
			{
				"index": 2,
				"10skillextra": [ 1, "flet" ]
			}
		]
	},
	"melvorF:Arachi": {
		"standardModifiers": [
			{ "index": 0 },
			{
				"index": 1,
				"Nxp": [ 0, 0, 1, "rune" ]
			},
			{
				"index": 2,
				"5skillbase": [ 1, "rune" ]
			}
		],
		"uniqueModifiers": [
			{
				"index": 0,
				"10hidden": [ 0, 1, "mag" ]
			},
			{
				"index": 1,
				"10bypass": [ 0, 0, 0, 1 ]
			},
			{
				"index": 2,
				"10:skillextra": [ 1, "rune" ]
			}
		]
	},
	"melvorF:Ko": {
		"standardModifiers": [
			{ "index": 0 },
			{
				"index": 1,
				"Nxp": [ 0, 0, 1, "thie", "agil" ]
			},
			{ "index": 2 }
		],
		"uniqueModifiers": [
			{ "index": 0 },
			{
				"index": 1,
				"5currency": [ 0, 10, [ "gp", "agil" ] ]
			},
			{
				"index": 2,
				"5thieving": [ [ 0, 100, "gp" ], [ 2, 0, 0, 2 ] ],
				"10thieving": [ 3 ]
			}
		]

	},
	"melvorF:Tellus": {
		"standardModifiers": [
			{
				"index": 0,
				"10hidden": [ 0, 1, "def" ]
			},
			{
				"index": 1
			},
			{
				"index": 2,
				"5currency2": [ 0, 0, 0, 2, "gp" ],
				"10currency2": [0, 0, 0, 5, 5, "gp" ]
			}
		],
		"uniqueModifiers": [
			{
				"index": 0,
				"5currency": [ 0, 2, "sc" ],
				"10currency": [ 0, 5, "sc" ],
				"10currency3": [ 10, "sc" ]
			},
			{
				"index": 1,
				"10slayer": [ 0, 0, 0, 1, "n" ]
			},
			{
				"index": 2,
				"10res": [ 1, "n" ]
			}
		]
	},
	"melvorF:Hyden": {
		"standardModifiers": [
			{ "index": 0 },
			{
				"index": 1,
				"Nxp": [ 0, 0, 1, "craf" ]
			},
			{
				"index": 2,
				"5skillbase": [ 1, "craf" ]
			}
		],
		"uniqueModifiers": [
			{ "index": 0 },
			{
				"index": 1,
				"10skillextra": [ 1, "craf" ]
			},
			{
				"index": 2,
				"5prayerGet": [ 1, 1 ]
			}
		]
	},
	"melvorF:Qimican": {
		"standardModifiers": [
			{ "index": 0 },
			{
				"index": 1,
				"Nxp": [ 0, 0, 1, "herb", "summ" ]
			},
			{ "index": 2 }
		],
		"uniqueModifiers": [
			{
				"index": 0,
				"10skillextra": [ 1, "herb", "summ" ]
			},
			{
				"index": 1,
				"5potion": [ 1, 2 ]
			},
			{
				"index": 2,
				"5summon": [ 0, 0, 2 ],
				"10rm": [ "summoningChargePreservationChance" ],
				"10summon": [ 0, -1 ],
				"10summon2": [ 0, 1 ]
			}
		]
	},
	"melvorTotH:Variel": {
		"standardModifiers": [
			{ "index": 0 },
			{
				"index": 1,
				"1rm": [ "masteryXP" ],
				"1Nxp": [ 0, 0, 1, "astr" ]
			},
			{
				"index": 2,
				"5itemRand": [ 0, 1, [ "melvorF:Stardust", "astr" ] ],
				"10itemRand": [ 0, 2, [ "melvorF:Stardust", "astr" ] ]
			}
		],
		"uniqueModifiers": [
			{ "index": 0 },
			{
				"index": 1,
				"10itemRand": [
					[ 0, 2, [ "melvorF:Golden_Stardust", "astr" ] ],
					[ 0.3, 1, [ "melvorItA:Abyssal_Stardust", "astr" ] ]
				]
			},
			{
				"index": 2,
				"5astrology": [ 0.4 ],
				"10astrology": [ 0, 0.2, -1 ]
			}
		]
	},
	"melvorTotH:Haemir": {
		"standardModifiers": [
			{ "index": 0 },
			{
				"index": 1,
				"5town": [ 0, 0, {"o": 2,"i": 1} ]
			},
			{
				"index": 2,
				"5town": [ {"o": 4,"i": 1} ]
			}
		],
		"uniqueModifiers": [
			{
				"index": 0,
				"5town": [ 0, 0, 0, 0, 2 ],
				"10town": [ 0, 0, 0, 0, 5 ]
			},
			{
				"index": 1,
				"5town": [ 0, 0, 0, 0, 0, 2 ],
				"10town": [ 0, 0, 0, 0, 0, 5 ]
			},
			{
				"index": 2,
				"5town": [ 0, 0, 0, {"o": 4, "i": 1} ]
			}
		]
	},
	"melvorTotH:Rosaniya": {
		"standardModifiers": [
			{
				"index": 0,
				"5mine": [ 0, 2 ],
				"10mine": [ 0, 3 ]
			},
			{
				"index": 1,
				"5skillextra": [ 0, 0, {"o": 1,"i": 1} ]
			},
			{
				"index": 2,
				"10skillextra": [ 0, 0, 0, 1 ]
			}
		],
		"uniqueModifiers": [
			{
				"index": 0,
				"10skillbase": [ 0, 0, 0, -1 ]
			},
			{
				"index": 1,
				"10bypass": [ 1 ]
			},
			{
				"index": 2,
				"5Nxp": [ 0, 0, 1 ]
			}
		]
	},
	"melvorTotH:Ashtar": {
		"standardModifiers": [
			{
				"index": 0,
				"10acc": [ 1 ]
			},
			{
				"index": 1,
				"10eva": [ 1 ]
			},
			{
				"index": 2,
				"10Eatkspd": [ 0, 1 ]
			}
		],
		"uniqueModifiers": [
			{
				"index": 0,
				"10Ehp": [ 0, -1 ]
			},
			{
				"index": 1,
				"10Mhp": [ 0, 1 ],
				"10slayer": [ 2 ]
			},
			{
				"index": 2,
				"10Eres": [ -1, "n" ]
			}
		]
	},
	"melvorAoD:Nysa": {
		"standardModifiers": [
			{
				"index": 0,
				"5cart": [ 0, 0, 0, 0, 1 ]
			},
			{
				"index": 1,
				"10arch": [ 1, 1, 1, 1 ]
			},
			{
				"index": 2,
				"Nxp": [ 0, 0, 1, "arch" ]
			}
		],
		"uniqueModifiers": [
			{
				"index": 0,
				"5cart2": [ 0, 0, 1 ],
				"10cart2": [ 0, 0, 2, -1 ]
			},
			{
				"index": 1,
				"5cart": [ 0, 0, -1, 0, 0, 1 ],
				"10cart2": [ -1, -1 ]
			},
			{
				"index": 2,
				"10arch2": [ 1, 1, 1, 1 ]
			}
		]
	},
	"melvorItA:Harvesting": {
		"abyssalModifiers": [
			{
				"index": 0,
				"Nxp": [ 0, 0, 1, "harv" ],
				"10harvest": [ 0, 0, 1 ]
			},
			{
				"index": 1,
				"5harvest": [ 0, 1 ],
				"10harvest": [ 1, 0, 0, 1 ]
			},
			{
				"index": 2,
				"5corrupt": [ 0, 0, 0, 0, -1 ],
				"10corrupt": [ 0, 0, 1 ]
			},
			{
				"index": 3,
				"5corrupt": [ 0, 1 ],
				"10m:corrupt": [ 0, 0, 0, 1 ]
			}
		]
	},
	"melvorItA:CorruptedDeedree": {
		"abyssalModifiers": [
			{ "index": 0 },
			{
				"index": 1,
				"5itemRand": [ [ 0.4, [ "melvorItA:Shadow_Raven_Nest", "wood" ] ], [ 0.1, [ "melvorItA:Shadow_Drake_Nest", "wood" ] ] ],
				"10itemRand": [ 0, 1, [ "melvorItA:Shadow_Raven_Nest", "wood" ],  [ "melvorItA:Shadow_Drake_Nest", "wood" ] ]
			},
			{
				"index": 2,
				"5skillItemBase": [ 1, "farm" ]
			},
			{ "index": 3 }
		]
	},
	"melvorItA:CorruptedIridan":{
		"abyssalModifiers": [
			{ "index": 0 },
			{
				"index": 1,
				"10critical": [0,1]
			},
			{ "index": 2 },
			{
				"index": 3
			}
		]
	},
	"melvorItA:CorruptedAmeria": {
		"abyssalModifiers": [
			{ "index": 0 },
			{ "index": 1 },
			{ "index": 2 },
			{ "index": 3 }
		]
	},
	"melvorItA:CorruptedTerra": {
		"abyssalModifiers": [
			{ "index": 0 },
			{
				"index": 1,
				"10critical": [0,1]
			},
			{
				"index": 2,
				"5mine": [0,0,1],
				"10mine": [0,0,0,1,0,1]
			},
			{
				"index": 3
			}
		]
	},
	"melvorItA:CorruptedVale": {
		"abyssalModifiers": [
			{ "index": 0 },
			{
				"index": 1,
				"5regen": [0,0,1],
				"10regen": [-100]
			},
			{ "index": 2 },
			{
				"index": 3,
				"maxCount": "return lv<11?(lv/5)>>0:lv<20?(lv-9)*2:25",
				"costs": "return 5000*2.5**(lv-1)"
			}
		]
	},
	"melvorItA:CorruptedSyllia": {
		"abyssalModifiers": [
			{ "index": 0 },
			{
				"index": 1,
				"10critical": [0,1]
			},
			{ "index": 2 },
			{
				"index": 3
			}
		]
	},
	"melvorItA:CorruptedArachi": {
		"abyssalModifiers": [
			{ "index": 0 },
			{
				"index": 1,
				"10critical": [0,1]
			},
			{ "index": 2 },
			{
				"index": 3
			}
		]
	},
	"melvorItA:CorruptedKo": {
		"abyssalModifiers": [
			{ "index": 0 },
			{ "index": 1 },
			{ "index": 2 },
			{
				"index": 3,
				"5currency": [ 0, {"o": 2, "i": 1}, "ap"]
			}
		]
	},
	"melvorItA:CorruptedTellus": {
		"abyssalModifiers": [
			{ "index": 0 },
			{
				"index": 1,
				"10dmgTaken": [-1]
			},
			{
				"index": 2,
				"5currency": [ 0, {"o": 2, "i": 1} , "melvorItA:AbyssalSlayerCoins" ]
			},
			{
				"index": 3,
				"10res": [1,"a"]
			}
		]
	},
	"melvorItA:CorruptedHyden": {
		"abyssalModifiers": [
			{ "index": 0 },
			{ "index": 1 },
			{ "index": 2 },
			{
				"index": 3,
				"10rm": ["soulPointPreservationChance"],
				"10bypass": [0,0,0,0,0,1]
			}
		]
	},
	"melvorItA:CorruptedQimican": {
		"abyssalModifiers": [
			{ "index": 0 },
			{
				"index": 1,
				"5summon": [ 0, 0, {"o": 4, "i": 1} ]
			},
			{ "index": 2 },
			{ "index": 3 }
		]
	},
	"melvorItA:Celestis": {
	}
}
