{
	"melvorD:Bronze_Dagger": {
		"base": [ "tier1" ],
		"2OuniqueAttack": {
			"id": "Sandstorm",
			"damage": [
				{
					"minPercent": 2,
					"maxPercent": 20
				}
			]
		}
	},
	"melvorD:Iron_Dagger": {
		"base": "tier2",
		"3OuniqueAttack": { "id": "PoisonedHit" },
		"10UitemRand": [
			[ 0, 5, [ "melvorF:Stardust", "astr" ] ]
		]
	},
	"melvorD:Steel_Dagger": {
		"base": "tier3",
		"4OuniqueAttack": { "id": "SwiftAttack", "damage": [ { "amplitude": 140 } ] }
	},
	"melvorD:Mithril_Dagger": {
		"base": "Unholy1",
		"5OuniqueAttack": { "id": "BruteForce", "damage": [ { "amplitude": 140 } ] },
		"10Ucbeasy": [ [ "100$$2@bacc", "100$$2@beva$", "10$$2@bsdmg$" ], 3, 10 ]
	},
	"melvorD:Adamant_Dagger": {
		"base": "Unholy1",
		"5OuniqueAttack": { "id": "ElementalImpactFrostburn" },
		"10Ucbeasy": [ [ "Freeze" ], 3, 12 ]
	},
	"melvorD:Rune_Dagger": {
		"base": "Unholy2",
		"5OuniqueAttack": { "id": "SunsetStab" },
		"10Ucbeasy": [ "20@bdmghp", 1, 15 ]
	},
	"melvorD:Dragon_Dagger": {
		"base": "Unholy2",
		"5OuniqueAttack": { "id": "CrushingBlow", "damage": [{"maxPercent": 350}] },
		"10Ucbeasy": [ "stun", 3, 20 ]
	},
	"melvorTotH:Corundum_Dagger": {
		"base": [ "Unholy3", "TotHA" ],
		"5OuniqueAttack": { "id": "Soulash", "damage": [ { "amplitude": 160 } ] },
		"10Ucbeasy": [ [ "10shock" ], 3, 30 ]
	},
	"melvorTotH:Augite_Dagger": {
		"base": [ "Unholy3", "TotHA" ],
		"5OuniqueAttack": {
			"id": "DarkBladePlayer",
			"onhitEffects": [
				{
					"effectID": "BGSCheat:DarkBladePlayer0",
					"initialParams": [
						{
							"name": "stacksToAdd",
							"value": 1
						},
						{
							"name": "initialStacks",
							"value": 1
						}
					]
				}
			]
		},
		"10Ucbeasy": [ "100dspd", 3, 30 ]
	},
	"melvorTotH:Divine_Dagger": {
		"base": [ "Unholy4", "TotHA" ],
		"5OuniqueAttack": { "id": "PiercingToxicStrike", "attackCount": 5 },
		"10Ucbeasy": [ [ "100Burn" ], 3, 30 ]
	},
	"melvorItA:Abyssium_Dagger": {
		"base": [ "Unholy5", "TotHA" ],
		"5OuniqueAttack": { "id": "WitherBindingPlayer" },
		"10Ucbeasy": [ [ "100dhit" ], 3, 40 ]
	},
	"melvorItA:Lacerating_Dagger": {
		"base": "melvorItA:Abyssium_Dagger",
		"10Ucbeasy": [ [ "30Lace" ], 3, 50 ]
	},
	"melvorItA:Brumite_Dagger": {
		"base": [ "Unholy5", "TotHA" ],
		"5OuniqueAttack": { "id": "Lacerate" },
		"10Ucbeasy": [ [ "50dtaken" ], 3, 30 ]
	},
	"melvorItA:Gloomite_Dagger": {
		"base": [ "Unholy5", "TotHA" ],
		"5OuniqueAttack": { "id": "BlazingShadowPlayer" },
		"10Ucbeasy": [ [ "10Blight" ], 3, 30 ]
	},
	"melvorItA:Witherite_Dagger": {
		"base": [ "Unholy5", "TotHA" ],
		"5OuniqueAttack": { "id": "HollowDoomPlayer" },
		"10Ucbeasy": [ [ "3ec" ], 3, 60 ]
	},
	"melvorItA:Netherite_Dagger": {
		"base": [ "Unholy5", "TotHA" ],
		"5OuniqueAttack": {
			"id": "CommandOfTheKing",
			"damage": [
				{ "maxPercent": 150 }
			],
			"onhitEffects": [
				{
					"effectID": "BGSCheat:Laceration",
					"initialParams": [
						{
							"name": "percentPerStack",
							"value": 2
						},
						{
							"name": "stacksToAdd",
							"value": 2
						}
					]
				},
				{
					"effectID": "BGSCheat:Blight",
					"initialParams": [
						{
							"name": "maxStacks",
							"value": 16
						},
						{
							"name": "resetStacks",
							"value": 8
						}
					]
				},
				{
					"effectID": "BGSCheat:Voidburst",
					"initialParams": [
						{
							"name": "percent",
							"value": 150
						}
					]
				}
			]
		},
		"10Ucbeasy": [ [ "50$$5@bacc", "30$$5@bspd$" ], 3, 20 ]
	},
	"melvorD:Bronze_Sword": {
		"base": "tier1",
		"2barrier": [ 5 ],
		"2OuniqueAttack": { "id": "SunsetStab" }
	},
	"melvorD:Iron_Sword": {
		"base": "tier2",
		"3barrier": [ 8 ],
		"3OuniqueAttack": { "id": "Sandstorm" },
		"10UitemRand": [
			[ 0, 3, [ "melvorF:Golden_Stardust", "astr" ] ]
		]
	},
	"melvorD:Steel_Sword": {
		"base": "tier3",
		"4OuniqueAttack": { "id": "Sandstorm", "damage": [{"minPercent": 4, "maxPercent": 28}] }
	},
	"melvorD:Mithril_Sword": {
		"base": "Unholy1",
		"5OuniqueAttack": { "id": "Onslaught" },
		"10Ucbeasy": ["1Weakening", 2, 20]
	},
	"melvorD:Adamant_Sword": {
		"base": "Unholy1",
		"5OuniqueAttack": { "id": "DeadlyCut" },
		"10Ucbeasy": ["100bsteal", 3, 30]
	},
	"melvorD:Rune_Sword": {
		"base": "Unholy2",
		"5OuniqueAttack": { "id": "QuadSwipe" },
		"10Ucbeasy": [ "1Confusion", 3, 15 ]
	},
	"melvorD:Dragon_Sword": {
		"base": "Unholy2",
		"5OuniqueAttack": { "id": "TidalWave", "damage": [ { "amplitude": 120 } ] },
		"10Ucbeasy": [ "100bhp", 3, 30 ]
	},
	"melvorTotH:Corundum_Sword": {
		"base": [ "Unholy3", "TotHA" ],
		"5OuniqueAttack": { "id": "TsunamiArchaic", "damage": [ { "amplitude": 170 } ] },
		"10Ucbeasy": [ [ "100bcrit","100bcritm$" ], 2, 30 ]
	},
	"melvorTotH:Augite_Sword": {
		"base": [ "Unholy3", "TotHA" ],
		"5OuniqueAttack": { "id": "SpectralIceBlades", "damage": [ { "amplitude": 200 } ] },
		"10Ucbeasy": [ "50ddmg", 2, 25 ]
	},
	"melvorTotH:Divine_Sword": {
		"base": [ "Unholy4", "TotHA" ],
		"5OuniqueAttack": { "id": "Soulash", "damage": [ { "amplitude": 160 } ] },
		"10Ucbeasy": [ "1Fear", 2, 20 ]
	},
	"melvorItA:Abyssium_Sword": {
		"base": [ "Unholy5", "TotHA" ],
		"5OuniqueAttack": { "id": "WitherStabsPlayer" },
		"10Ucbeasy": [ [ "100$$1@bdmg", "100$$1@bacc$" ], 1, 30 ]
	},
	"melvorItA:Brumite_Sword": {
		"base": [ "Unholy5", "TotHA" ],
		"5OuniqueAttack": { "id": "BlightedSlashesPlayer" },
		"10Ucbeasy": [ "Nulled", 2, 80 ]
	},
	"melvorItA:Gloomite_Sword": {
		"base": [ "Unholy5", "TotHA" ],
		"5OuniqueAttack": { "id": "TendrilBindPlayer" },
		"10Ucbeasy": [ [ "200$5deva", "200$5dacc$" ], 3, 50 ]
	},
	"melvorItA:Witherite_Sword": {
		"base": [ "Unholy5", "TotHA" ],
		"5OuniqueAttack": {
			"id": "Pandemonium",
			"attackCount": { "u": 5 },
			"damage": [
				{ "maxPercent": 120 }
			]
		},
		"10Ucbeasy": [ [ "100dhp" ], 3, 30 ]
	},
	"melvorItA:Netherite_Sword": {
		"base": [ "Unholy5", "TotHA" ],
		"5OuniqueAttack": { "id": "VoidburstBarragePlayer" },
		"10Ucbeasy": [ "2Silence", 3, 50 ]
	},
	"melvorD:Bronze_Battleaxe": {
		"base": "tier1",
		"2barrier": [ 7 ],
		"2OuniqueAttack": { "id": "Sandblast" }
	},
	"melvorD:Iron_Battleaxe": {
		"base": "tier2",
		"3barrier": [ 12 ],
		"3OuniqueAttack": { "id": "ElementalImpactStun" },
		"10Ucart2": [ 0, 0, 50 ]
	},
	"melvorD:Steel_Battleaxe": {
		"base": "tier3",
		"4OuniqueAttack": { "id": "UnlimitedSlappingPower" }
	},
	"melvorD:Mithril_Battleaxe": {
		"base": "Unholy1",
		"5OuniqueAttack": { "id": "Rend" },
		"10Ucbeasy": [ "stun", 3, 50 ]
	},
	"melvorD:Adamant_Battleaxe": {
		"base": "Unholy1",
		"5OuniqueAttack": { "id": "PoisonedHit" },
		"10Ucbeasy": [ "100$25$3ddot", 3, 50 ]
	},
	"melvorD:Rune_Battleaxe": {
		"base": "Unholy2",
		"5OuniqueAttack": { "id": "CrushingBlow" },
		"10Ucbeasy": [ "3Crystallize", 3, 10 ]
	},
	"melvorD:Dragon_Battleaxe": {
		"base": "Unholy2",
		"5OuniqueAttack": { "id": "Flurry", "attackCount": 8 },
		"10Ucbeasy": [ "20$$3@bdmghp", 3, 10 ]
	},
	"melvorTotH:Corundum_Battleaxe": {
		"base": [ "Unholy3", "TotHA" ],
		"5OuniqueAttack": { "id": "DarkBladePlayer" },
		"10Ucbeasy": [ "Bleed400", 3, 20 ]
	},
	"melvorTotH:Augite_Battleaxe": {
		"base": [ "Unholy3", "TotHA" ],
		"5OuniqueAttack": { "id": "SpinningAxePlayer" },
		"10Ucbeasy": [ "reign", 3, 35 ]
	},
	"melvorTotH:Divine_Battleaxe": {
		"base": [ "Unholy4", "TotHA" ],
		"5OuniqueAttack": { "id": "AgileWingsPlayer" },
		"10Ucbeasy": [ "2Despair", 3, 25 ]
	},
	"melvorD:Bronze_Scimitar": {
		"base": "tier1",
		"2barrier": [ 6 ],
		"2OuniqueAttack": { "id": "ElementalImpactBurn" }
	},
	"melvorD:Iron_Scimitar": {
		"base": "tier2",
		"3barrier": [ 9 ],
		"3OuniqueAttack": { "id": "CrushingDoubleSlash", "damage": [ { "amplitude": 60 } ] },
		"10skillAddItem": [ 0, 0.1, [ "melvorF:Bank_Slot_Token", "fire" ] ]
	},
	"melvorD:Steel_Scimitar": {
		"base": "tier3",
		"4OuniqueAttack": { "id": "DoubleEdged" }
	},
	"melvorD:Mithril_Scimitar": {
		"base": "Unholy1",
		"5OuniqueAttack": { "id": "DoubleSwip" },
		"10Ucbeasy": [ "100Burn", 3, 20 ]
	},
	"melvorD:Adamant_Scimitar": {
		"base": "Unholy1",
		"5OuniqueAttack": { "id": "QuadSwipe" },
		"10Ucbeasy": [ [ "100$2$2bacc", "100$2$2bcrit$" ], 3, 80, {"t": 2} ]
	},
	"melvorD:Rune_Scimitar": {
		"base": "Unholy2",
		"5OuniqueAttack": { "id": "TidalWave", "damage": [ { "maxPercent": 100 } ] },
		"10Ucbeasy": [ "4stun", 2, 15 ]
	},
	"melvorD:Dragon_Scimitar": {
		"base": "Unholy2",
		"5OuniqueAttack": { "id": "Flurry", "damage": [ { "amplitude": 80 } ] },
		"10Ucbeasy": [ "50$$4@beva", 1, 50 ]
	},
	"melvorTotH:Corundum_Scimitar": {
		"base": [ "Unholy3", "TotHA" ],
		"5OuniqueAttack": { "id": "CorundumWounds", "damage": [ { "amplitude": 300 } ] },
		"10Ucbeasy": [ "150Slow", 3, 30 ]
	},
	"melvorTotH:Augite_Scimitar": {
		"base": [ "Unholy3", "TotHA" ],
		"5OuniqueAttack": {
			"id": "PiercingToxicStrike",
			"onhitEffects": [
				{
					"effectID": "BGSCheat:DeadlyPoison",
					"chance": 15,
					"initialParams": [
						{
							"name": "percent",
							"value": 100
						}
					]
				},
				{
					"effectID": "BGSCheat:Bleed400",
					"initialParams": [
						{
							"name": "percent",
							"value": 120
						}
					]
				}
			]
		},
		"10Ucbeasy": [ "30bsdmg", 3, 25 ]
	},
	"melvorTotH:Divine_Scimitar": {
		"base": [ "Unholy4", "TotHA" ],
		"5OuniqueAttack": {
			"id": "ThunderStrike",
			"damage": [ { "amplitude": 320 } ]
		},
		"10Ucbeasy": [ "100Bleed400", 3, 15 ]
	},
	"melvorD:Bronze_2H_Sword": {
		"base": "tier1",
		"Uress": [ 1 ],
		"2barrier": [ 10 ],
		"2OuniqueAttack": { "id": "CrushingDoubleSlash", "damage": [ { "amplitude": 60 } ] }
	},
	"melvorD:Iron_2H_Sword": {
		"base": "tier2",
		"Uress": [ 2 ],
		"3barrier": [ 15 ],
		"3OuniqueAttack": { "id": "UnlimitedSlappingPower" },
		"10arch": [ 0, 0, 0, 0, 50 ],
		"10arch2": [ 50, 50, 50, 50 ]
	},
	"melvorD:Steel_2H_Sword": {
		"base": "tier3",
		"Uress": [ 3 ],
		"4OuniqueAttack": { "id": "DeadlyCut" }
	},
	"melvorD:Mithril_2H_Sword": {
		"base": "Unholy1",
		"Uress": [ 4 ],
		"5OuniqueAttack": { "id": "DoubleSwipe", "damage": [ { "amplitude": 60 } ] },
		"10Ucbeasy": [ [ "15@bspd", "10@bres" ], 3, 50 ]
	},
	"melvorD:Adamant_2H_Sword": {
		"base": "Unholy1",
		"Uress": [ 5 ],
		"5OuniqueAttack": { "id": "TripleSwipe" },
		"10Ucbeasy": [ [ "Frostburn" ], 3, 25 ]
	},
	"melvorD:Rune_2H_Sword": {
		"base": "Unholy2",
		"Uress": [ 6 ],
		"5OuniqueAttack": {
			"id": "Infernum",
			"damage": [
				{ "amplitude": 120 },
				{ "amplitude": 150 },
				{ "amplitude": 200 }
			],
			"attackInterval": [ 50 ]
		},
		"10Ucbeasy": [ [ "Bleed400", "25Slow" ], 3, 20 ]
	},
	"melvorD:Dragon_2H_Sword": {
		"base": "Unholy2",
		"Uress": [ 7 ],
		"5OuniqueAtks": [ { "id": "Flurry" }, {"id": "IcePrison"}, { "id": "CrushingBlow" }, {"id": "Infernum"} ],
		"10Ucbeasy": [ "100bhp", 2, 25 ]
	},
	"melvorAoD:Unholy_2H_Sword": {
		"base": "Base",
		"Uress": [ 7 ],
		"5Uatkeffect": [3],
		"5Ucbeasy": [ "20unholy", 3 ],
		"5OuniqueAttack": { "id": "GhostlyScimitarPlayer" },
		"10Ucbeasy": [ [ "50dhit", "50dres" ], 3, 20 ]
	},
	"melvorAoD:Cursed_2H_Sword": {
		"base": "melvorAoD:Unholy_2H_Sword",
		"10Ucbeasy": [ [ "10Malice", "10Destruction", "10Spite", "10Consume", "10Eradicate"], 7, 100 ]
	},
	"melvorTotH:Corundum_2H_Sword": {
		"base": [ "Unholy3", "TotHA" ],
		"Uress": [ 8 ],
		"5OuniqueAttack": {
			"id": "DragonStormCall",
			"damage": [ { "amplitude": 200 } ]
		},
		"10Ucbeasy": [ [ "Deadly" ], 2, 10 ]
	},
	"melvorTotH:Augite_2H_Sword": {
		"base": [ "Unholy3", "TotHA" ],
		"Uress": [ 9 ],
		"5OuniqueAttack": {
			"id": "HeatedFury",
			"damage": [
				{ "amplitude": 150 },
				{ "amplitude": 200 },
				{ "amplitude": 210 },
				{ "amplitude": 220 }
			]
		},
		"10Ucbeasy": [ [ "50$2dhit", "50$2dacc$", "50$2deva$" ], 2, 30 ]
	},
	"melvorTotH:Meteorite_2H_Sword": {
		"base": [ "Unholy4", "TotHA" ],
		"Uress": [ 10 ],
		"5OuniqueAttack": { "id": "MeteorSwing" },
		"10Ucbeasy": [ "Stun", 3, 25 ]
	},
	"melvorTotH:Divine_2H_Sword": {
		"base": [ "Unholy4", "TotHA" ],
		"Uress": [ 10 ],
		"5UuniqueAttack": { "id": "DivineBreaker", "damage": [ { "amplitude": 160 } ] },
		"10Ucbeasy": [ "100Bleed400", 3, 35 ]
	},
	"melvorItA:Abyssium_2H_Sword": {
		"base": [ "Unholy5", "TotHA" ],
		"Uress": [ 0, 3 ],
		"5OuniqueAttack": {
			"id": "NullSphere",
			"damage": [
				{
					"maxPercent": 180
				}
			],
			"onhitEffects": [
				{
					"effectID": "BGSCheat:Voidburst",
					"initialParams": [
						{
							"name": "stacksToAdd",
							"value": [ 1 ]
						},
						{
							"name": "stacks",
							"value": [ 1 ]
						}
					]
				}
			]
		},
		"10Ucbeasy": [ [ "50$2bspd", "50$2bres$", "50$2beva$" ], 2, 25 ]
	},
	"melvorItA:Brumite_2H_Sword": {
		"base": [ "Unholy5", "TotHA" ],
		"Uress": [ 0, 6 ],
		"5OuniqueAttack": { "id": "SilentSlashesPlayer", "damage": [ { "amplitude": 170 } ] },
		"10Ucbeasy": [ "25lace", 3, 50 ]
	},
	"melvorItA:Gloomite_2H_Sword": {
		"base": [ "Unholy5", "TotHA" ],
		"Uress": [ 0, 9 ],
		"5OuniqueAttack": { "id": "OpenWoundsPlayer" },
		"10Ucbeasy": [ "30$2bdmgmhp", 3, 30 ]
	},
	"melvorItA:Witherite_2H_Sword": {
		"base": [ "Unholy5", "TotHA" ],
		"Uress": [ 0, 12 ],
		"5OuniqueAttack": { "id": "SilentTanglePlayer" },
		"10Ucbeasy": [ "12blight", 3, 40 ]
	},
	"melvorItA:Netherite_2H_Sword": {
		"base": [ "Unholy5", "TotHA" ],
		"Uress": [ 0, 15 ],
		"5OuniqueAttack": {
			"id": "TerrorBeam",
			"damage": [ { "maxPercent": [ -80, 0, 180 ] } ]
		},
		"10Ucbeasy": [ [ "5Stun" ], 3, 25 ]
	},
	"melvorD:Bronze_Throwing_Knife": {
		"base": "tier1",
		"2barrier": [ 3 ],
		"2OuniqueAttack": { "id": "FrozenShot" }
	},
	"melvorD:Iron_Throwing_Knife": {
		"base": "tier2",
		"3barrier": [ 5 ],
		"3OuniqueAttack": { "id": "SwiftAttack", "damage": [{"amplitude": 80}] },
		"10skillAddItem": [ 0, 0.1, [ "melvorF:Bank_Slot_Token", "arch" ] ]
	},
	"melvorD:Steel_Throwing_Knife": {
		"base": "tier3",
		"4OuniqueAttack": { "id": "ElementalImpactFrostburn" }
	},
	"melvorD:Mithril_Throwing_Knife": {
		"base": "Unholy1",
		"5OuniqueAttack": { "id": "InfernalVolley" },
		"10Ucbeasy": [ [ "100dhit" ], 2, 40 ]
	},
	"melvorAoD:Crystal_Throwing_Knife": {
		"base": "Unholy1",
		"5OuniqueAttack": { "id": "BlunderbussPlayer" },
		"10Ucbeasy": [ "1Fatigue", 2, 30 ]
	},
	"melvorD:Adamant_Throwing_Knife": {
		"base": "Unholy1",
		"5OuniqueAttack": { "id": "TiltedShot" },
		"10Ucbeasy": [ [ "200$10bacc", "200$10beva$" ], 2, 100 ]
	},
	"melvorD:Rune_Throwing_Knife": {
		"base": "Unholy2",
		"5OuniqueAttack": { "id": "JadestoneShots" },
		"10Ucbeasy": [ [ "100Poison" ], 2, 15 ]
	},
	"melvorD:Dragon_Throwing_Knife": {
		"base": "Unholy2",
		"5OuniqueAttack": {
			"id": "IcePrison",
			"onhitEffects": [
				{
					"effectID": "BGSCheat:IcePrison1",
					"initialParams": [
						{
							"name": "maxStacks",
							"value": 5
						},
						{
							"name": "stacksToAdd",
							"value": 1
						},
						{
							"name": "initialStacks",
							"value": 1
						}
					]
				}
			]
		},
		"10Ucbeasy": [ [ "100dhp", "100ddmg$" ], 2, 30 ]
	},
	"melvorAoD:Pure_Crystal_Throwing_Knife": {
		"base": "Unholy2",
		"5OuniqueAttack": { "id": "Crystalline" },
		"10Ucbeasy": [["10bunder","10dunder$"], 3, 50]
	},
	"melvorTotH:Corundum_Throwing_Knife": {
		"base": [ "Unholy3", "TotHA" ],
		"5OuniqueAttack": { "id": "GiantFireball", "damage": [ { "amplitude": 280 } ] },
		"10Ucbeasy": [ "1Torment", 2, 40 ]
	},
	"melvorTotH:Augite_Throwing_Knife": {
		"base": [ "Unholy3", "TotHA" ],
		"5OuniqueAttack": { "id": "SpectralIceBlades", "attackCount": 7 },
		"10Ucbeasy": [ "100dhit", 2, 50 ]
	},
	"melvorTotH:Divine_Throwing_Knife": {
		"base": [ "Unholy4", "TotHA" ],
		"5OuniqueAttack": { "id": "PoisonPods" },
		"10Ucbeasy": [ "Stun", 2, 15 ]
	},
	"melvorItA:Abyssium_Throwing_Knife": {
		"base": [ "Unholy5", "TotHA" ],
		"5OuniqueAttack": { "id": "StingingSilencePlayer" },
		"10Ucbeasy": [ [ "100btaken", "100bres$" ], 2, 45 ]
	},
	"melvorItA:Brumite_Throwing_Knife": {
		"base": [ "Unholy5", "TotHA" ],
		"5OuniqueAttack": { "id": "NullWave" },
		"10Ucbeasy": [ [ "50Poison", "50Toxin" ], 2, 100 ]
	},
	"melvorItA:Gloomite_Throwing_Knife": {
		"base": [ "Unholy5", "TotHA" ],
		"5OuniqueAttack": { "id": "MalevolentBlightPlayer" },
		"10Ucbeasy": [ "90$3dhit", 2, 25 ]
	},
	"melvorItA:Witherite_Throwing_Knife": {
		"base": [ "Unholy5", "TotHA" ],
		"5OuniqueAttack": { "id": "VoidfireCascadePlayer" },
		"10Ucbeasy": [ [ "60$3bcrit", "100$5bcritm$" ], 2, 40 ]
	},
	"melvorItA:Netherite_Throwing_Knife": {
		"base": [ "Unholy5", "TotHA" ],
		"5OuniqueAttack": {
			"id": "VoidfireVolley",
			"damage": [
				{
					"maxPercent": 110
				}
			],
			"attackCount": 4,
			"onhitEffects": [
				{
					"effectID": "BGSCheat:Voidburst",
					"initialParams": [
						{
							"name": "stacks",
							"value": 1
						},
						{
							"name": "stacksToAdd",
							"value": 1
						}
					]
				}
			]
		},
		"10Ucbeasy": [ "10Blight", 2, 15 ]
	},
	"melvorD:Bronze_Shield": {
		"base": [ "tier1", "shield" ]
	},
	"melvorD:Bronze_Shield_T_S": {
		"base": [ "melvorD:Bronze_Shield", "Update" ]
	},
	"melvorD:Bronze_Shield_T_G": {
		"base": [ "melvorD:Bronze_Shield_T_S", "Update" ]
	},
	"melvorD:Iron_Shield": {
		"base": [ "tier2", "2shield" ],
		"10itemRand": [
			[ 100, [ "melvorF:Stardust", "astr" ] ]
		]
	},
	"melvorD:Iron_Shield_T_S": {
		"base": [ "melvorD:Iron_Shield", "Update" ]
	},
	"melvorD:Iron_Shield_T_G": {
		"base": [ "melvorD:Iron_Shield_T_S", "Update" ]
	},
	"melvorD:Steel_Shield": {
		"base": [ "tier3", "3shield" ]
	},
	"melvorD:Steel_Shield_T_S": {
		"base": [ "melvorD:Steel_Shield", "Update" ]
	},
	"melvorD:Steel_Shield_T_G": {
		"base": [ "melvorD:Steel_Shield_T_S", "Update" ]
	},
	"melvorD:Mithril_Shield": {
		"base": [ "Unholy1", "4shield" ]
	},
	"melvorD:Mithril_Shield_T_S": {
		"base": ["melvorD:Mithril_Shield","Update"]
	},
	"melvorD:Mithril_Shield_T_G": {
		"base": [ "melvorD:Mithril_Shield_T_S", "Update" ]
	},
	"melvorAoD:Crystal_Shield": {
		"base": [ "Unholy1", "4shield" ],
		"5cbeasy": [ [ "melvorAoD:GrudgePlayer","melvorAoD:GrudgeEnemy$"], 7, 100 ]
	},
	"melvorAoD:Crystal_Shield_T_S": {
		"base": [ "melvorAoD:Crystal_Shield", "Update" ]
	},
	"melvorAoD:Crystal_Shield_T_G": {
		"base": [ "melvorAoD:Crystal_Shield_T_S", "Update" ]
	},
	"melvorD:Adamant_Shield": {
		"base": [ "Unholy1", "5shield" ]
	},
	"melvorD:Adamant_Shield_T_S": {
		"base": [ "melvorD:Adamant_Shield", "Update" ]
	},
	"melvorD:Adamant_Shield_T_G": {
		"base": [ "melvorD:Adamant_Shield_T_S", "Update" ]
	},
	"melvorAoD:Aranite_Shield": {
		"base": [ "Unholy1", "5shield" ],
		"5Ucbeasy": [ [ "BarrierBleed", "BarrierBurn" ], 11, 50 ]
	},
	"melvorD:Rune_Shield": {
		"base": [ "Unholy2", "6shield" ]
	},
	"melvorD:Rune_Shield_T_S": {
		"base": [ "melvorD:Rune_Shield", "Update" ]
	},
	"melvorD:Rune_Shield_T_G": {
		"base": [ "melvorD:Rune_Shield_T_S", "Update" ]
	},
	"melvorD:Dragon_Shield": {
		"base": [ "Unholy2", "7shield" ]
	},
	"melvorD:Dragon_Shield_T_S": {
		"base": [ "melvorD:Dragon_Shield", "Update" ]
	},
	"melvorD:Dragon_Shield_T_G": {
		"base": [ "melvorD:Dragon_Shield_T_S", "Update" ]
	},
	"melvorAoD:Pure_Crystal_Shield": {
		"base": [ "Unholy2", "7shield" ],
		"5Ucbeasy": [ "melvorAoD:Martyr", 7, 30, { "sm": 10, "sa": 10 } ]
	},
	"melvorAoD:Pure_Crystal_Shield_T_S": {
		"base": [ "melvorAoD:Pure_Crystal_Shield", "Update" ]
	},
	"melvorAoD:Pure_Crystal_Shield_T_G": {
		"base": [ "melvorAoD:Pure_Crystal_Shield_T_S", "Update" ]
	},
	"melvorAoD:Darksteel_Shield": {
		"base": [ "Unholy2", "7shield" ],
		"5UEdot": [ 0, 60 ]
	},
	"melvorAoD:Relic_Shield": {
		"base": [ "Unholy2", "7shield" ]
	},
	"melvorTotH:Corundum_Shield": {
		"base": [ "Unholy3", "8shield" ]
	},
	"melvorTotH:Corundum_Shield_T_I": {
		"base": [ "melvorTotH:Corundum_Shield", "Update" ]
	},
	"melvorTotH:Corundum_Shield_T_P": {
		"base": [ "melvorTotH:Corundum_Shield_T_I", "Update" ]
	},
	"melvorTotH:Augite_Shield": {
		"base": [ "Unholy3", "9shield" ]
	},
	"melvorTotH:Augite_Shield_T_I": {
		"base": [ "melvorTotH:Augite_Shield", "Update" ]
	},
	"melvorTotH:Augite_Shield_T_P": {
		"base": [ "melvorTotH:Augite_Shield_T_I", "Update" ]
	},
	"melvorTotH:Divine_Shield": {
		"base": [ "Unholy4", "10shield" ]
	},
	"melvorTotH:Divine_Shield_T_I": {
		"base": [ "melvorTotH:Divine_Shield", "Update" ]
	},
	"melvorTotH:Divine_Shield_T_P": {
		"base": [ "melvorTotH:Divine_Shield_T_I", "Update" ]
	},
	"melvorD:Bronze_Gloves": {
		"base": "tier1",
		"4Ucbeasy": [ "100Bleed100", 3, 10 ]
	},
	"melvorD:Iron_Gloves": {
		"base": "tier2",
		"5Ucbeasy": [ "2Stun", 2, 10 ],
		"10Uastrology": [0,0,-10]
	},
	"melvorD:Steel_Gloves": {
		"base": "tier3",
		"3allow": [ 0, 0, 0, 1 ],
		"5Ucbeasy": [ [ "1Stun", "1Freeze", "1Crystallize" ], 2, 10 ]
	},
	"melvorD:Mithril_Gloves": {
		"base": "Unholy1",
		"5Ucbeasy": [ "100Bleed200", 3, 15 ]
	},
	"melvorAoD:Crystal_Gloves": {
		"base": "Unholy1",
		"5cbeasy": [ "BGSCheat:Malice", 7, 100 ],
		"10Ucbeasy": [ "melvorAoD:Elusive", 9, 20 ]
	},
	"melvorD:Adamant_Gloves": {
		"base": "Unholy1",
		"5Ucbeasy": [ "Deadly", 8, 20 ]
	},
	"melvorD:Rune_Gloves": {
		"base": "Unholy2",
		"5Ucbeasy": [ [ "50$1bhit", "50$1bhp$", "50$1bcrit$", "50$1bcritm$", "50$1bres$" ], 3, 35 ]
	},
	"melvorD:Dragon_Gloves": {
		"base": "Unholy2",
		"5Ucbeasy": [ [ "50$1dhit", "50$1dhp$", "50$1dtaken$", "50$1ddmg$", "50$1dres$" ], 3, 35 ]
	},
	"melvorAoD:Pure_Crystal_Gloves": {
		"base": "Unholy2",
		"5cbeasy": [ "10Malice", 7, 100 ]
	},
	"melvorTotH:Corundum_Gloves": {
		"base": "Unholy3",
		"5Ucbeasy": [ "3Madness", 2, 25, { "t": 3 } ]
	},
	"melvorTotH:Augite_Gloves": {
		"base": "Unholy3",
		"5Ucbeasy": [ "3Torment", 2, 25, { "t": 3 } ]
	},
	"melvorTotH:Divine_Gloves": {
		"base": "Unholy4",
		"5Ucbeasy": [ "melvorTotH:DejaVu0", 2, 25, { "t": 3 } ]
	},
	"melvorD:Bronze_Helmet": {
		"base": "tier1",
		"Uress": [ 1 ],
		"4Ucbeasy": [ [ "melvorF:BlindingI", "melvorF:WeakeningI", "melvorF:AnguishI" ], 5, 30 ]
	},
	"melvorD:Bronze_Helmet_T_S": {
		"base": "melvorD:Bronze_Helmet"
	},
	"melvorD:Bronze_Helmet_T_G": {
		"base": "melvorD:Bronze_Helmet_T_S"
	},
	"melvorAoD:Bronze_Helmet_T_B": {
		"base": [ "melvorD:Bronze_Helmet_T_G", "AoD1" ]
	},
	"melvorD:Iron_Helmet": {
		"base": "tier2",
		"Uress": [ 2 ],
		"3slayer": [ 10 ],
		"3prayerGetCombat": [ 0, 20 ],
		"10rune": [ 0, 100, 50, 50 ]
	},
	"melvorD:Iron_Helmet_T_S": {
		"base": [ "melvorD:Iron_Helmet", "Update" ]
	},
	"melvorD:Iron_Helmet_T_G": {
		"base": [ "melvorD:Iron_Helmet_T_S", "Update" ]
	},
	"melvorAoD:Iron_Helmet_T_B": {
		"base": [ "melvorD:Iron_Helmet_T_G", "AoD2", "Update" ]
	},
	"melvorD:Steel_Helmet": {
		"base": "tier3",
		"Uress": [ 3 ],
		"3allow": [ 0, 0, 0, 0, 1 ],
		"3slayer": [ 15 ]
	},
	"melvorD:Steel_Helmet_T_S": {
		"base": [ "melvorD:Steel_Helmet", "Update" ]
	},
	"melvorD:Steel_Helmet_T_G": {
		"base": [ "melvorD:Steel_Helmet_T_S", "Update" ]
	},
	"melvorAoD:Steel_Helmet_T_B": {
		"base": [ "melvorD:Steel_Helmet_T_G", "AoD3", "Update" ]
	},
	"melvorD:Mithril_Helmet": {
		"base": "Unholy1",
		"Uress": [ 4 ],
		"5slayer": [ 10 ],
		"10Ucbeasy": [ "2Weakening", 5, 15, { "t": 4 } ]
	},
	"melvorD:Mithril_Helmet_T_S": {
		"base": [ "melvorD:Mithril_Helmet", "Update" ]
	},
	"melvorD:Mithril_Helmet_T_G": {
		"base": [ "melvorD:Mithril_Helmet_T_S", "Update" ]
	},
	"melvorAoD:Mithril_Helmet_T_B": {
		"base": [ "melvorD:Mithril_Helmet_T_G", "AoD4","Update" ]
	},
	"melvorAoD:Mithril_Helmet_T_C": {
		"base": [ "melvorAoD:Mithril_Helmet_T_B", "Update" ]
	},
	"melvorAoD:Crystal_Helmet": {
		"base": [ "Unholy1", "AoD4" ],
		"Uress": [ 4 ],
		"5slayer": [ 10 ],
		"5Ucbeasy": [ "Consume", 7, 100 ],
		"10Ucbeasy": [ "1Weakening", 4, 40, { "t": 2 } ]
	},
	"melvorAoD:Crystal_Helmet_T_S": {
		"base": [ "melvorAoD:Crystal_Helmet", "Update" ]
	},
	"melvorAoD:Crystal_Helmet_T_G": {
		"base": [ "melvorAoD:Crystal_Helmet_T_S", "Update" ]
	},
	"melvorD:Adamant_Helmet": {
		"base": "Unholy1",
		"Uress": [ 5 ],
		"5slayer": [ 20 ],
		"10Ucbeasy": [ "Slow", 3, 40, { "t": 4 } ]
	},
	"melvorD:Adamant_Helmet_T_S": {
		"base": [ "melvorD:Adamant_Helmet", "Update" ]
	},
	"melvorD:Adamant_Helmet_T_G": {
		"base": [ "melvorD:Adamant_Helmet_T_S", "Update" ]
	},
	"melvorAoD:Adamant_Helmet_T_B": {
		"base": [ "melvorD:Adamant_Helmet_T_G", "AoD5","Update" ]
	},
	"melvorAoD:Adamant_Helmet_T_C": {
		"base": [ "melvorAoD:Adamant_Helmet_T_B", "Update" ]
	},
	"melvorD:Rune_Helmet": {
		"base": "Unholy2",
		"Uress": [ 6 ],
		"5slayer": [ 30 ],
		"10Ucbeasy": [ "2Stun", 2, 25 ]
	},
	"melvorD:Rune_Helmet_T_S": {
		"base": [ "melvorD:Rune_Helmet", "Update" ]
	},
	"melvorD:Rune_Helmet_T_G": {
		"base": [ "melvorD:Rune_Helmet_T_S", "Update" ]
	},
	"melvorAoD:Rune_Helmet_T_B": {
		"base": [ "melvorD:Rune_Helmet_T_G", "AoD6","Update" ]
	},
	"melvorAoD:Rune_Helmet_T_C": {
		"base": [ "melvorAoD:Rune_Helmet_T_B", "Update" ]
	},
	"melvorD:Dragon_Helmet": {
		"base": "Unholy2",
		"Uress": [ 7 ],
		"5slayer": [ 40 ],
		"10Ucbeasy": [ [ "50bhp", "50bres$", "50beva$", "50btaken$" ], 5, 20 ]
	},
	"melvorD:Dragon_Helmet_T_S": {
		"base": [ "melvorD:Dragon_Helmet", "Update" ]
	},
	"melvorD:Dragon_Helmet_T_G": {
		"base": [ "melvorD:Dragon_Helmet_T_S", "Update" ]
	},
	"melvorAoD:Dragon_Helmet_T_B": {
		"base": [ "melvorD:Dragon_Helmet_T_G", "AoD7","Update" ]
	},
	"melvorAoD:Pure_Crystal_Helmet": {
		"base": [ "Unholy2", "AoD7" ],
		"Uress": [ 7 ],
		"5slayer": [ 40 ],
		"5Ucbeasy": [ "10Consume", 7, 100 ]
	},
	"melvorAoD:Pure_Crystal_Helmet_T_S": {
		"base": [ "melvorAoD:Pure_Crystal_Helmet", "Update" ]
	},
	"melvorAoD:Pure_Crystal_Helmet_T_G": {
		"base": [ "melvorAoD:Pure_Crystal_Helmet_T_S", "Update" ]
	},
	"melvorAoD:Dragon_Helmet_T_C": {
		"base": [ "melvorAoD:Dragon_Helmet_T_B", "melvorAoD:Pure_Crystal_Helmet_T_G" ]
	},
	"melvorTotH:Corundum_Helmet": {
		"base": [ "Unholy3", "TotHD1" ],
		"Uress": [ 8 ],
		"5Ucbeasy": [ "100dp", 3, 20 ]
	},
	"melvorTotH:Corundum_Helmet_T_I": {
		"base": [ "melvorTotH:Corundum_Helmet", "Update" ]
	},
	"melvorTotH:Corundum_Helmet_T_P": {
		"base": [ "melvorTotH:Corundum_Helmet_T_I", "Update" ]
	},
	"melvorTotH:Augite_Helmet": {
		"base": [ "Unholy3", "TotHD1" ],
		"Uress": [ 9 ],
		"5Ucbeasy": [ "2Despair", 3, 20, { "t": 3 } ]
	},
	"melvorTotH:Augite_Helmet_T_I": {
		"base": [ "melvorTotH:Augite_Helmet", "Update" ]
	},
	"melvorTotH:Augite_Helmet_T_P": {
		"base": [ "melvorTotH:Augite_Helmet_T_I", "Update" ]
	},
	"melvorTotH:Meteorite_Helmet": {
		"base": [ "Unholy4", "TotHD2" ],
		"Uress": [ 10 ],
		"5Ucbeasy": [ [ "50$1dhit", "50$1dhp$", "50$1dtaken$", "50$1dspd$", "50$1ddmg$" ], 2, 30 ]
	},
	"melvorTotH:Divine_Helmet": {
		"base": [ "Unholy4", "TotHD2" ],
		"Uress": [ 10 ],
		"5Ucbeasy": [ [ "50$1bhit", "50$1bhp$", "50$1btaken$", "50$1bspd$", "50$1bdmg$", "50$1bcrit$", "50$1bcritm$" ], 2, 20 ]
	},
	"melvorTotH:Divine_Helmet_T_I": {
		"base": [ "melvorTotH:Divine_Helmet", "Update" ]
	},
	"melvorTotH:Divine_Helmet_T_P": {
		"base": [ "melvorTotH:Divine_Helmet_T_I", "Update" ]
	},
	"melvorItA:Abyssium_Helmet": {
		"base": [ "Unholy5", "AbyD" ],
		"5Ucbeasy": [ "10Ablaze", 2, 25 ]
	},
	"melvorItA:Abyssium_Helmet_U": {
		"base": [ "melvorItA:Abyssium_Helmet", "Update" ]
	},
	"melvorItA:Brumite_Helmet": {
		"base": [ "Unholy5", "2AbyD" ],
		"5Ucbeasy": [ "10blight", 3, 25 ]
	},
	"melvorItA:Brumite_Helmet_U": {
		"base": [ "melvorItA:Brumite_Helmet", "Update" ]
	},
	"melvorItA:Gloomite_Helmet": {
		"base": [ "Unholy5", "3AbyD" ],
		"5Ucbeasy": [ "100Toxin", 3, 20 ]
	},
	"melvorItA:Gloomite_Helmet_U": {
		"base": [ "melvorItA:Gloomite_Helmet", "Update" ]
	},
	"melvorItA:Fear_Helmet": {
		"base": [ "melvorItA:Gloomite_Helmet_U", "Update" ]
	},
	"melvorItA:Witherite_Helmet": {
		"base": [ "Unholy5", "4AbyD" ],
		"5Ucbeasy": [ "5Silence", 3, 25 ]
	},
	"melvorItA:Witherite_Helmet_U": {
		"base": [ "melvorItA:Witherite_Helmet", "Update" ]
	},
	"melvorItA:Netherite_Helmet": {
		"base": [ "Unholy5", "5AbyD" ],
		"5Ucbeasy": [ "100Voidburst", 3, 25 ]
	},
	"melvorItA:Netherite_Helmet_U": {
		"base": [ "melvorItA:Netherite_Helmet", "Update" ]
	},
	"melvorD:Bronze_Platebody": {
		"base": [ "tier1", "body" ],
		"2slayer": [ 5 ]
	},
	"melvorD:Bronze_Platebody_T_S": {
		"base": [ "melvorD:Bronze_Platebody", "Update" ]
	},
	"melvorD:Bronze_Platebody_T_G": {
		"base": [ "melvorD:Bronze_Platebody_T_S", "Update" ]
	},
	"melvorAoD:Bronze_Platebody_T_B": {
		"base": [ "melvorD:Bronze_Platebody_T_G", "AoD1","Update" ]
	},
	"melvorD:Iron_Platebody": {
		"base": [ "tier2", "2body" ],
		"3slayer": [ 10 ],
		"10itemRand": [
			[ 80, [ "melvorF:Golden_Stardust", "astr" ] ]
		]
	},
	"melvorD:Iron_Platebody_T_S": {
		"base": [ "melvorD:Iron_Platebody", "Update" ]
	},
	"melvorD:Iron_Platebody_T_G": {
		"base": [ "melvorD:Iron_Platebody_T_S", "Update" ]
	},
	"melvorAoD:Iron_Platebody_T_B": {
		"base": [ "melvorD:Iron_Platebody_T_G", "AoD2","Update" ]
	},
	"melvorD:Steel_Platebody": {
		"base": [ "tier3", "3body" ],
		"3slayer": [ 15 ]
	},
	"melvorD:Steel_Platebody_T_S": {
		"base": [ "melvorD:Steel_Platebody", "Update" ]
	},
	"melvorD:Steel_Platebody_T_G": {
		"base": [ "melvorD:Steel_Platebody_T_S", "Update" ]
	},
	"melvorAoD:Steel_Platebody_T_B": {
		"base": [ "melvorD:Steel_Platebody_T_G", "AoD3","Update" ]
	},
	"melvorD:Mithril_Platebody": {
		"base": [ "Unholy1", "4body" ],
		"5slayer": [ 10 ]
	},
	"melvorD:Mithril_Platebody_T_S": {
		"base": [ "melvorD:Mithril_Platebody", "Update" ]
	},
	"melvorD:Mithril_Platebody_T_G": {
		"base": [ "melvorD:Mithril_Platebody_T_S", "Update" ]
	},
	"melvorAoD:Mithril_Platebody_T_B": {
		"base": [ "melvorD:Mithril_Platebody_T_G", "AoD4", "Update" ]
	},
	"melvorAoD:Mithril_Platebody_T_C": {
		"base": [ "melvorAoD:Mithril_Platebody_T_B", "Update" ]
	},
	"melvorAoD:Crystal_Platebody": {
		"base": [ "Unholy1", "4body", "AoD4" ],
		"5slayer": [ 10 ],
		"5cbeasy": [ "Spite", 7, 100 ]
	},
	"melvorAoD:Crystal_Platebody_T_S": {
		"base": [ "melvorAoD:Crystal_Platebody", "Update" ]
	},
	"melvorAoD:Crystal_Platebody_T_G": {
		"base": [ "melvorAoD:Crystal_Platebody_T_S", "Update" ]
	},
	"melvorD:Adamant_Platebody": {
		"base": [ "Unholy1", "5body" ],
		"5slayer": [ 20 ]
	},
	"melvorD:Adamant_Platebody_T_S": {
		"base": [ "melvorD:Adamant_Platebody", "Update" ]
	},
	"melvorD:Adamant_Platebody_T_G": {
		"base": [ "melvorD:Adamant_Platebody_T_S", "Update" ]
	},
	"melvorAoD:Adamant_Platebody_T_B": {
		"base": [ "melvorD:Adamant_Platebody_T_G", "AoD5","Update" ]
	},
	"melvorAoD:Adamant_Platebody_T_C": {
		"base": [ "melvorAoD:Adamant_Platebody_T_B", "Update" ]
	},
	"melvorD:Rune_Platebody": {
		"base": [ "Unholy2", "6body" ],
		"5slayer": [ 30 ]
	},
	"melvorD:Rune_Platebody_T_S": {
		"base": [ "melvorD:Rune_Platebody", "Update" ]
	},
	"melvorD:Rune_Platebody_T_G": {
		"base": [ "melvorD:Rune_Platebody_T_S", "Update" ]
	},
	"melvorAoD:Rune_Platebody_T_B": {
		"base": [ "melvorD:Rune_Platebody_T_G", "AoD6","Update" ]
	},
	"melvorAoD:Rune_Platebody_T_C": {
		"base": [ "melvorAoD:Rune_Platebody_T_B", "Update" ]
	},
	"melvorD:Dragon_Platebody": {
		"base": [ "Unholy2", "7body" ],
		"5slayer": [ 40 ]
	},
	"melvorD:Dragon_Platebody_T_S": {
		"base": [ "melvorD:Dragon_Platebody", "Update" ]
	},
	"melvorD:Dragon_Platebody_T_G": {
		"base": [ "melvorD:Dragon_Platebody_T_S", "Update" ]
	},
	"melvorAoD:Dragon_Platebody_T_B": {
		"base": [ "melvorD:Dragon_Platebody_T_G", "AoD7","Update" ]
	},
	"melvorAoD:Pure_Crystal_Platebody": {
		"base": [ "Unholy2", "7body", "AoD7"],
		"5slayer": [ 40 ],
		"5Ucbeasy": [ "10Spite", 7, 100 ]
	},
	"melvorAoD:Pure_Crystal_Platebody_T_S": {
		"base": [ "melvorAoD:Pure_Crystal_Platebody", "Update" ]
	},
	"melvorAoD:Pure_Crystal_Platebody_T_G": {
		"base": [ "melvorAoD:Pure_Crystal_Platebody_T_S", "Update" ]
	},
	"melvorAoD:Dragon_Platebody_T_C": {
		"base": [ "melvorAoD:Dragon_Platebody_T_B","melvorAoD:Pure_Crystal_Platebody_T_G" ]
	},
	"melvorAoD:Unholy_Platebody": {
		"base": [ "Base", "7body" ],
		"5Uatkeffect": [3],
		"5Ucbeasy": [ "20unholy", 3 ],
		"5slayer": [ 40 ]
	},
	"melvorAoD:Cursed_Platebody": {
		"base": [ "melvorAoD:Unholy_Platebody", "Update" ],
		"5Nbarrier": [ 0, 20, 30 ],
		"5Usummon": [ 0, -10, 35 ],
		"5atkeffect": [ 0, 0, 50 ],
		"10atkeffect": [ 0, 0, 100 ]
	},
	"melvorTotH:Corundum_Platebody": {
		"base": [ "Unholy3", "8body", "TotHD1" ]
	},
	"melvorTotH:Corundum_Platebody_T_I": {
		"base": [ "melvorTotH:Corundum_Platebody", "Update" ]
	},
	"melvorTotH:Corundum_Platebody_T_P": {
		"base": [ "melvorTotH:Corundum_Platebody_T_I", "Update" ]
	},
	"melvorTotH:Augite_Platebody": {
		"base": [ "Unholy3", "9body", "TotHD1" ]
	},
	"melvorTotH:Augite_Platebody_T_I": {
		"base": [ "melvorTotH:Augite_Platebody", "Update" ]
	},
	"melvorTotH:Augite_Platebody_T_P": {
		"base": [ "melvorTotH:Augite_Platebody_T_I", "Update" ]
	},
	"melvorTotH:Meteorite_Platebody": {
		"base": [ "Unholy4", "10body", "TotHD2" ]
	},
	"melvorTotH:Divine_Platebody": {
		"base": [ "Unholy4", "10body", "TotHD2" ]
	},
	"melvorTotH:Divine_Platebody_T_I": {
		"base": [ "melvorTotH:Divine_Platebody", "Update" ]
	},
	"melvorTotH:Divine_Platebody_T_P": {
		"base": [ "melvorTotH:Divine_Platebody_T_I", "Update" ]
	},
	"melvorItA:Abyssium_Platebody": {
		"base": [ "Unholy5", "bodyA" ]
	},
	"melvorItA:Abyssium_Platebody_U": {
		"base": [ "melvorItA:Abyssium_Platebody", "Update" ]
	},
	"melvorItA:Woeful_Platebody": {
		"base": [ "melvorItA:Abyssium_Platebody_U", "Update" ]
	},
	"melvorItA:Brumite_Platebody": {
		"base": [ "Unholy5", "2bodyA" ]
	},
	"melvorItA:Brumite_Platebody_U": {
		"base": [ "melvorItA:Brumite_Platebody", "Update" ]
	},
	"melvorItA:Gloomite_Platebody": {
		"base": [ "Unholy5", "3bodyA" ]
	},
	"melvorItA:Gloomite_Platebody_U": {
		"base": [ "melvorItA:Gloomite_Platebody", "Update" ]
	},
	"melvorItA:Witherite_Platebody": {
		"base": [ "Unholy5", "4bodyA" ]
	},
	"melvorItA:Witherite_Platebody_U": {
		"base": [ "melvorItA:Witherite_Platebody", "Update" ]
	},
	"melvorItA:Netherite_Platebody": {
		"base": [ "Unholy5", "5bodyA" ]
	},
	"melvorItA:Netherite_Platebody_U": {
		"base": [ "melvorItA:Netherite_Platebody", "Update" ]
	},
	"melvorD:Bronze_Platelegs": {
		"base": [ "tier1", "legs" ],
		"2slayer": [ 5 ]
	},
	"melvorD:Bronze_Platelegs_T_S": {
		"base": [ "melvorD:Bronze_Platelegs", "Update" ]
	},
	"melvorD:Bronze_Platelegs_T_G": {
		"base": [ "melvorD:Bronze_Platelegs_T_S", "Update" ]
	},
	"melvorAoD:Bronze_Platelegs_T_B": {
		"base": [ "melvorD:Bronze_Platelegs_T_G", "AoD1", "Update" ]
	},
	"melvorD:Iron_Platelegs": {
		"base": [ "tier2", "2legs" ],
		"3slayer": [ 10 ],
		"10summon2": [ 0, 100 ]
	},
	"melvorD:Iron_Platelegs_T_S": {
		"base": [ "melvorD:Iron_Platelegs", "Update" ]
	},
	"melvorD:Iron_Platelegs_T_G": {
		"base": [ "melvorD:Iron_Platelegs_T_S", "Update" ]
	},
	"melvorAoD:Iron_Platelegs_T_B": {
		"base": [ "melvorD:Iron_Platelegs_T_G", "AoD2", "Update" ]
	},
	"melvorD:Steel_Platelegs": {
		"base": [ "tier3", "3legs" ],
		"3slayer": [ 15 ]
	},
	"melvorD:Steel_Platelegs_T_S": {
		"base": [ "melvorD:Steel_Platelegs", "Update" ]
	},
	"melvorD:Steel_Platelegs_T_G": {
		"base": [ "melvorD:Steel_Platelegs_T_S", "Update" ]
	},
	"melvorAoD:Steel_Platelegs_T_B": {
		"base": [ "melvorD:Steel_Platelegs_T_G", "AoD3", "Update" ]
	},
	"melvorD:Mithril_Platelegs": {
		"base": [ "Unholy1", "4legs" ],
		"5slayer": [ 10 ]
	},
	"melvorD:Mithril_Platelegs_T_S": {
		"base": [ "melvorD:Mithril_Platelegs", "Update" ]
	},
	"melvorD:Mithril_Platelegs_T_G": {
		"base": [ "melvorD:Mithril_Platelegs_T_S", "Update" ]
	},
	"melvorAoD:Mithril_Platelegs_T_B": {
		"base": [ "melvorD:Mithril_Platelegs_T_G", "AoD4", "Update" ]
	},
	"melvorAoD:Mithril_Platelegs_T_C": {
		"base": [ "melvorAoD:Mithril_Platelegs_T_B", "Update" ]
	},
	"melvorAoD:Crystal_Platelegs": {
		"base": [ "Unholy1", "4legs", "AoD4" ],
		"5slayer": [ 10 ],
		"5cbeasy": [ "melvorAoD:Martyr", 7, 100 ]
	},
	"melvorAoD:Crystal_Platelegs_T_S": {
		"base": [ "melvorAoD:Crystal_Platelegs", "Update" ]
	},
	"melvorAoD:Crystal_Platelegs_T_G": {
		"base": [ "melvorAoD:Crystal_Platelegs_T_S", "Update" ]
	},
	"melvorD:Adamant_Platelegs": {
		"base": [ "Unholy1", "5legs" ],
		"5slayer": [ 20 ]
	},
	"melvorD:Adamant_Platelegs_T_S": {
		"base": [ "melvorD:Adamant_Platelegs", "Update" ]
	},
	"melvorD:Adamant_Platelegs_T_G": {
		"base": [ "melvorD:Adamant_Platelegs_T_S", "Update" ]
	},
	"melvorAoD:Adamant_Platelegs_T_B": {
		"base": [ "melvorD:Adamant_Platelegs_T_G", "AoD5", "Update" ]
	},
	"melvorAoD:Adamant_Platelegs_T_C": {
		"base": [ "melvorAoD:Adamant_Platelegs_T_B", "Update" ]
	},
	"melvorD:Rune_Platelegs": {
		"base": [ "Unholy2", "6legs" ],
		"5slayer": [ 30 ]
	},
	"melvorD:Rune_Platelegs_T_S": {
		"base": [ "melvorD:Rune_Platelegs", "Update" ]
	},
	"melvorD:Rune_Platelegs_T_G": {
		"base": [ "melvorD:Rune_Platelegs_T_S", "Update" ]
	},
	"melvorAoD:Rune_Platelegs_T_B": {
		"base": [ "melvorD:Rune_Platelegs_T_G", "AoD6", "Update" ]
	},
	"melvorAoD:Rune_Platelegs_T_C": {
		"base": [ "melvorAoD:Rune_Platelegs_T_B", "Update" ]
	},
	"melvorD:Dragon_Platelegs": {
		"base": [ "Unholy2", "7legs" ],
		"5slayer": [ 40 ]
	},
	"melvorD:Dragon_Platelegs_T_S": {
		"base": [ "melvorD:Dragon_Platelegs", "Update" ]
	},
	"melvorD:Dragon_Platelegs_T_G": {
		"base": [ "melvorD:Dragon_Platelegs_T_S", "Update" ]
	},
	"melvorAoD:Dragon_Platelegs_T_B": {
		"base": [ "melvorD:Dragon_Platelegs_T_G", "AoD7", "Update" ]
	},
	"melvorAoD:Pure_Crystal_Platelegs": {
		"base": [ "Unholy2", "7legs", "AoD7" ],
		"Uress": [ 7 ],
		"5slayer": [ 40 ],
		"5cbeasys": [
			[ "melvorAoD:GrudgePlayer", 7, 100, { "sm": 10, "sa": 10 } ],
			[ "melvorAoD:GrudgeEnemy$", 7, 100, { "si": 10 } ]
		]
	},
	"melvorAoD:Pure_Crystal_Platelegs_T_S": {
		"base": [ "melvorAoD:Pure_Crystal_Platelegs", "Update" ]
	},
	"melvorAoD:Pure_Crystal_Platelegs_T_G": {
		"base": [ "melvorAoD:Pure_Crystal_Platelegs_T_S", "Update" ]
	},
	"melvorAoD:Dragon_Platelegs_T_C": {
		"base": [ "melvorAoD:Pure_Crystal_Platelegs_T_G", "melvorAoD:Dragon_Platelegs_T_B" ]
	},
	"melvorTotH:Corundum_Platelegs": {
		"base": [ "Unholy3", "8legs", "TotHD1" ]
	},
	"melvorTotH:Corundum_Platelegs_T_I": {
		"base": [ "melvorTotH:Corundum_Platelegs", "Update" ]
	},
	"melvorTotH:Corundum_Platelegs_T_P": {
		"base": [ "melvorTotH:Corundum_Platelegs_T_I", "Update" ]
	},
	"melvorTotH:Augite_Platelegs": {
		"base": [ "Unholy3", "9legs", "TotHD1" ]
	},
	"melvorTotH:Augite_Platelegs_T_I": {
		"base": [ "melvorTotH:Augite_Platelegs", "Update" ]
	},
	"melvorTotH:Augite_Platelegs_T_P": {
		"base": [ "melvorTotH:Augite_Platelegs_T_I", "Update" ]
	},
	"melvorTotH:Meteorite_Platelegs": {
		"base": [ "Unholy4", "10legs", "TotHD2" ]
	},
	"melvorTotH:Divine_Platelegs": {
		"base": [ "Unholy4", "10legs", "TotHD2" ]
	},
	"melvorTotH:Divine_Platelegs_T_I": {
		"base": [ "melvorTotH:Divine_Platelegs", "Update" ]
	},
	"melvorTotH:Divine_Platelegs_T_P": {
		"base": [ "melvorTotH:Divine_Platelegs_T_I", "Update" ]
	},
	"melvorTotH:Burning_Protection_Platelegs": {
		"base": [ "melvorTotH:Divine_Platelegs_T_P", "Update" ]
	},
	"melvorItA:Abyssium_Platelegs": {
		"base": [ "Unholy5", "legsA" ]
	},
	"melvorItA:Abyssium_Platelegs_U": {
		"base": [ "melvorItA:Abyssium_Platelegs", "Update" ]
	},
	"melvorItA:Brumite_Platelegs": {
		"base": [ "Unholy5", "2legsA" ]
	},
	"melvorItA:Brumite_Platelegs_U": {
		"base": [ "melvorItA:Brumite_Platelegs", "Update" ]
	},
	"melvorItA:Blighting_Platelegs": {
		"base": [ "melvorItA:Brumite_Platelegs_U", "Update" ]
	},
	"melvorItA:Gloomite_Platelegs": {
		"base": [ "Unholy5", "3legsA" ]
	},
	"melvorItA:Gloomite_Platelegs_U": {
		"base": [ "melvorItA:Gloomite_Platelegs", "Update" ]
	},
	"melvorItA:Witherite_Platelegs": {
		"base": [ "Unholy5", "4legsA" ]
	},
	"melvorItA:Witherite_Platelegs_U": {
		"base": [ "melvorItA:Witherite_Platelegs", "Update" ]
	},
	"melvorItA:Netherite_Platelegs": {
		"base": [ "Unholy5", "5legsA" ]
	},
	"melvorItA:Netherite_Platelegs_U": {
		"base": [ "melvorItA:Netherite_Platelegs", "Update" ]
	},
	"melvorD:Bronze_Boots": {
		"base": "tier1",
		"Uress": [ 1 ],
		"4eva": [ 5 ]
	},
	"melvorD:Bronze_Boots_T_S": {
		"base": [ "melvorD:Bronze_Boots", "Update" ]
	},
	"melvorD:Bronze_Boots_T_G": {
		"base": [ "melvorD:Bronze_Boots_T_S", "Update" ]
	},
	"melvorD:Iron_Boots": {
		"base": "tier2",
		"Uress": [ 2 ],
		"3slayer": [ 10 ],
		"10cart2": [-90,-90]
	},
	"melvorD:Iron_Boots_T_S": {
		"base": [ "melvorD:Iron_Boots", "Update" ]
	},
	"melvorD:Iron_Boots_T_G": {
		"base": [ "melvorD:Iron_Boots_T_S", "Update" ]
	},
	"melvorD:Steel_Boots": {
		"base": "tier3",
		"Uress": [ 3 ],
		"3slayer": [ 15 ],
		"6loot": [ 100, -2000 ]
	},
	"melvorD:Steel_Boots_T_S": {
		"base": [ "melvorD:Steel_Boots", "Update" ]
	},
	"melvorD:Steel_Boots_T_G": {
		"base": [ "melvorD:Steel_Boots_T_S", "Update" ]
	},
	"melvorD:Mithril_Boots": {
		"base": "Unholy1",
		"Uress": [ 4 ],
		"5slayer": [ 10 ]
	},
	"melvorD:Mithril_Boots_T_S": {
		"base": [ "melvorD:Mithril_Boots", "Update" ]
	},
	"melvorD:Mithril_Boots_T_G": {
		"base": [ "melvorD:Mithril_Boots_T_S", "Update" ]
	},
	"melvorAoD:Crystal_Boots": {
		"base": [ "Unholy1", "AoD4" ],
		"Uress": [ 4 ],
		"5slayer": [ 10 ],
		"5cbeasy": [ "Eradicate", 7, 100 ]
	},
	"melvorAoD:Crystal_Boots_T_S": {
		"base": [ "melvorAoD:Crystal_Boots", "Update" ]
	},
	"melvorAoD:Crystal_Boots_T_G": {
		"base": [ "melvorAoD:Crystal_Boots_T_S", "Update" ]
	},
	"melvorD:Adamant_Boots": {
		"base": "Unholy1",
		"Uress": [ 5 ],
		"5slayer": [ 20 ]
	},
	"melvorD:Adamant_Boots_T_S": {
		"base": [ "melvorD:Adamant_Boots", "Update" ]
	},
	"melvorD:Adamant_Boots_T_G": {
		"base": [ "melvorD:Adamant_Boots_T_S", "Update" ]
	},
	"melvorD:Rune_Boots": {
		"base": "Unholy2",
		"Uress": [ 6 ],
		"5slayer": [ 30 ]
	},
	"melvorD:Rune_Boots_T_S": {
		"base": [ "melvorD:Rune_Boots", "Update" ]
	},
	"melvorD:Rune_Boots_T_G": {
		"base": [ "melvorD:Rune_Boots_T_S", "Update" ]
	},
	"melvorD:Dragon_Boots": {
		"base": "Unholy2",
		"Uress": [ 7 ],
		"5slayer": [ 40 ]
	},
	"melvorD:Dragon_Boots_T_S": {
		"base": [ "melvorD:Dragon_Boots", "Update" ]
	},
	"melvorD:Dragon_Boots_T_G": {
		"base": [ "melvorD:Dragon_Boots_T_S", "Update" ]
	},
	"melvorAoD:Pure_Crystal_Boots": {
		"base": [ "Unholy2", "AoD7" ],
		"Uress": [ 7 ],
		"5slayer": [ 40 ],
		"5Ucbeasy": [ "10Eradicate", 7, 100 ]
	},
	"melvorAoD:Pure_Crystal_Boots_T_S": {
		"base": [ "melvorAoD:Pure_Crystal_Boots", "Update" ]
	},
	"melvorAoD:Pure_Crystal_Boots_T_G": {
		"base": [ "melvorAoD:Pure_Crystal_Boots_T_S", "Update" ]
	},
	"melvorTotH:Corundum_Boots": {
		"base": [ "Unholy3", "TotHD1" ],
		"Uress": [ 8 ]
	},
	"melvorTotH:Corundum_Boots_T_I": {
		"base": [ "melvorTotH:Corundum_Boots", "Update" ]
	},
	"melvorTotH:Corundum_Boots_T_P": {
		"base": [ "melvorTotH:Corundum_Boots_T_I", "Update" ]
	},
	"melvorTotH:Augite_Boots": {
		"base": [ "Unholy3", "TotHD1" ],
		"Uress": [ 9 ]
	},
	"melvorTotH:Augite_Boots_T_I": {
		"base": [ "melvorTotH:Augite_Boots", "Update" ]
	},
	"melvorTotH:Augite_Boots_T_P": {
		"base": [ "melvorTotH:Augite_Boots_T_I", "Update" ]
	},
	"melvorTotH:Divine_Boots": {
		"base": [ "Unholy4", "TotHD2" ],
		"Uress": [ 10 ]
	},
	"melvorTotH:Divine_Boots_T_I": {
		"base": [ "melvorTotH:Divine_Boots", "Update" ]
	},
	"melvorTotH:Divine_Boots_T_P": {
		"base": [ "melvorTotH:Divine_Boots_T_I", "Update" ]
	},
	"melvorItA:Abyssium_Boots": {
		"base": [ "Unholy5", "AbyD" ]
	},
	"melvorItA:Abyssium_Boots_U": {
		"base": [ "melvorItA:Abyssium_Boots", "Update" ]
	},
	"melvorItA:Brumite_Boots": {
		"base": [ "Unholy5", "2AbyD" ]
	},
	"melvorItA:Brumite_Boots_U": {
		"base": [ "melvorItA:Brumite_Boots", "Update" ]
	},
	"melvorItA:Gloomite_Boots": {
		"base": [ "Unholy5", "3AbyD" ]
	},
	"melvorItA:Gloomite_Boots_U": {
		"base": [ "melvorItA:Gloomite_Boots", "Update" ]
	},
	"melvorItA:Witherite_Boots": {
		"base": [ "Unholy5", "4AbyD" ]
	},
	"melvorItA:Witherite_Boots_U": {
		"base": [ "melvorItA:Witherite_Boots", "Update" ]
	},
	"melvorItA:Netherite_Boots": {
		"base": [ "Unholy5", "5AbyD" ]
	},
	"melvorItA:Netherite_Boots_U": {
		"base": [ "melvorItA:Netherite_Boots", "Update" ]
	},
	"melvorAoD:Crystal_Twin_Blades": {
		"base": "Unholy1",
		"Uress": [ 4 ],
		"5OuniqueAttack": { "id": "TwinCrystals" },
		"10Ucbeasy": [ [ "burn"], 3, 10 ]
	},
	"melvorAoD:Crystal_2H_Hammer": {
		"base": "Unholy1",
		"Uress": [ 4 ],
		"5OuniqueAttack": { "id": "CrystalCrash" },
		"10Ucbeasy": [ [ "3Stun"], 3, 20 ]
	},
	"melvorAoD:Crystal_Defender": {
		"base": "Unholy1",
		"Uress": [ 4 ],
		"5cbeasy": [ [ "melvorAoD:GrudgePlayer", "melvorAoD:GrudgeEnemy$" ], 7, 100 ],
		"10Ucbeasy": [ "2cs", 4, "50" ]
	},
	"melvorAoD:Pure_Crystal_2H_Spear": {
		"base": "Unholy2",
		"Uress": [ 7 ],
		"5OuniqueAttack": { "id": "CrystalFlurry" },
		"10Ucbeasy": [ [ "100Bleed400"], 3, 20 ]
	},
	"melvorAoD:Pure_Crystal_2H_Axe": {
		"base": "Unholy2",
		"Uress": [ 7 ],
		"5OuniqueAttack": { "id": "CrystalCleave" },
		"10Ucbeasy": [ [ "Petrified"], 3, 30 ]
	},
	"melvorAoD:Pure_Crystal_Defender": {
		"base": "Unholy2",
		"Uress": [ 7 ],
		"5Ucbeasy": [ [ "100bacc", "100beva$", "50bhit$", "50bhp$", "50bspd$" ], 3, 30 ],
		"10Ucbeasy": [ [ "100dacc", "100deva$", "50dhit$", "50dhp$", "50dspd$" ], 2, 30 ]
	}
}
