{
	"melvorD:Bronze_Dagger":["melvorD:Bronze_Dagger"],
	"melvorD:Bronze_Sword":["melvorD:Bronze_Sword"],
	"melvorD:Bronze_Battleaxe":["melvorD:Bronze_Battleaxe"],
	"melvorD:Bronze_Scimitar":["melvorD:Bronze_Scimitar"],
	"melvorD:Bronze_2H_Sword":["melvorD:Bronze_2H_Sword"],
	"melvorD:Bronze_Throwing_Knife":["melvorD:Bronze_Throwing_Knife"],
	"melvorD:Bronze_Shield":["melvorD:Bronze_Shield","melvorD:Bronze_Shield_T_S","melvorD:Bronze_Shield_T_G"],
	"melvorD:Bronze_Gloves":["melvorD:Bronze_Gloves"],
	"melvorD:Bronze_Helmet":["melvorD:Bronze_Helmet","melvorD:Bronze_Helmet_T_S","melvorD:Bronze_Helmet_T_G","melvorAoD:Bronze_Helmet_T_B"],
	"melvorD:Bronze_Platebody":["melvorD:Bronze_Platebody","melvorD:Bronze_Platebody_T_S","melvorD:Bronze_Platebody_T_G","melvorAoD:Bronze_Platebody_T_B"],
	"melvorD:Bronze_Platelegs":["melvorD:Bronze_Platelegs","melvorD:Bronze_Platelegs_T_S","melvorD:Bronze_Platelegs_T_G","melvorAoD:Bronze_Platelegs_T_B"],
	"melvorD:Bronze_Boots":["melvorD:Bronze_Boots","melvorD:Bronze_Boots_T_S","melvorD:Bronze_Boots_T_G"],
	"melvorD:Iron_Dagger":["melvorD:Iron_Dagger"],
	"melvorD:Iron_Sword":["melvorD:Iron_Sword"],
	"melvorD:Iron_Battleaxe":["melvorD:Iron_Battleaxe"],
	"melvorD:Iron_Scimitar":["melvorD:Iron_Scimitar"],
	"melvorD:Iron_2H_Sword":["melvorD:Iron_2H_Sword"],
	"melvorD:Iron_Throwing_Knife":["melvorD:Iron_Throwing_Knife"],
	"melvorD:Iron_Shield":["melvorD:Iron_Shield","melvorD:Iron_Shield_T_S","melvorD:Iron_Shield_T_G"],
	"melvorD:Iron_Gloves":["melvorD:Iron_Gloves"],
	"melvorD:Iron_Helmet":["melvorD:Iron_Helmet","melvorD:Iron_Helmet_T_S","melvorD:Iron_Helmet_T_G","melvorAoD:Iron_Helmet_T_B"],
	"melvorD:Iron_Platebody":["melvorD:Iron_Platebody","melvorD:Iron_Platebody_T_S","melvorD:Iron_Platebody_T_G","melvorAoD:Iron_Platebody_T_B"],
	"melvorD:Iron_Platelegs":["melvorD:Iron_Platelegs","melvorD:Iron_Platelegs_T_S","melvorD:Iron_Platelegs_T_G","melvorAoD:Iron_Platelegs_T_B"],
	"melvorD:Iron_Boots":["melvorD:Iron_Boots","melvorD:Iron_Boots_T_S","melvorD:Iron_Boots_T_G"],
	"melvorD:Steel_Dagger":["melvorD:Steel_Dagger"],
	"melvorD:Steel_Sword":["melvorD:Steel_Sword"],
	"melvorD:Steel_Battleaxe":["melvorD:Steel_Battleaxe"],
	"melvorD:Steel_Scimitar":["melvorD:Steel_Scimitar"],
	"melvorD:Steel_2H_Sword":["melvorD:Steel_2H_Sword"],
	"melvorD:Steel_Throwing_Knife":["melvorD:Steel_Throwing_Knife"],
	"melvorD:Steel_Shield":["melvorD:Steel_Shield","melvorD:Steel_Shield_T_S","melvorD:Steel_Shield_T_G"],
	"melvorD:Steel_Gloves":["melvorD:Steel_Gloves"],
	"melvorD:Steel_Helmet":["melvorD:Steel_Helmet","melvorD:Steel_Helmet_T_S","melvorD:Steel_Helmet_T_G","melvorAoD:Steel_Helmet_T_B"],
	"melvorD:Steel_Platebody":["melvorD:Steel_Platebody","melvorD:Steel_Platebody_T_S","melvorD:Steel_Platebody_T_G","melvorAoD:Steel_Platebody_T_B"],
	"melvorD:Steel_Platelegs":["melvorD:Steel_Platelegs","melvorD:Steel_Platelegs_T_S","melvorD:Steel_Platelegs_T_G","melvorAoD:Steel_Platelegs_T_B"],
	"melvorD:Steel_Boots":["melvorD:Steel_Boots","melvorD:Steel_Boots_T_S","melvorD:Steel_Boots_T_G"],
	"melvorD:Mithril_Dagger":["melvorD:Mithril_Dagger"],
	"melvorD:Mithril_Sword":["melvorD:Mithril_Sword"],
	"melvorD:Mithril_Battleaxe":["melvorD:Mithril_Battleaxe"],
	"melvorD:Mithril_Scimitar":["melvorD:Mithril_Scimitar"],
	"melvorD:Mithril_2H_Sword":["melvorD:Mithril_2H_Sword"],
	"melvorD:Mithril_Throwing_Knife":["melvorD:Mithril_Throwing_Knife"],
	"melvorD:Mithril_Shield":["melvorD:Mithril_Shield","melvorD:Mithril_Shield_T_S","melvorD:Mithril_Shield_T_G"],
	"melvorD:Mithril_Gloves":["melvorD:Mithril_Gloves"],
	"melvorD:Mithril_Helmet":["melvorD:Mithril_Helmet","melvorD:Mithril_Helmet_T_S","melvorD:Mithril_Helmet_T_G","melvorAoD:Mithril_Helmet_T_B","melvorAoD:Mithril_Helmet_T_C"],
	"melvorD:Mithril_Platebody":["melvorD:Mithril_Platebody","melvorD:Mithril_Platebody_T_S","melvorD:Mithril_Platebody_T_G","melvorAoD:Mithril_Platebody_T_B","melvorAoD:Mithril_Platebody_T_C"],
	"melvorD:Mithril_Platelegs":["melvorD:Mithril_Platelegs","melvorD:Mithril_Platelegs_T_S","melvorD:Mithril_Platelegs_T_G","melvorAoD:Mithril_Platelegs_T_B","melvorAoD:Mithril_Platelegs_T_C"],
	"melvorD:Mithril_Boots":["melvorD:Mithril_Boots","melvorD:Mithril_Boots_T_S","melvorD:Mithril_Boots_T_G"],
	"melvorD:Adamant_Dagger":["melvorD:Adamant_Dagger"],
	"melvorD:Adamant_Sword":["melvorD:Adamant_Sword"],
	"melvorD:Adamant_Battleaxe":["melvorD:Adamant_Battleaxe"],
	"melvorD:Adamant_Scimitar":["melvorD:Adamant_Scimitar"],
	"melvorD:Adamant_2H_Sword":["melvorD:Adamant_2H_Sword"],
	"melvorD:Adamant_Throwing_Knife":["melvorD:Adamant_Throwing_Knife"],
	"melvorD:Adamant_Shield":["melvorD:Adamant_Shield","melvorD:Adamant_Shield_T_S","melvorD:Adamant_Shield_T_G"],
	"melvorD:Adamant_Gloves":["melvorD:Adamant_Gloves"],
	"melvorD:Adamant_Helmet":["melvorD:Adamant_Helmet","melvorD:Adamant_Helmet_T_S","melvorD:Adamant_Helmet_T_G","melvorAoD:Adamant_Helmet_T_B","melvorAoD:Adamant_Helmet_T_C"],
	"melvorD:Adamant_Platebody":["melvorD:Adamant_Platebody","melvorD:Adamant_Platebody_T_S","melvorD:Adamant_Platebody_T_G","melvorAoD:Adamant_Platebody_T_B","melvorAoD:Adamant_Platebody_T_C"],
	"melvorD:Adamant_Platelegs":["melvorD:Adamant_Platelegs","melvorD:Adamant_Platelegs_T_S","melvorD:Adamant_Platelegs_T_G","melvorAoD:Adamant_Platelegs_T_B","melvorAoD:Adamant_Platelegs_T_C"],
	"melvorD:Adamant_Boots":["melvorD:Adamant_Boots","melvorD:Adamant_Boots_T_S","melvorD:Adamant_Boots_T_G"],
	"melvorAoD:Crystal_Twin_Blades":["melvorAoD:Crystal_Twin_Blades"],
	"melvorAoD:Crystal_2H_Hammer":["melvorAoD:Crystal_2H_Hammer"],
	"melvorAoD:Crystal_Throwing_Knife":["melvorAoD:Crystal_Throwing_Knife"],
	"melvorAoD:Crystal_Gloves":["melvorAoD:Crystal_Gloves"],
	"melvorAoD:Crystal_Shield":["melvorAoD:Crystal_Shield","melvorAoD:Crystal_Shield_T_S","melvorAoD:Crystal_Shield_T_G"],
	"melvorAoD:Crystal_Defender":["melvorAoD:Crystal_Defender"],
	"melvorAoD:Crystal_Helmet":["melvorAoD:Crystal_Helmet","melvorAoD:Crystal_Helmet_T_S","melvorAoD:Crystal_Helmet_T_G"],
	"melvorAoD:Crystal_Platebody":["melvorAoD:Crystal_Platebody","melvorAoD:Crystal_Platebody_T_S","melvorAoD:Crystal_Platebody_T_G"],
	"melvorAoD:Crystal_Platelegs":["melvorAoD:Crystal_Platelegs","melvorAoD:Crystal_Platelegs_T_S","melvorAoD:Crystal_Platelegs_T_G"],
	"melvorAoD:Crystal_Boots":["melvorAoD:Crystal_Boots","melvorAoD:Crystal_Boots_T_S","melvorAoD:Crystal_Boots_T_G"],
	"melvorD:Rune_Dagger":["melvorD:Rune_Dagger"],
	"melvorD:Rune_Sword":["melvorD:Rune_Sword"],
	"melvorD:Rune_Battleaxe":["melvorD:Rune_Battleaxe"],
	"melvorD:Rune_Scimitar":["melvorD:Rune_Scimitar"],
	"melvorD:Rune_2H_Sword":["melvorD:Rune_2H_Sword"],
	"melvorD:Rune_Throwing_Knife":["melvorD:Rune_Throwing_Knife"],
	"melvorD:Rune_Shield":["melvorD:Rune_Shield","melvorD:Rune_Shield_T_S","melvorD:Rune_Shield_T_G"],
	"melvorD:Rune_Gloves":["melvorD:Rune_Gloves"],
	"melvorD:Rune_Helmet":["melvorD:Rune_Helmet","melvorD:Rune_Helmet_T_S","melvorD:Rune_Helmet_T_G","melvorAoD:Rune_Helmet_T_B","melvorAoD:Rune_Helmet_T_C"],
	"melvorD:Rune_Platebody":["melvorD:Rune_Platebody","melvorD:Rune_Platebody_T_S","melvorD:Rune_Platebody_T_G","melvorAoD:Rune_Platebody_T_B","melvorAoD:Rune_Platebody_T_C"],
	"melvorD:Rune_Platelegs":["melvorD:Rune_Platelegs","melvorD:Rune_Platelegs_T_S","melvorD:Rune_Platelegs_T_G","melvorAoD:Rune_Platelegs_T_B","melvorAoD:Rune_Platelegs_T_C"],
	"melvorD:Rune_Boots":["melvorD:Rune_Boots","melvorD:Rune_Boots_T_S","melvorD:Rune_Boots_T_G"],
	"melvorAoD:Aranite_Shield":["melvorAoD:Aranite_Shield"],
	"melvorD:Dragon_Dagger":["melvorD:Dragon_Dagger"],
	"melvorD:Dragon_Sword":["melvorD:Dragon_Sword"],
	"melvorD:Dragon_Battleaxe":["melvorD:Dragon_Battleaxe"],
	"melvorD:Dragon_Scimitar":["melvorD:Dragon_Scimitar"],
	"melvorD:Dragon_2H_Sword":["melvorD:Dragon_2H_Sword"],
	"melvorD:Dragon_Throwing_Knife":["melvorD:Dragon_Throwing_Knife"],
	"melvorD:Dragon_Shield":["melvorD:Dragon_Shield","melvorD:Dragon_Shield_T_S","melvorD:Dragon_Shield_T_G"],
	"melvorD:Dragon_Gloves":["melvorD:Dragon_Gloves"],
	"melvorD:Dragon_Helmet":["melvorD:Dragon_Helmet","melvorD:Dragon_Helmet_T_S","melvorD:Dragon_Helmet_T_G","melvorAoD:Dragon_Helmet_T_B"],
	"melvorD:Dragon_Platebody":["melvorD:Dragon_Platebody","melvorD:Dragon_Platebody_T_S","melvorD:Dragon_Platebody_T_G","melvorAoD:Dragon_Platebody_T_B"],
	"melvorD:Dragon_Platelegs":["melvorD:Dragon_Platelegs","melvorD:Dragon_Platelegs_T_S","melvorD:Dragon_Platelegs_T_G","melvorAoD:Dragon_Platelegs_T_B"],
	"melvorD:Dragon_Boots":["melvorD:Dragon_Boots","melvorD:Dragon_Boots_T_S","melvorD:Dragon_Boots_T_G"],
	"melvorAoD:Unholy_2H_Sword": [ "melvorAoD:Unholy_2H_Sword", "melvorAoD:Cursed_2H_Sword" ],
	"melvorAoD:Pure_Crystal_2H_Spear":["melvorAoD:Pure_Crystal_2H_Spear"],
	"melvorAoD:Pure_Crystal_2H_Axe":["melvorAoD:Pure_Crystal_2H_Axe"],
	"melvorAoD:Pure_Crystal_Throwing_Knife":["melvorAoD:Pure_Crystal_Throwing_Knife"],
	"melvorAoD:Pure_Crystal_Shield":["melvorAoD:Pure_Crystal_Shield","melvorAoD:Pure_Crystal_Shield_T_S","melvorAoD:Pure_Crystal_Shield_T_G"],
	"melvorAoD:Pure_Crystal_Defender":["melvorAoD:Pure_Crystal_Defender"],
	"melvorAoD:Pure_Crystal_Gloves":["melvorAoD:Pure_Crystal_Gloves"],
	"melvorAoD:Pure_Crystal_Helmet":["melvorAoD:Pure_Crystal_Helmet","melvorAoD:Pure_Crystal_Helmet_T_S","melvorAoD:Pure_Crystal_Helmet_T_G","melvorAoD:Dragon_Helmet_T_C"],
	"melvorAoD:Pure_Crystal_Platebody":["melvorAoD:Pure_Crystal_Platebody","melvorAoD:Pure_Crystal_Platebody_T_S","melvorAoD:Pure_Crystal_Platebody_T_G","melvorAoD:Dragon_Platebody_T_C"],
	"melvorAoD:Pure_Crystal_Platelegs":["melvorAoD:Pure_Crystal_Platelegs","melvorAoD:Pure_Crystal_Platelegs_T_S","melvorAoD:Pure_Crystal_Platelegs_T_G","melvorAoD:Dragon_Platelegs_T_C"],
	"melvorAoD:Pure_Crystal_Boots":["melvorAoD:Pure_Crystal_Boots","melvorAoD:Pure_Crystal_Boots_T_S","melvorAoD:Pure_Crystal_Boots_T_G"],
	"melvorAoD:Unholy_Platebody":["melvorAoD:Unholy_Platebody","melvorAoD:Cursed_Platebody"],
	"melvorAoD:Darksteel_Shield":["melvorAoD:Darksteel_Shield"],
	"melvorAoD:Relic_Shield":["melvorAoD:Relic_Shield"],
	"melvorTotH:Corundum_Dagger":["melvorTotH:Corundum_Dagger"],
	"melvorTotH:Corundum_Sword":["melvorTotH:Corundum_Sword"],
	"melvorTotH:Corundum_Battleaxe":["melvorTotH:Corundum_Battleaxe"],
	"melvorTotH:Corundum_Scimitar":["melvorTotH:Corundum_Scimitar"],
	"melvorTotH:Corundum_2H_Sword":["melvorTotH:Corundum_2H_Sword"],
	"melvorTotH:Corundum_Throwing_Knife":["melvorTotH:Corundum_Throwing_Knife"],
	"melvorTotH:Corundum_Shield":["melvorTotH:Corundum_Shield","melvorTotH:Corundum_Shield_T_I","melvorTotH:Corundum_Shield_T_P"],
	"melvorTotH:Corundum_Gloves":["melvorTotH:Corundum_Gloves"],
	"melvorTotH:Corundum_Helmet":["melvorTotH:Corundum_Helmet","melvorTotH:Corundum_Helmet_T_I","melvorTotH:Corundum_Helmet_T_P"],
	"melvorTotH:Corundum_Platebody":["melvorTotH:Corundum_Platebody","melvorTotH:Corundum_Platebody_T_I","melvorTotH:Corundum_Platebody_T_P"],
	"melvorTotH:Corundum_Platelegs":["melvorTotH:Corundum_Platelegs","melvorTotH:Corundum_Platelegs_T_I","melvorTotH:Corundum_Platelegs_T_P"],
	"melvorTotH:Corundum_Boots":["melvorTotH:Corundum_Boots","melvorTotH:Corundum_Boots_T_I","melvorTotH:Corundum_Boots_T_P"],
	"melvorTotH:Augite_Dagger":["melvorTotH:Augite_Dagger"],
	"melvorTotH:Augite_Sword":["melvorTotH:Augite_Sword"],
	"melvorTotH:Augite_Battleaxe":["melvorTotH:Augite_Battleaxe"],
	"melvorTotH:Augite_Scimitar":["melvorTotH:Augite_Scimitar"],
	"melvorTotH:Augite_2H_Sword":["melvorTotH:Augite_2H_Sword"],
	"melvorTotH:Augite_Throwing_Knife":["melvorTotH:Augite_Throwing_Knife"],
	"melvorTotH:Augite_Shield":["melvorTotH:Augite_Shield","melvorTotH:Augite_Shield_T_I","melvorTotH:Augite_Shield_T_P"],
	"melvorTotH:Augite_Gloves":["melvorTotH:Augite_Gloves"],
	"melvorTotH:Augite_Helmet":["melvorTotH:Augite_Helmet","melvorTotH:Augite_Helmet_T_I","melvorTotH:Augite_Helmet_T_P"],
	"melvorTotH:Augite_Platebody":["melvorTotH:Augite_Platebody","melvorTotH:Augite_Platebody_T_I","melvorTotH:Augite_Platebody_T_P"],
	"melvorTotH:Augite_Platelegs":["melvorTotH:Augite_Platelegs","melvorTotH:Augite_Platelegs_T_I","melvorTotH:Augite_Platelegs_T_P"],
	"melvorTotH:Augite_Boots":["melvorTotH:Augite_Boots","melvorTotH:Augite_Boots_T_I","melvorTotH:Augite_Boots_T_P"],
	"melvorTotH:Meteorite_2H_Sword":["melvorTotH:Meteorite_2H_Sword"],
	"melvorTotH:Meteorite_Helmet":["melvorTotH:Meteorite_Helmet"],
	"melvorTotH:Meteorite_Platebody":["melvorTotH:Meteorite_Platebody"],
	"melvorTotH:Meteorite_Platelegs":["melvorTotH:Meteorite_Platelegs"],
	"melvorTotH:Divine_Dagger":["melvorTotH:Divine_Dagger"],
	"melvorTotH:Divine_Sword":["melvorTotH:Divine_Sword"],
	"melvorTotH:Divine_Battleaxe":["melvorTotH:Divine_Battleaxe"],
	"melvorTotH:Divine_Scimitar":["melvorTotH:Divine_Scimitar"],
	"melvorTotH:Divine_2H_Sword":["melvorTotH:Divine_2H_Sword"],
	"melvorTotH:Divine_Throwing_Knife":["melvorTotH:Divine_Throwing_Knife"],
	"melvorTotH:Divine_Shield":["melvorTotH:Divine_Shield","melvorTotH:Divine_Shield_T_I","melvorTotH:Divine_Shield_T_P"],
	"melvorTotH:Divine_Gloves":["melvorTotH:Divine_Gloves"],
	"melvorTotH:Divine_Helmet":["melvorTotH:Divine_Helmet","melvorTotH:Divine_Helmet_T_I","melvorTotH:Divine_Helmet_T_P"],
	"melvorTotH:Divine_Platebody":["melvorTotH:Divine_Platebody","melvorTotH:Divine_Platebody_T_I","melvorTotH:Divine_Platebody_T_P"],
	"melvorTotH:Divine_Platelegs": [ "melvorTotH:Divine_Platelegs", "melvorTotH:Divine_Platelegs_T_I", "melvorTotH:Divine_Platelegs_T_P", "melvorTotH:Burning_Protection_Platelegs" ],
	"melvorTotH:Divine_Boots":["melvorTotH:Divine_Boots","melvorTotH:Divine_Boots_T_I","melvorTotH:Divine_Boots_T_P"],
	"melvorItA:Abyssium_Dagger": [ "melvorItA:Abyssium_Dagger", "melvorItA:Lacerating_Dagger" ],
	"melvorItA:Abyssium_Sword":["melvorItA:Abyssium_Sword"],
	"melvorItA:Abyssium_2H_Sword":["melvorItA:Abyssium_2H_Sword"],
	"melvorItA:Abyssium_Throwing_Knife":["melvorItA:Abyssium_Throwing_Knife"],
	"melvorItA:Abyssium_Helmet": [ "melvorItA:Abyssium_Helmet","melvorItA:Abyssium_Helmet_U"],
	"melvorItA:Abyssium_Platebody": [ "melvorItA:Abyssium_Platebody", "melvorItA:Abyssium_Platebody_U", "melvorItA:Woeful_Platebody" ],
	"melvorItA:Abyssium_Platelegs": [ "melvorItA:Abyssium_Platelegs", "melvorItA:Abyssium_Platelegs_U" ],
	"melvorItA:Abyssium_Boots":["melvorItA:Abyssium_Boots","melvorItA:Abyssium_Boots_U"],
	"melvorItA:Brumite_Dagger":["melvorItA:Brumite_Dagger"],
	"melvorItA:Brumite_Sword":["melvorItA:Brumite_Sword"],
	"melvorItA:Brumite_2H_Sword":["melvorItA:Brumite_2H_Sword"],
	"melvorItA:Brumite_Throwing_Knife":["melvorItA:Brumite_Throwing_Knife"],
	"melvorItA:Brumite_Helmet":["melvorItA:Brumite_Helmet","melvorItA:Brumite_Helmet_U"],
	"melvorItA:Brumite_Platebody":["melvorItA:Brumite_Platebody","melvorItA:Brumite_Platebody_U"],
	"melvorItA:Brumite_Platelegs": [ "melvorItA:Brumite_Platelegs", "melvorItA:Brumite_Platelegs_U", "melvorItA:Blighting_Platelegs" ],
	"melvorItA:Brumite_Boots":["melvorItA:Brumite_Boots","melvorItA:Brumite_Boots_U"],
	"melvorItA:Gloomite_Dagger":["melvorItA:Gloomite_Dagger"],
	"melvorItA:Gloomite_Sword":["melvorItA:Gloomite_Sword"],
	"melvorItA:Gloomite_2H_Sword":["melvorItA:Gloomite_2H_Sword"],
	"melvorItA:Gloomite_Throwing_Knife":["melvorItA:Gloomite_Throwing_Knife"],
	"melvorItA:Gloomite_Helmet": [ "melvorItA:Gloomite_Helmet", "melvorItA:Gloomite_Helmet_U","melvorItA:Fear_Helmet" ],
	"melvorItA:Gloomite_Platebody":["melvorItA:Gloomite_Platebody","melvorItA:Gloomite_Platebody_U"],
	"melvorItA:Gloomite_Platelegs":["melvorItA:Gloomite_Platelegs","melvorItA:Gloomite_Platelegs_U"],
	"melvorItA:Gloomite_Boots":["melvorItA:Gloomite_Boots","melvorItA:Gloomite_Boots_U"],
	"melvorItA:Witherite_Dagger":["melvorItA:Witherite_Dagger"],
	"melvorItA:Witherite_Sword":["melvorItA:Witherite_Sword"],
	"melvorItA:Witherite_2H_Sword":["melvorItA:Witherite_2H_Sword"],
	"melvorItA:Witherite_Throwing_Knife":["melvorItA:Witherite_Throwing_Knife"],
	"melvorItA:Witherite_Helmet":["melvorItA:Witherite_Helmet","melvorItA:Witherite_Helmet_U"],
	"melvorItA:Witherite_Platebody":["melvorItA:Witherite_Platebody","melvorItA:Witherite_Platebody_U"],
	"melvorItA:Witherite_Platelegs":["melvorItA:Witherite_Platelegs","melvorItA:Witherite_Platelegs_U"],
	"melvorItA:Witherite_Boots":["melvorItA:Witherite_Boots","melvorItA:Witherite_Boots_U"],
	"melvorItA:Netherite_Dagger":["melvorItA:Netherite_Dagger"],
	"melvorItA:Netherite_Sword":["melvorItA:Netherite_Sword"],
	"melvorItA:Netherite_2H_Sword":["melvorItA:Netherite_2H_Sword"],
	"melvorItA:Netherite_Throwing_Knife":["melvorItA:Netherite_Throwing_Knife"],
	"melvorItA:Netherite_Helmet":["melvorItA:Netherite_Helmet","melvorItA:Netherite_Helmet_U"],
	"melvorItA:Netherite_Platebody":["melvorItA:Netherite_Platebody","melvorItA:Netherite_Platebody_U"],
	"melvorItA:Netherite_Platelegs":["melvorItA:Netherite_Platelegs","melvorItA:Netherite_Platelegs_U"],
	"melvorItA:Netherite_Boots":["melvorItA:Netherite_Boots","melvorItA:Netherite_Boots_U"]
}
