{
	"Base": {
		"Omatks": [ 1, 1, 1, 1, 1 ],
		"Omstrs": [ 1, 1, 1 ],
		"Omdefs": [ 1, 1, 1 ]
	},
	"Unholy1": {
		"base": "Base",
		"10allow": [ 0, 0, 1 ],
		"10atkeffect": [ 1 ],
		"10cbeasy": [ "melvorAoD:UnholyMark", 3 ]
	},
	"Unholy2": {
		"base": "Base",
		"5allow": [ 0, 0, 1 ],
		"5atkeffect": [ 1 ],
		"5cbeasy": [ "melvorAoD:UnholyMark", 3 ],
		"10cbeasy": [ "10unholy", 3 ]
	},
	"Unholy3": {
		"base": "Base",
		"5allow": [ 0, 0, 1 ],
		"5atkeffect": [ 1 ],
		"5cbeasy": [ "10unholy", 3 ],
		"10atkeffect": [ 2 ]
	},
	"Unholy4": {
		"base": "Base",
		"5allow": [ 0, 0, 1 ],
		"5atkeffect": [ 1 ],
		"5Ucbeasy": [ "20unholy", 3 ],
		"10Uatkeffect": [ 2 ]
	},
	"Unholy5": {
		"base": "Base",
		"5Ucorrupt": [ 10, 5 ],
		"10Ucorrupt": [ 5, 10 ]
	},
	"TotHD": {
		"5slayer": [ 60 ],
		"5summon": [ 0, -5, 80 ],
		"5barrier": [ 0, 30, 50 ]
	},
	"TotHD2": {
		"5Uslayer": [ 60 ],
		"5Usummon": [ 0, -5, 80 ],
		"5Ubarrier": [ 0, 30, 50 ]
	},
	"AbyD": {
		"Uress": [ 0, 3 ],
		"5Uslayer": [ 0, 10 ],
		"5Usummon": [ 0, -5, 100 ]
	},
	"body": {
		"Uhp": [ 0, 5 ]
	},
	"legs": {
		"Mhp": [ 5 ]
	},
	"shield": {
		"UdmgTaken": [ -5 ]
	},
	"tier1": {
		"base": "Base",
		"1Vmodifiers": {
			"add": {
				"bankSpace": 5
			}
		},
		"4Ucurrency2": [ 0, 0, 100, "gp" ],
		"6Ucurrency2": [ 0, 0, 100, "sc" ],
		"10Ucurrency": [ 0, 50, "gp", "sc" ]
	},
	"staff1": {
		"base": "tier1",
		"2barrier": [3],
		"Uress": [ 1 ],
		"Mmaghits": [1,2]
	},
	"melvorF:Staff_of_Air": {
		"base": "staff1",
		"2OuniqueAtks": [ { "id": "SlicingWinds" }, {"id": "Gust"} ]
	},
	"melvorF:Staff_of_Water": {
		"base": "staff1",
		"2OuniqueAtks": [ { "id": "IcicleVolley" }, {"id": "Frostbite"} ],
		"6OuniqueAtks": [ { "id": "IcicleVolley" }, {"id": "Frostbite"}, {"id": "OceanSong"} ]
	},
	"melvorF:Staff_of_Earth": {
		"base": "staff1",
		"2OuniqueAttack": { "id": "Quake" },
		"6Ucbeasy": ["Bleed400", 1, 25]
	},
	"melvorF:Staff_of_Fire": {
		"base": "staff1",
		"2OuniqueAtks": [ { "id": "Ignite" }, {"id": "Incinerate"} ]
	},
	"staff4": {
		"base": "Uhholy1",
		"Uress": [ 4 ],
		"Mmaghits": [4,8]
	},
	"melvorD:Air_Battlestaff": {
		"base": "staff4",
		"5OuniqueAttack": { "id": "NaturesCall" },
		"10Ucbeasy": ["20@dtaken", 2, 20]
	},
	"melvorD:Water_Battlestaff": {
		"base": "staff4",
		"5OuniqueAttack": { "id": "ElementalImpactFrostburn" },
		"10Ucbeasy": ["100dfspd", 2, 20]
	},
	"melvorD:Earth_Battlestaff": {
		"base": "staff4",
		"5OuniqueAttack": { "id": "ElementalImpactStun" },
		"10Ucbeasy": ["80bhp", 2, 20]
	},
	"melvorD:Fire_Battlestaff": {
		"base": "staff4",
		"5OuniqueAttack": { "id": "ElementalImpactBurn" },
		"10Ucbeasy": ["Weakening", 2, 20]
	},
	"melvorAoD:Crystal_Battlestaff": {
		"base": "staff4",
		"5OuniqueAtks": [ { "id": "CrystalBlast" }, {"id": "Whirlpool"}, {"id": "CrushingWaves"} ],
		"10cbeasys": [
			[ "melvorAoD:Malice", 7, 100, { "sm": 10, "sa": 10  } ],
			[ "melvorAoD:GrudgePlayer", 7, 100, { "sm": 10, "sa":10  } ],
			[ "melvorAoD:GrudgeEnemy", 7, 100, { "si": 10 } ],
			[ "melvorAoD:Consume", 7, 100, { "sm":  10,"sa": 10  } ],
			[ "melvorAoD:Eradicate", 7, 100, { "sm":  10,"sa": 10  } ]
		]
	},
	"staff7": {
		"base": "Uhholy2",
		"Uress": [ 7 ],
		"Mmaghits": [7,14]
	},
	"melvorD:Mystic_Air_Staff": {
		"base": "staff7",
		"5OuniqueAttack": { "id": "SpiritPower" },
		"10Ucbeasy": [["Burn"], 3, 30]
	},
	"melvorF:Mystic_Water_Staff": {
		"base": "staff7",
		"5OuniqueAttack": { "id": "FreezeRay" },
		"10Ucbeasy": [ [ "Frostburn" ], 3, 30, { "t": 5 } ]
	},
	"melvorF:Mystic_Earth_Staff": {
		"base": "staff7",
		"5OuniqueAttack": { "id": "NaturesWrath" },
		"10Ucbeasy": ["25$$4@bspd", 2, 30]
	},
	"melvorF:Mystic_Fire_Staff": {
		"base": "staff7",
		"5OuniqueAttack": { "id": "TripleDamage" },
		"10Ucbeasy": [["Anguish"], 2, 30]
	},
	"wand7": {
		"base": "Uhholy2",
		"Mmaghits": [7,14]
	},
	"melvorF:Air_Imbued_Wand": {
		"base": "wand7",
		"5OuniqueAttack": {
			"id": "UnknownThreat",
			"prehitEffects": [
				{
					"effectID": "BGSCheat:UnknownThreat0",
					"initialParams": [
						{
							"name": "stacksToAdd",
							"value": 1
						},
						{
							"name": "initialStacks",
							"value": 1
						},
						{
							"name": "turns",
							"value": 1
						}

					]
				}
			],
			"attackInterval": [ 50 ]
		},
		"10Ucbeasy": [ "100dtaken", 3, 30 ]
	},
	"melvorF:Water_Imbued_Wand": {
		"base": "wand7",
		"5OuniqueAttack": { "id": "UnlimitedSlappingPower", "attackInterval": [ 50 ] },
		"10Ucbeasy": [["1Fear"], 2, 30]
	},
	"melvorF:Earth_Imbued_Wand": {
		"base": "wand7",
		"5OuniqueAttack": { "id": "BruteForce" },
		"10Ucbeasy": [["100bfspd"], 2, 30]
	},
	"melvorF:Fire_Imbued_Wand": {
		"base": "wand7",
		"5OuniqueAttack": { "id": "UnlimitedSlappingPower", "attackInterval": [50] },
		"10Ucbeasy": [["Burn"], 2, 20]
	},
	"melvorAoD:Mystic_Pure_Crystal_Staff": {
		"base": "staff7",
		"5OuniqueAttack": { "id": "CrystalTomb" },
		"10Ucbeasy": [["Fatigue","Petrified"], 2, 15]
	},
	"melvorAoD:Unholy_Staff": {
		"base": "Base",
		"Uress": [ 7 ],
		"Mmaghits": [7,14],
		"5Uatkeffect": [3],
		"5Ucbeasy": [ "20unholy", 3 ],
		"5OuniqueAttack": { "id": "WaterPulsePlayer" }
	},
	"melvorAoD:Cursed_Staff": {
		"base": "melvorAoD:Unholy_Staff",
		"10Ucbeasy": [ [ "10Malice", "10Destruction", "10Spite", "10Consume", "10Eradicate"], 7, 100 ]
	},
	"melvorTotH:Poison_Staff": {
		"base": "Unholy4",
		"Uress": [ 8 ],
		"Mmaghits": [0, 0, 100, 100, "poison"],
		"5OuniqueAtks": [ { "id": "PoisonPods" }, {"id": "NaturesBloom"} ],
		"10Ucbeasy": [ [ "100Poison", "100Deadly" ], 2, 30 ]
	},
	"melvorTotH:Infernal_Staff": {
		"base": "Unholy4",
		"Uress": [ 9 ],
		"Mmaghits": [ 0, 0, 100, 100, "infernal"],
		"5OuniqueAtks": [ { "id": "GiantFireball" }, {"id": "InfernalPower"} ],
		"10Ucbeasy": [ [ "100Burn", "Freeze" ], 2, 30 ]
	},
	"melvorTotH:Lightning_Staff": {
		"base": "Unholy4",
		"Uress": [ 10 ],
		"Mmaghits": [ [ 0, 0, 100, 100 ], "s","lightning"],
		"5OuniqueAtks": [ { "id": "ThunderStrike" }, {"id": "DragonStormCall"} ],
		"10Ucbeasy": [ [ "BGSCheat:Shock","Stun" ], 2, 30 ]
	},
	"melvorTotH:Meteorite_Staff": {
		"base": "Unholy4",
		"Uress": [ 10 ],
		"Mmaghits": [ 0, 0, 100, 100, "infernal"],
		"5OuniqueAttack": { "id": "MeteorShowerArchaic","damage": [{"amplitude": 140}] },
		"10Ucbeasy": [ "Nulled", 2, 30 ]
	},
	"melvorTotH:Despair_Wand": {
		"base": "Unholy4",
		"Mmaghits": [ 50, 100, 50, 50 ],
		"5spellcost": [0,0,-10,"melvorTotH:Despair_Rune"],
		"5OuniqueAttack": { "id": "TsunamiArchaic" },
		"10spellcost": [0,0,-20,"melvorTotH:Despair_Rune"],
		"10Ucbeasy": [ "1Despair", 2, 30, { "t": 3 } ]
	},
	"melvorTotH:Archaic_Wand": {
		"base": "Unholy4",
		"Mmaghits": [ 50, 100, 50, 50 ],
		"5spellcost": [0,0,-10,"melvorTotH:Archaic_Rune"],
		"5OuniqueAttack": { "id": "Soulash" },
		"10spellcost": [0,0,-20,"melvorTotH:Archaic_Rune"],
		"10Ucbeasy": [ "1Madness", 2, 30, { "t": 3 } ]
	},
	"melvorTotH:Calamity_Wand": {
		"base": "Unholy4",
		"Mmaghits": [ 50, 100, 50, 50 ],
		"5spellcost": [0,0,-10,"melvorTotH:Calamity_Rune"],
		"5OuniqueAttack": { "id": "SlicingMaelstromArchaic" },
		"10spellcost": [0,0,-20,"melvorTotH:Calamity_Rune"],
		"10Ucbeasy": [ "1Torment", 2, 30, { "t": 3 } ]
	},
	"melvorItA:Abyssal_Staff": {
		"base": "Unholy5",
		"Uress": [ 0, 3 ],
		"Mmaghits": [ 0, 0, 200, 100 ,"abyssal"],
		"5OuniqueAttack": {
			"id": "ConsumingGrasp",
			"attackInterval": [50],
			"onhitEffects": [
				{
					"effectID": "BGSCheat:ConsumingGrasp",
					"initialParams": [
						{
							"name": "maxStacks",
							"value": 1
						},
						{
							"name": "stacksToAdd",
							"value": 1
						},
						{
							"name": "initialStacks",
							"value": 1
						},
						{
							"name": "turns",
							"value": 2
						}
					]
				}
			]
		},
		"10Ucbeasy": [ "100bhp", 2, 50 ]
	},
	"melvorItA:Lacerating_Staff": {
		"base": "melvorItA:Abyssal_Staff",
		"10Ucbeasy": [ "30Lace", 3, 50 ]
	},
	"melvorItA:Abyssal_Wand": {
		"base": "Unholy5",
		"Mmaghits": [ 0, 0, 100, 50, "abyssal"],
		"5OuniqueAttack": {
			"id": "VoidVortexPlayer",
			"attackInterval": [50],
			"onhitEffects": [
				{
					"effectID": "BGSCheat:Slow",
					"initialParams": [
						{
							"name": "magnitude",
							"value": 50
						}
					]
				}
			]
		},
		"10Ucbeasy": [ "EldritchCurse", 3, 30 ]
	},
	"melvorItA:Brume_Staff": {
		"base": "Unholy5",
		"Uress": [ 0, 6 ],
		"Mmaghits": [ 0, 0, 200, 100 ,"brume"],
		"5OuniqueAttack": {
			"id": "VoidfireVolley",
			"onhitEffects": [
				{
					"effectID": "BGSCheat:VoidfireVolley",
					"initialParams": [
						{
							"name": "maxStacks",
							"value": 1
						},
						{
							"name": "stacksToAdd",
							"value": 1
						},
						{
							"name": "initialStacks",
							"value": 1
						}
					]
				}
			],
	    "attackInterval": [50]
		},
		"10Ucbeasy": ["10Blight", 2, 20]
	},
	"melvorItA:Brume_Wand": {
		"base": "Unholy5",
		"Mmaghits": [ 0, 0, 100, 50, "brume"],
		"5OuniqueAttack": {
			"id": "ToxicBlastPlayer",
			"onhitEffects": [
				{
					"effectID": "BGSCheat:Toxin",
					"initialParams": [
						{
							"name": "interval",
							"value": { "c": 250, "u": -50 }
						}
					]
				}
			]
		},
		"10Ucbeasy": [ "3Silence", 3, 100 ]
	},
	"melvorItA:Toxic_Fumes_Wand": {
		"base": "melvorItA:Brume_Wand",
		"10Ucbeasy": [ "2Crystallize", 3, 100 ]
	},
	"melvorItA:Gloom_Staff": {
		"base": "Unholy5",
		"Uress": [ 0, 9 ],
		"Mmaghits": [ 0, 0, 200, 100, "gloom"],
		"5OuniqueAttack": {
			"id": "BlackHole",
			"damage": [
				{
					"maxPercent": 110
				}
			],
			"onhitEffects": [
				{
					"effectID": "BGSCheat:BlackHole",
					"initialParams": [
						{
							"name": "maxStacks",
							"value": 1
						},
						{
							"name": "stacksToAdd",
							"value": 1
						},
						{
							"name": "initialStacks",
							"value": 1
						}
					]
				}
			]
		},
		"10Ucbeasy": [ "100Toxin", 3, 40 ]
	},
	"melvorItA:Gloom_Wand": {
		"base": "Unholy5",
		"Mmaghits": [ 0, 0, 100, 50,"gloom"],
		"5OuniqueAttack": { "id": "WitherSporesPlayer" },
		"10Ucbeasy": [ [ "100Ablaze" ], 3, 40 ]
	},
	"melvorItA:Wither_Staff": {
		"base": "Unholy5",
		"Uress": [ 0, 12 ],
		"Mmaghits": [ 0, 0, 200, 100,"wither"],
		"5OuniqueAttack": {
			"id": "NullSphere",
			"damage": [
				{
					"maxPercent": 110
				}
			],
			"onhitEffects": [
				{
					"effectID": "BGSCheat:NullSphere",
					"initialParams": [
						{
							"name": "maxStacks",
							"value": 1
						},
						{
							"name": "stacksToAdd",
							"value": 1
						},
						{
							"name": "initialStacks",
							"value": 1
						}
					]
				}
			]
		},
		"10Ucbeasy": [ [ "100$5bspd" ], 3, 100 ]
	},
	"melvorItA:Wither_Wand": {
		"base": "Unholy5",
		"Mmaghits": [0, 0, 100, 50, "wither"],
		"5OuniqueAttack": { "id": "TendrilSlam" },
		"10Ucbeasy": [ [ "10Wither" ], 3, 60 ]
	},
	"melvorItA:Nether_Staff": {
		"base": "Unholy5",
		"Uress": [ 0, 15 ],
		"Mmaghits": [ 0, 0, 200, 100,"nether"],
		"5OuniqueAttack": {
			"id": "TerrorBeam", "attackCount": [ 40 ], "attackInterval": [ 50 ]
		},
		"10Ucbeasy": [ [ "100$5bdmg" ], 3, 40 ]
	},
	"melvorItA:Nether_Wand": {
		"base": "Unholy5",
		"Mmaghits": [ 0, 0, 100, 50, "nether"],
		"5OuniqueAttack": { "id": "Madness" },
		"10Ucbeasy": [ [ "3EldritchCurse" ], 3, 100 ]
	},
	"melvorItA:Desolation_Wand": {
		"base": "Unholy5",
		"Mmaghits": [1000, 2000, 0, 50 ],
		"5OuniqueAttack": {
			"id": "Pandemonium",
			"attackIntefval": [ 50 ],
			"onhitEffects": [
				{
					"effectID": "BGSCheat:Fear",
					"initialParams": [
						{
							"name": "initialStacks",
							"value": 1
						}
					]
				}
			]
		},
		"10Ucbeasy": [ [ "100dhp" ], 6, 50 ]
	},
	"melvorItA:Cataclysm_Wand": {
		"base": "Unholy5",
		"Mmaghits": [0, 0, 100, 50 ],
		"5OuniqueAttack": {
			"id": "InfiniteVoid",
			"attackIntefval": [ 50 ],
			"onhitEffects": [
				{
					"effectID": "BGSCheat:InfiniteVoid",
					"initialParams": [
						{
							"name": "maxStacks",
							"value": 1
						},
						{
							"name": "stacksToAdd",
							"value": 1
						},
						{
							"name": "initialStacks",
							"value": 1
						}
					]
				},
				{
					"effectID": "BGSCheat:Voidburst",
					"chance": 25,
					"initialParams": [
						{
							"name": "stacksToAdd",
							"value": [ 5 ]
						},
						{
							"name": "stacks",
							"value": [ 5 ]
						}
					]
				}
			]
		},
		"10Ucbeasy": [ [ "100$5bhit" ], 3, 50 ]
	},
	"Air": {
		"Mmaghits": [ 0, 0, 10, 10, "air" ],
		"spellcost": [ 0, 0, -1, "melvorD:Air_Rune"]
	},
	"Water": {
		"Mmaghits": [ 0, 0, 10, 10, "water" ],
		"spellcost": [ 0, 0, -1, "melvorD:Water_Rune"]
	},
	"Earth": {
		"Mmaghits": [ 0, 0, 10, 10, "earth" ],
		"spellcost": [ 0, 0, -1, "melvorD:Earth_Rune"]
	},
	"Fire": {
		"Mmaghits": [ 0, 0, 10, 10, "fire" ],
		"spellcost": [ 0, 0, -1, "melvorD:Fire_Rune"]
	},
	"AoD1": {
		"3barrier": [ 6, 10 ],
		"6summon": [0,0,10]
	},
	"Acolyte": {
		"base": "tier1",
		"Uress": [1],
		"Mmaghits": [ 5, 10, "strike" ],
		"5Uslayer": [2]
	},
	"Acolyte_Hat": {
		"base": "Acolyte",
		"3spellcost": [ 0, 0, 0, -1, [ "", "melvorD:Standard" ] ]
	},
	"Acolyte_Body": {
		"base": [ "Acolyte", "body" ]
	},
	"Acolyte_Legs": {
		"base": [ "Acolyte", "legs" ]
	},
	"Acolyte_Boots": {
		"base": [ "Acolyte" ]
	},
	"melvorF:Air_Acolyte_Wizard_Hat": {
		"base": [ "Acolyte_Hat", "Air" ]
	},
	"melvorAoD:Air_Acolyte_Wizard_Hat_B": {
		"base": [ "melvorF:Air_Acolyte_Wizard_Hat", "AoD1" ]
	},
	"melvorF:Air_Acolyte_Wizard_Robes": {
		"base": [ "Acolyte_Body", "Air" ]
	},
	"melvorAoD:Air_Acolyte_Wizard_Robes_B": {
		"base": [ "melvorF:Air_Acolyte_Wizard_Robes", "AoD1" ]
	},
	"melvorF:Air_Acolyte_Wizard_Bottoms": {
		"base": [ "Acolyte_Legs", "Air" ]
	},
	"melvorAoD:Air_Acolyte_Wizard_Bottoms_B": {
		"base": [ "melvorF:Air_Acolyte_Wizard_Bottoms", "AoD1" ]
	},
	"melvorF:Air_Acolyte_Wizard_Boots": {
		"base": [ "Acolyte_Boots", "Air" ]
	},
	"melvorF:Water_Acolyte_Wizard_Hat": {
		"base": [ "Acolyte_Hat", "Water" ]
	},
	"melvorAoD:Water_Acolyte_Wizard_Hat_B": {
		"base": [ "melvorF:Water_Acolyte_Wizard_Hat", "AoD1" ]
	},
	"melvorF:Water_Acolyte_Wizard_Robes": {
		"base": [ "Acolyte_Body", "Water" ]
	},
	"melvorAoD:Water_Acolyte_Wizard_Robes_B": {
		"base": [ "melvorF:Water_Acolyte_Wizard_Robes", "AoD1" ]
	},
	"melvorF:Water_Acolyte_Wizard_Bottoms": {
		"base": [ "Acolyte_Legs", "Water" ]
	},
	"melvorAoD:Water_Acolyte_Wizard_Bottoms_B": {
		"base": [ "melvorF:Water_Acolyte_Wizard_Bottoms", "AoD1" ]
	},
	"melvorF:Water_Acolyte_Wizard_Boots": {
		"base": [ "Acolyte_Boots", "Water" ]
	},
	"melvorF:Earth_Acolyte_Wizard_Hat": {
		"base": [ "Acolyte_Hat", "Earth" ]
	},
	"melvorAoD:Earth_Acolyte_Wizard_Hat_B": {
		"base": [ "melvorF:Earth_Acolyte_Wizard_Hat", "AoD1" ]
	},
	"melvorF:Earth_Acolyte_Wizard_Robes": {
		"base": [ "Acolyte_Body", "Earth" ]
	},
	"melvorAoD:Earth_Acolyte_Wizard_Robes_B": {
		"base": [ "melvorF:Earth_Acolyte_Wizard_Robes", "AoD1" ]
	},
	"melvorF:Earth_Acolyte_Wizard_Bottoms": {
		"base": [ "Acolyte_Legs", "Earth" ]
	},
	"melvorAoD:Earth_Acolyte_Wizard_Bottoms_B": {
		"base": [ "melvorF:Earth_Acolyte_Wizard_Bottoms", "AoD1" ]
	},
	"melvorF:Earth_Acolyte_Wizard_Boots": {
		"base": [ "Acolyte_Boots", "Earth" ]
	},
	"melvorF:Fire_Acolyte_Wizard_Hat": {
		"base": [ "Acolyte_Hat", "Fire" ]
	},
	"melvorAoD:Fire_Acolyte_Wizard_Hat_B": {
		"base": [ "melvorF:Fire_Acolyte_Wizard_Hat", "AoD1" ]
	},
	"melvorF:Fire_Acolyte_Wizard_Robes": {
		"base": [ "Acolyte_Body", "Fire" ]
	},
	"melvorAoD:Fire_Acolyte_Wizard_Robes_B": {
		"base": [ "melvorF:Fire_Acolyte_Wizard_Robes", "AoD1" ]
	},
	"melvorF:Fire_Acolyte_Wizard_Bottoms": {
		"base": [ "Acolyte_Legs", "Fire" ]
	},
	"melvorAoD:Fire_Acolyte_Wizard_Bottoms_B": {
		"base": [ "melvorF:Fire_Acolyte_Wizard_Bottoms", "AoD1" ]
	},
	"melvorF:Fire_Acolyte_Wizard_Boots": {
		"base": [ "Acolyte_Boots", "Fire" ]
	},
	"AoD4": {
		"5barrier": [0, 8, 15],
		"5summon": [ 0, 0, 15 ]
	},
	"Adept": {
		"base": "Unholy1",
		"Uress": [4],
		"Mmaghits": [
			[ 10 , 20, "bolt" ],
			[ 15 , 30, "blast" ]
		]
	},
	"Adept_Hat": {
		"base": "Adept",
		"5spellcost": [ 0, 0, 0, -2, [ "", "melvorD:Standard" ] ],
		"5slayer": [10]
	},
	"Adept_Body": {
		"base": [ "Adept", "4body" ],
		"5slayer": [10]
	},
	"Adept_Legs": {
		"base": [ "Adept", "4legs" ],
		"5slayer": [10]
	},
	"Adept_Boots": {
		"base": "Adept"
	},
	"melvorF:Air_Adept_Wizard_Hat": {
		"base": [ "Adept_Hat", "2Air" ]
	},
	"melvorAoD:Air_Adept_Wizard_Hat_B": {
		"base": [ "melvorF:Air_Adept_Wizard_Hat", "AoD4" ]
	},
	"melvorF:Air_Adept_Wizard_Robes": {
		"base": [ "Adept_Body", "2Air" ]
	},
	"melvorAoD:Air_Adept_Wizard_Robes_B": {
		"base": [ "melvorF:Air_Adept_Wizard_Robes", "AoD4" ]
	},
	"melvorF:Air_Adept_Wizard_Bottoms": {
		"base": [ "Adept_Legs", "2Air" ]
	},
	"melvorAoD:Air_Adept_Wizard_Bottoms_B": {
		"base": [ "melvorF:Air_Adept_Wizard_Bottoms", "AoD4" ]
	},
	"melvorF:Air_Adept_Wizard_Boots": {
		"base": [ "Adept_Boots", "2Air" ]
	},
	"melvorF:Water_Adept_Wizard_Hat": {
		"base": [ "Adept_Hat", "2Water" ]
	},
	"melvorAoD:Water_Adept_Wizard_Hat_B": {
		"base": [ "melvorF:Water_Adept_Wizard_Hat", "AoD4" ]
	},
	"melvorF:Water_Adept_Wizard_Robes": {
		"base": [ "Adept_Body", "2Water" ]
	},
	"melvorAoD:Water_Adept_Wizard_Robes_B": {
		"base": [ "melvorF:Water_Adept_Wizard_Robes", "AoD4" ]
	},
	"melvorF:Water_Adept_Wizard_Bottoms": {
		"base": [ "Adept_Legs", "2Water" ]
	},
	"melvorAoD:Water_Adept_Wizard_Bottoms_B": {
		"base": [ "melvorF:Water_Adept_Wizard_Bottoms", "AoD4" ]
	},
	"melvorF:Water_Adept_Wizard_Boots": {
		"base": [ "Adept_Boots", "2Water" ]
	},
	"melvorF:Earth_Adept_Wizard_Hat": {
		"base": [ "Adept_Hat", "2Earth" ]
	},
	"melvorAoD:Earth_Adept_Wizard_Hat_B": {
		"base": [ "melvorF:Earth_Adept_Wizard_Hat", "AoD4" ]
	},
	"melvorF:Earth_Adept_Wizard_Robes": {
		"base": [ "Adept_Body", "2Earth" ]
	},
	"melvorAoD:Earth_Adept_Wizard_Robes_B": {
		"base": [ "melvorF:Earth_Adept_Wizard_Robes", "AoD4" ]
	},
	"melvorF:Earth_Adept_Wizard_Bottoms": {
		"base": [ "Adept_Legs", "2Earth" ]
	},
	"melvorAoD:Earth_Adept_Wizard_Bottoms_B": {
		"base": [ "melvorF:Earth_Adept_Wizard_Bottoms", "AoD4" ]
	},
	"melvorF:Earth_Adept_Wizard_Boots": {
		"base": [ "Adept_Boots", "2Earth" ]
	},
	"melvorF:Fire_Adept_Wizard_Hat": {
		"base": [ "Adept_Hat", "2Fire" ]
	},
	"melvorAoD:Fire_Adept_Wizard_Hat_B": {
		"base": [ "melvorF:Fire_Adept_Wizard_Hat", "AoD4" ]
	},
	"melvorF:Fire_Adept_Wizard_Robes": {
		"base": [ "Adept_Body", "2Fire" ]
	},
	"melvorAoD:Fire_Adept_Wizard_Robes_B": {
		"base": [ "melvorF:Fire_Adept_Wizard_Robes", "AoD4" ]
	},
	"melvorF:Fire_Adept_Wizard_Bottoms": {
		"base": [ "Adept_Legs", "2Fire" ]
	},
	"melvorAoD:Fire_Adept_Wizard_Bottoms_B": {
		"base": [ "melvorF:Fire_Adept_Wizard_Bottoms", "AoD4" ]
	},
	"melvorF:Fire_Adept_Wizard_Boots": {
		"base": [ "Adept_Boots", "2Fire" ]
	},
	"AoD7": {
		"5barrier": [0, 15, 30],
		"5summon": [ 0, 0, 30 ],
		"10summon": [0,-10]
	},
	"Expert": {
		"base": "Unholy2",
		"Uress": [7],
		"Mmaghits": [
			[ 20, 40, "wave" ],
			[ 30, 50, "surge" ]
		]
	},
	"Expert_Hat": {
		"base": "Expert",
		"5spellcost": [ 0, 0, 0, -3, [ "", "melvorD:Standard" ] ],
		"5slayer": [40]
	},
	"Expert_Body": {
		"base": [ "Expert", "7body" ],
		"5slayer": [40]
	},
	"Expert_Legs": {
		"base": [ "Expert", "7legs" ],
		"5slayer": [40]
	},
	"Expert_Boots": {
		"base": "Expert"
	},

	"melvorF:Air_Expert_Wizard_Hat": {
		"base": [ "Expert_Hat", "3Air" ]
	},
	"melvorAoD:Air_Expert_Wizard_Hat_B": {
		"base": [ "melvorF:Air_Expert_Wizard_Hat", "AoD7" ]
	},
	"melvorF:Air_Expert_Wizard_Robes": {
		"base": [ "Expert_Body", "3Air" ]
	},
	"melvorAoD:Air_Expert_Wizard_Robes_B": {
		"base": [ "melvorF:Air_Expert_Wizard_Robes", "AoD7" ]
	},
	"melvorF:Air_Expert_Wizard_Bottoms": {
		"base": [ "Expert_Legs", "3Air" ]
	},
	"melvorAoD:Air_Expert_Wizard_Bottoms_B": {
		"base": [ "melvorF:Air_Expert_Wizard_Bottoms", "AoD7" ]
	},
	"melvorF:Air_Expert_Wizard_Boots": {
		"base": [ "Expert_Boots", "3Air" ]
	},
	"melvorF:Water_Expert_Wizard_Hat": {
		"base": [ "Expert_Hat", "3Water" ]
	},
	"melvorAoD:Water_Expert_Wizard_Hat_B": {
		"base": [ "melvorF:Water_Expert_Wizard_Hat", "AoD7" ]
	},
	"melvorF:Water_Expert_Wizard_Robes": {
		"base": [ "Expert_Body", "3Water" ]
	},
	"melvorAoD:Water_Expert_Wizard_Robes_B": {
		"base": [ "melvorF:Water_Expert_Wizard_Robes", "AoD7" ]
	},
	"melvorF:Water_Expert_Wizard_Bottoms": {
		"base": [ "Expert_Legs", "3Water" ]
	},
	"melvorAoD:Water_Expert_Wizard_Bottoms_B": {
		"base": [ "melvorF:Water_Expert_Wizard_Bottoms", "AoD7" ]
	},
	"melvorF:Water_Expert_Wizard_Boots": {
		"base": [ "Expert_Boots", "3Water" ]
	},
	"melvorF:Earth_Expert_Wizard_Hat": {
		"base": [ "Expert_Hat", "3Earth" ]
	},
	"melvorAoD:Earth_Expert_Wizard_Hat_B": {
		"base": [ "melvorF:Earth_Expert_Wizard_Hat", "AoD7" ]
	},
	"melvorF:Earth_Expert_Wizard_Robes": {
		"base": [ "Expert_Body", "3Earth" ]
	},
	"melvorAoD:Earth_Expert_Wizard_Robes_B": {
		"base": [ "melvorF:Earth_Expert_Wizard_Robes", "AoD7" ]
	},
	"melvorF:Earth_Expert_Wizard_Bottoms": {
		"base": [ "Expert_Legs", "3Earth" ]
	},
	"melvorAoD:Earth_Expert_Wizard_Bottoms_B": {
		"base": [ "melvorF:Earth_Expert_Wizard_Bottoms", "AoD7" ]
	},
	"melvorF:Earth_Expert_Wizard_Boots": {
		"base": [ "Expert_Boots", "3Earth" ]
	},
	"melvorF:Fire_Expert_Wizard_Hat": {
		"base": [ "Expert_Hat", "3Fire" ]
	},
	"melvorAoD:Fire_Expert_Wizard_Hat_B": {
		"base": [ "melvorF:Fire_Expert_Wizard_Hat", "AoD7" ]
	},
	"melvorF:Fire_Expert_Wizard_Robes": {
		"base": [ "Expert_Body", "3Fire" ]
	},
	"melvorAoD:Fire_Expert_Wizard_Robes_B": {
		"base": [ "melvorF:Fire_Expert_Wizard_Robes", "AoD7" ]
	},
	"melvorF:Fire_Expert_Wizard_Bottoms": {
		"base": [ "Expert_Legs", "3Fire" ]
	},
	"melvorAoD:Fire_Expert_Wizard_Bottoms_B": {
		"base": [ "melvorF:Fire_Expert_Wizard_Bottoms", "AoD7" ]
	},
	"melvorF:Fire_Expert_Wizard_Boots": {
		"base": [ "Expert_Boots", "3Fire" ]
	},
	"melvorAoD:Unholy_Wizard_Robes": {
		"base": [ "Base", "7body" ],
		"Uress": [7],
		"Mmaghits": [
			[ 30, 60, "elemental" ],
			[ 40, 80, "nature" ]
		],
		"5Uatkeffect": [3],
		"5Ucbeasy": [ "20unholy", 3 ],
		"5slayer": [ 40 ]
	},
	"melvorAoD:Cursed_Wizard_Robes": {
		"base": "melvorAoD:Unholy_Wizard_Robes",
		"5Ubarrier": [ 0, 25, 35 ],
		"5Usummon": [ 0, -10, 35 ],
		"5atkeffect": [ 0, 0, 50 ],
		"10atkeffect": [ 0, 0, 100 ]
	},
	"Master": {
		"base": [ "Unholy3", "TotHD" ],
		"Uress": [8]
	},
	"Legendary": {
		"base": [ "Unholy3", "TotHD" ],
		"Uress": [9]
	},
	"Mythical": {
		"base": [ "Unholy4", "TotHD2" ],
		"Uress": [10]
	},
	"Master_Poison": {
		"base": [ "Master" ],
		"Mmaghits": [ 100, 200, "poison" ]
	},
	"Legendary_Poison": {
		"base": [ "Legendary" ],
		"Mmaghits": [ 200, 400, "poison" ]
	},
	"Mythical_Poison": {
		"base": [ "Mythical" ],
		"Mmaghits": [ 300, 600, "poison" ]
	},
	"melvorTotH:Poison_Master_Wizard_Hat": {
		"base": "Master_Poison",
		"5spellcost": [ 0, 0, 0, -2, [ "", "melvorTotH:Archaic" ] ]
	},
	"melvorTotH:Poison_Master_Wizard_Robes": {
		"base": [ "Master_Poison", "8body" ]
	},
	"melvorTotH:Poison_Master_Wizard_Bottoms": {
		"base": [ "Master_Poison", "8legs" ]
	},
	"melvorTotH:Poison_Master_Wizard_Boots": {
		"base": "Master_Poison"
	},
	"melvorTotH:Poison_Legendary_Wizard_Hat": {
		"base": "Legendary_Poison",
		"5spellcost": [ 0, 0, 0, -4, [ "", "melvorTotH:Archaic" ] ]
	},
	"melvorTotH:Poison_Legendary_Wizard_Robes": {
		"base": [ "Legendary_Poison", "9body" ]
	},
	"melvorTotH:Poison_Legendary_Wizard_Bottoms": {
		"base": [ "Legendary_Poison", "9legs" ]
	},
	"melvorTotH:Poison_Legendary_Wizard_Boots": {
		"base": "Master_Poison"
	},
	"melvorTotH:Poison_Mythical_Wizard_Hat": {
		"base": "Mythical_Poison",
		"5spellcost": [ 0, 0, 0, -6, [ "", "melvorTotH:Archaic" ] ]
	},
	"melvorTotH:Poison_Mythical_Wizard_Robes": {
		"base": [ "Mythical_Poison", "10body" ]
	},
	"melvorTotH:Poison_Mythical_Wizard_Bottoms": {
		"base": [ "Mythical_Poison", "10legs" ]
	},
	"melvorTotH:Poison_Mythical_Wizard_Boots": {
		"base": "Mythical_Poison"
	},
	"Master_Infernal": {
		"base": [ "Master" ],
		"Mmaghits": [ 100, 200, "infernal" ]
	},
	"Legendary_Infernal": {
		"base": [ "Legendary" ],
		"Mmaghits": [ 200, 400, "infernal" ]
	},
	"Mythical_Infernal": {
		"base": [ "Mythical" ],
		"Mmaghits": [ 300, 600, "infernal" ]
	},
	"melvorTotH:Infernal_Master_Wizard_Hat": {
		"base": "Master_Infernal",
		"5spellcost": [ 0, 0, 0, -2, [ "", "melvorTotH:Archaic" ] ]
	},
	"melvorTotH:Infernal_Master_Wizard_Robes": {
		"base": [ "Master_Infernal", "8body" ]
	},
	"melvorTotH:Infernal_Master_Wizard_Bottoms": {
		"base": [ "Master_Infernal", "8legs" ]
	},
	"melvorTotH:Infernal_Master_Wizard_Boots": {
		"base": "Master_Infernal"
	},
	"melvorTotH:Infernal_Legendary_Wizard_Hat": {
		"base": "Legendary_Infernal",
		"5spellcost": [ 0, 0, 0, -4, [ "", "melvorTotH:Archaic" ] ]
	},
	"melvorTotH:Infernal_Legendary_Wizard_Robes": {
		"base": [ "Legendary_Infernal", "9body" ]
	},
	"melvorTotH:Infernal_Legendary_Wizard_Bottoms": {
		"base": [ "Legendary_Infernal", "9legs" ]
	},
	"melvorTotH:Infernal_Legendary_Wizard_Boots": {
		"base": "Legendary_Infernal"
	},
	"melvorTotH:Infernal_Mythical_Wizard_Hat": {
		"base": "Mythical_Infernal",
		"5spellcost": [ 0, 0, 0, -6, [ "", "melvorTotH:Archaic" ] ]
	},
	"melvorTotH:Infernal_Mythical_Wizard_Robes": {
		"base": [ "Mythical_Infernal", "10body" ]
	},
	"melvorTotH:Infernal_Mythical_Wizard_Bottoms": {
		"base": [ "Mythical_Infernal", "10legs" ]
	},
	"melvorTotH:Infernal_Mythical_Wizard_Boots": {
		"base": "Mythical_Infernal"
	},
	"Master_Lightning": {
		"base": [ "Master" ],
		"Mmaghits": [ 100, 200, "lightning" ]
	},
	"Legendary_Lightning": {
		"base": [ "Legendary" ],
		"Mmaghits": [ 200, 400, "lightning" ]
	},
	"Mythical_Lightning": {
		"base": [ "Mythical" ],
		"Mmaghits": [ 300, 600, "lightning" ]
	},
	"melvorTotH:Lightning_Master_Wizard_Hat": {
		"base": "Master_Lightning",
		"5spellcost": [ 0, 0, 0, -2, [ "", "melvorTotH:Archaic" ] ]
	},
	"melvorTotH:Lightning_Master_Wizard_Robes": {
		"base": [ "Master_Lightning", "8body" ]
	},
	"melvorTotH:Lightning_Master_Wizard_Bottoms": {
		"base": [ "Master_Lightning", "8legs" ]
	},
	"melvorTotH:Lightning_Master_Wizard_Boots": {
		"base": "Master_Lightning"
	},
	"melvorTotH:Lightning_Legendary_Wizard_Hat": {
		"base": "Legendary_Lightning",
		"5spellcost": [ 0, 0, 0, -4, [ "", "melvorTotH:Archaic" ] ]
	},
	"melvorTotH:Lightning_Legendary_Wizard_Robes": {
		"base": [ "Legendary_Lightning", "9body" ]
	},
	"melvorTotH:Lightning_Legendary_Wizard_Bottoms": {
		"base": [ "Legendary_Lightning", "9legs" ]
	},
	"melvorTotH:Lightning_Legendary_Wizard_Boots": {
		"base": "Legendary_Lightning"
	},
	"melvorTotH:Lightning_Mythical_Wizard_Hat": {
		"base": "Mythical_Lightning",
		"5spellcost": [ 0, 0, 0, -6, [ "", "melvorTotH:Archaic" ] ]
	},
	"melvorTotH:Lightning_Mythical_Wizard_Robes": {
		"base": [ "Mythical_Lightning", "10body" ]
	},
	"melvorTotH:Lightning_Mythical_Wizard_Bottoms": {
		"base": [ "Mythical_Lightning", "10legs" ]
	},
	"melvorTotH:Lightning_Mythical_Wizard_Boots": {
		"base": "Mythical_Lightning"
	},
	"Abyssal_Base": {
		"base": [ "Unholy5"]
	},
	"Abyssal_Abyssal": {
		"base": ["AbyD"],
		"Mmaghits": [ 50, 100, 10, 10, "abyssal" ]
	},
	"melvorItA:Abyssal_Elite_Wizard_Hat": {
		"base": [ "Abyssal_Base", "Abyssal_Abyssal"],
		"5spellcost": [ 0, 0, 0, -2, [ "", "melvorItA:Abyssal" ] ]
	},
	"melvorItA:Abyssal_Elite_Wizard_Hat_U": {
		"base": "melvorItA:Abyssal_Elite_Wizard_Hat"
	},
	"melvorItA:Abyssal_Elite_Wizard_Robes": {
		"base": [ "Abyssal_Base", "Abyssal_Abyssal", "11body"]
	},
	"melvorItA:Abyssal_Elite_Wizard_Robes_U": {
		"base": "melvorItA:Abyssal_Elite_Wizard_Robes"
	},
	"melvorItA:Abyssal_Elite_Wizard_Legs": {
		"base": [ "Abyssal_Base", "Abyssal_Abyssal"],
		"5Ueva": [10]
	},
	"melvorItA:Abyssal_Elite_Wizard_Legs_U": {
		"base": "melvorItA:Abyssal_Elite_Wizard_Legs"
	},
	"melvorItA:Abyssal_Elite_Wizard_Boots": {
		"base": [ "Abyssal_Base", "Abyssal_Abyssal"]
	},
	"melvorItA:Abyssal_Elite_Wizard_Boots_U": {
		"base": "melvorItA:Abyssal_Elite_Wizard_Boots"
	},
	"melvorItA:Abyssal_Master_Wizard_Hat": {
		"base": [ "Abyssal_Base", "2Abyssal_Abyssal"],
		"5spellcost": [ 0, 0, 0, -4, [ "", "melvorItA:Abyssal" ] ]
	},
	"melvorItA:Abyssal_Master_Wizard_Hat_U": {
		"base": "melvorItA:Abyssal_Master_Wizard_Hat"
	},
	"melvorItA:Abyssal_Master_Wizard_Robes": {
		"base": [ "Abyssal_Base", "2Abyssal_Abyssal", "12body"]
	},
	"melvorItA:Abyssal_Master_Wizard_Robes_U": {
		"base": "melvorItA:Abyssal_Master_Wizard_Robes"
	},
	"melvorItA:Abyssal_Master_Wizard_Legs": {
		"base": [ "Abyssal_Base", "2Abyssal_Abyssal"],
		"5Ueva": [20]
	},
	"melvorItA:Abyssal_Master_Wizard_Legs_U": {
		"base": "melvorItA:Abyssal_Master_Wizard_Legs"
	},
	"melvorItA:Abyssal_Master_Wizard_Boots": {
		"base": [ "Abyssal_Base", "2Abyssal_Abyssal"]
	},
	"melvorItA:Abyssal_Master_Wizard_Boots_U": {
		"base": "melvorItA:Abyssal_Master_Wizard_Boots"
	},
	"melvorItA:Abyssal_Mystic_Wizard_Hat": {
		"base": [ "Abyssal_Base", "3Abyssal_Abyssal"],
		"5spellcost": [ 0, 0, 0, -6, [ "", "melvorItA:Abyssal" ] ]
	},
	"melvorItA:Abyssal_Mystic_Wizard_Hat_U": {
		"base": "melvorItA:Abyssal_Mystic_Wizard_Hat"
	},
	"melvorItA:Abyssal_Mystic_Wizard_Robes": {
		"base": [ "Abyssal_Base", "3Abyssal_Abyssal", "13body"]
	},
	"melvorItA:Abyssal_Mystic_Wizard_Robes_U": {
		"base": "melvorItA:Abyssal_Mystic_Wizard_Robes"
	},
	"melvorItA:Abyssal_Mystic_Wizard_Legs": {
		"base": [ "Abyssal_Base", "3Abyssal_Abyssal"],
		"5Ueva": [30]
	},
	"melvorItA:Abyssal_Mystic_Wizard_Legs_U": {
		"base": "melvorItA:Abyssal_Mystic_Wizard_Legs"
	},
	"melvorItA:Abyssal_Mystic_Wizard_Boots": {
		"base": [ "Abyssal_Base", "3Abyssal_Abyssal"]
	},
	"melvorItA:Abyssal_Mystic_Wizard_Boots_U": {
		"base": "melvorItA:Abyssal_Mystic_Wizard_Boots"
	},
	"melvorItA:Abyssal_Legendary_Wizard_Hat": {
		"base": [ "Abyssal_Base", "4Abyssal_Abyssal"],
		"5spellcost": [ 0, 0, 0, -8, [ "", "melvorItA:Abyssal" ] ]
	},
	"melvorItA:Abyssal_Legendary_Wizard_Hat_U": {
		"base": "melvorItA:Abyssal_Legendary_Wizard_Hat"
	},
	"melvorItA:Abyssal_Legendary_Wizard_Robes": {
		"base": [ "Abyssal_Base", "4Abyssal_Abyssal","14body"]
	},
	"melvorItA:Abyssal_Legendary_Wizard_Robes_U": {
		"base": "melvorItA:Abyssal_Legendary_Wizard_Robes"
	},
	"melvorItA:Abyssal_Legendary_Wizard_Legs": {
		"base": [ "Abyssal_Base", "4Abyssal_Abyssal"],
		"5Ueva": [40]
	},
	"melvorItA:Abyssal_Legendary_Wizard_Legs_U": {
		"base": "melvorItA:Abyssal_Legendary_Wizard_Legs"
	},
	"melvorItA:Abyssal_Legendary_Wizard_Boots": {
		"base": [ "Abyssal_Base", "4Abyssal_Abyssal"]
	},
	"melvorItA:Abyssal_Legendary_Wizard_Boots_U": {
		"base": "melvorItA:Abyssal_Legendary_Wizard_Boots"
	},
	"melvorItA:Abyssal_Mythical_Wizard_Hat": {
		"base": [ "Abyssal_Base", "5Abyssal_Abyssal"],
		"5spellcost": [ 0, 0, 0, -10, [ "", "melvorItA:Abyssal" ] ]
	},
	"melvorItA:Abyssal_Mythical_Wizard_Hat_U": {
		"base": "melvorItA:Abyssal_Mythical_Wizard_Hat"
	},
	"melvorItA:Abyssal_Mythical_Wizard_Robes": {
		"base": [ "Abyssal_Base", "5Abyssal_Abyssal", "15body"]
	},
	"melvorItA:Abyssal_Mythical_Wizard_Robes_U": {
		"base": "melvorItA:Abyssal_Mythical_Wizard_Robes"
	},
	"melvorItA:Abyssal_Mythical_Wizard_Legs": {
		"base": [ "Abyssal_Base", "5Abyssal_Abyssal"],
		"5Ueva": [50]
	},
	"melvorItA:Abyssal_Mythical_Wizard_Legs_U": {
		"base": "melvorItA:Abyssal_Mythical_Wizard_Legs"
	},
	"melvorItA:Abyssal_Mythical_Wizard_Boots": {
		"base": [ "Abyssal_Base", "5Abyssal_Abyssal"]
	},
	"melvorItA:Abyssal_Mythical_Wizard_Boots_U": {
		"base": "melvorItA:Abyssal_Mythical_Wizard_Boots"
	},

	"Abyssal_Brume": {
		"base": ["AbyD"],
		"Mmaghits": [ 50, 100, 10, 10, "brume" ]
	},
	"melvorItA:Brume_Master_Wizard_Hat": {
		"base": [ "Abyssal_Base", "2Abyssal_Brume"],
		"5spellcost": [ 0, 0, 0, -4, [ "", "melvorItA:Abyssal" ] ]
	},
	"melvorItA:Brume_Master_Wizard_Hat_U": {
		"base": "melvorItA:Brume_Master_Wizard_Hat"
	},
	"melvorItA:Brume_Master_Wizard_Robes": {
		"base": [ "Abyssal_Base", "2Abyssal_Brume", "12body"]
	},
	"melvorItA:Brume_Master_Wizard_Robes_U": {
		"base": "melvorItA:Brume_Master_Wizard_Robes"
	},
	"melvorItA:Brume_Master_Wizard_Legs": {
		"base": [ "Abyssal_Base", "2Abyssal_Brume"],
		"5Ueva": [20]
	},
	"melvorItA:Brume_Master_Wizard_Legs_U": {
		"base": "melvorItA:Brume_Master_Wizard_Legs"
	},
	"melvorItA:Brume_Master_Wizard_Boots": {
		"base": [ "Abyssal_Base", "2Abyssal_Brume"]
	},
	"melvorItA:Brume_Master_Wizard_Boots_U": {
		"base": "melvorItA:Brume_Master_Wizard_Boots"
	},
	"melvorItA:Brume_Mystic_Wizard_Hat": {
		"base": [ "Abyssal_Base", "3Abyssal_Brume"],
		"5spellcost": [ 0, 0, 0, -6, [ "", "melvorItA:Abyssal" ] ]
	},
	"melvorItA:Brume_Mystic_Wizard_Hat_U": {
		"base": "melvorItA:Brume_Mystic_Wizard_Hat"
	},
	"melvorItA:Brume_Mystic_Wizard_Robes": {
		"base": [ "Abyssal_Base", "3Abyssal_Brume", "13body"]
	},
	"melvorItA:Brume_Mystic_Wizard_Robes_U": {
		"base": "melvorItA:Brume_Mystic_Wizard_Robes"
	},
	"melvorItA:Brume_Mystic_Wizard_Legs": {
		"base": [ "Abyssal_Base", "3Abyssal_Brume"],
		"5Ueva": [30]
	},
	"melvorItA:Brume_Mystic_Wizard_Legs_U": {
		"base": "melvorItA:Brume_Mystic_Wizard_Legs"
	},
	"melvorItA:Brume_Mystic_Wizard_Boots": {
		"base": [ "Abyssal_Base", "3Abyssal_Brume"]
	},
	"melvorItA:Brume_Mystic_Wizard_Boots_U": {
		"base": "melvorItA:Brume_Mystic_Wizard_Boots"
	},
	"melvorItA:Brume_Legendary_Wizard_Hat": {
		"base": [ "Abyssal_Base", "4Abyssal_Brume"],
		"5spellcost": [ 0, 0, 0, -8, [ "", "melvorItA:Abyssal" ] ]
	},
	"melvorItA:Brume_Legendary_Wizard_Hat_U": {
		"base": "melvorItA:Brume_Legendary_Wizard_Hat"
	},
	"melvorItA:Brume_Legendary_Wizard_Robes": {
		"base": [ "Abyssal_Base", "4Abyssal_Brume","14body"]
	},
	"melvorItA:Brume_Legendary_Wizard_Robes_U": {
		"base": "melvorItA:Brume_Legendary_Wizard_Robes"
	},
	"melvorItA:Brume_Legendary_Wizard_Legs": {
		"base": [ "Abyssal_Base", "4Abyssal_Brume"],
		"5Ueva": [40]
	},
	"melvorItA:Brume_Legendary_Wizard_Legs_U": {
		"base": "melvorItA:Brume_Legendary_Wizard_Legs"
	},
	"melvorItA:Brume_Legendary_Wizard_Boots": {
		"base": [ "Abyssal_Base", "4Abyssal_Brume"]
	},
	"melvorItA:Brume_Legendary_Wizard_Boots_U": {
		"base": "melvorItA:Brume_Legendary_Wizard_Boots"
	},
	"melvorItA:Brume_Mythical_Wizard_Hat": {
		"base": [ "Abyssal_Base", "5Abyssal_Brume"],
		"5spellcost": [ 0, 0, 0, -10, [ "", "melvorItA:Abyssal" ] ]
	},
	"melvorItA:Brume_Mythical_Wizard_Hat_U": {
		"base": "melvorItA:Brume_Mythical_Wizard_Hat"
	},
	"melvorItA:Brume_Mythical_Wizard_Robes": {
		"base": [ "Abyssal_Base", "5Abyssal_Brume", "15body"]
	},
	"melvorItA:Brume_Mythical_Wizard_Robes_U": {
		"base": "melvorItA:Brume_Mythical_Wizard_Robes"
	},
	"melvorItA:Brume_Mythical_Wizard_Legs": {
		"base": [ "Abyssal_Base", "5Abyssal_Brume" ],
		"5Ueva": [50]
	},
	"melvorItA:Brume_Mythical_Wizard_Legs_U": {
		"base": "melvorItA:Brume_Mythical_Wizard_Legs"
	},
	"melvorItA:Brume_Mythical_Wizard_Boots": {
		"base": [ "Abyssal_Base", "5Abyssal_Brume"]
	},
	"melvorItA:Brume_Mythical_Wizard_Boots_U": {
		"base": "melvorItA:Brume_Mythical_Wizard_Boots"
	},

	"Abyssal_Gloom": {
		"base": ["AbyD"],
		"Mmaghits": [ 50, 100, 10, 10, "gloom" ]
	},
	"melvorItA:Gloom_Mystic_Wizard_Hat": {
		"base": [ "Abyssal_Base", "3Abyssal_Gloom"],
		"5spellcost": [ 0, 0, 0, -6, [ "", "melvorItA:Abyssal" ] ]
	},
	"melvorItA:Gloom_Mystic_Wizard_Hat_U": {
		"base": "melvorItA:Gloom_Mystic_Wizard_Hat"
	},
	"melvorItA:Gloom_Mystic_Wizard_Robes": {
		"base": [ "Abyssal_Base", "3Abyssal_Gloom", "13body"]
	},
	"melvorItA:Gloom_Mystic_Wizard_Robes_U": {
		"base": "melvorItA:Gloom_Mystic_Wizard_Robes"
	},
	"melvorItA:Gloom_Mystic_Wizard_Legs": {
		"base": [ "Abyssal_Base", "3Abyssal_Gloom", "13body" ],
		"5Ueva": [30]
	},
	"melvorItA:Gloom_Mystic_Wizard_Legs_U": {
		"base": "melvorItA:Gloom_Mystic_Wizard_Legs"
	},
	"melvorItA:Gloom_Mystic_Wizard_Boots": {
		"base": [ "Abyssal_Base", "3Abyssal_Gloom"]
	},
	"melvorItA:Gloom_Mystic_Wizard_Boots_U": {
		"base": "melvorItA:Gloom_Mystic_Wizard_Boots"
	},
	"melvorItA:Gloom_Legendary_Wizard_Hat": {
		"base": [ "Abyssal_Base", "4Abyssal_Gloom"],
		"5spellcost": [ 0, 0, 0, -8, [ "", "melvorItA:Abyssal" ] ]
	},
	"melvorItA:Gloom_Legendary_Wizard_Hat_U": {
		"base": "melvorItA:Gloom_Legendary_Wizard_Hat"
	},
	"melvorItA:Gloom_Legendary_Wizard_Robes": {
		"base": [ "Abyssal_Base", "4Abyssal_Gloom", "14body"]
	},
	"melvorItA:Gloom_Legendary_Wizard_Robes_U": {
		"base": "melvorItA:Gloom_Legendary_Wizard_Robes"
	},
	"melvorItA:Gloom_Legendary_Wizard_Legs": {
		"base": [ "Abyssal_Base", "4Abyssal_Gloom" ],
		"5Ueva": [40]
	},
	"melvorItA:Gloom_Legendary_Wizard_Legs_U": {
		"base": "melvorItA:Gloom_Legendary_Wizard_Legs"
	},
	"melvorItA:Gloom_Legendary_Wizard_Boots": {
		"base": [ "Abyssal_Base", "4Abyssal_Gloom"]
	},
	"melvorItA:Gloom_Legendary_Wizard_Boots_U": {
		"base": "melvorItA:Gloom_Legendary_Wizard_Boots"
	},
	"melvorItA:Gloom_Mythical_Wizard_Hat": {
		"base": [ "Abyssal_Base", "5Abyssal_Gloom"],
		"5spellcost": [ 0, 0, 0, -10, [ "", "melvorItA:Abyssal" ] ]
	},
	"melvorItA:Gloom_Mythical_Wizard_Hat_U": {
		"base": "melvorItA:Gloom_Mythical_Wizard_Hat"
	},
	"melvorItA:Gloom_Mythical_Wizard_Robes": {
		"base": [ "Abyssal_Base", "5Abyssal_Gloom", "15body"]
	},
	"melvorItA:Gloom_Mythical_Wizard_Robes_U": {
		"base": "melvorItA:Gloom_Mythical_Wizard_Robes"
	},
	"melvorItA:Gloom_Mythical_Wizard_Legs": {
		"base": [ "Abyssal_Base", "5Abyssal_Gloom" ],
		"5Ueva": [50]
	},
	"melvorItA:Gloom_Mythical_Wizard_Legs_U": {
		"base": "melvorItA:Gloom_Mythical_Wizard_Legs"
	},
	"melvorItA:Gloom_Mythical_Wizard_Boots": {
		"base": [ "Abyssal_Base", "5Abyssal_Gloom"]
	},
	"melvorItA:Gloom_Mythical_Wizard_Boots_U": {
		"base": "melvorItA:Gloom_Mythical_Wizard_Boots"
	},


	"Abyssal_Wither": {
		"base": ["AbyD"],
		"Mmaghits": [ 50, 100, 10, 10, "wither" ]
	},
	"melvorItA:Wither_Legendary_Wizard_Hat": {
		"base": [ "Abyssal_Base", "4Abyssal_Wither"],
		"5spellcost": [ 0, 0, 0, -8, [ "", "melvorItA:Abyssal" ] ]
	},
	"melvorItA:Wither_Legendary_Wizard_Hat_U": {
		"base": "melvorItA:Wither_Legendary_Wizard_Hat"
	},
	"melvorItA:Wither_Legendary_Wizard_Robes": {
		"base": [ "Abyssal_Base", "4Abyssal_Wither","14body"]
	},
	"melvorItA:Wither_Legendary_Wizard_Robes_U": {
		"base": "melvorItA:Wither_Legendary_Wizard_Robes"
	},
	"melvorItA:Wither_Legendary_Wizard_Legs": {
		"base": [ "Abyssal_Base", "4Abyssal_Wither", "14body" ],
		"5Ueva": [40]
	},
	"melvorItA:Wither_Legendary_Wizard_Legs_U": {
		"base": "melvorItA:Wither_Legendary_Wizard_Legs"
	},
	"melvorItA:Wither_Legendary_Wizard_Boots": {
		"base": [ "Abyssal_Base", "4Abyssal_Wither"]
	},
	"melvorItA:Wither_Legendary_Wizard_Boots_U": {
		"base": "melvorItA:Wither_Legendary_Wizard_Boots"
	},
	"melvorItA:Wither_Mythical_Wizard_Hat": {
		"base": [ "Abyssal_Base", "5Abyssal_Wither"],
		"5spellcost": [ 0, 0, 0, -10, [ "", "melvorItA:Abyssal" ] ]
	},
	"melvorItA:Wither_Mythical_Wizard_Hat_U": {
		"base": "melvorItA:Wither_Mythical_Wizard_Hat"
	},
	"melvorItA:Wither_Mythical_Wizard_Robes": {
		"base": [ "Abyssal_Base", "5Abyssal_Wither", "15body"]
	},
	"melvorItA:Wither_Mythical_Wizard_Robes_U": {
		"base": "melvorItA:Wither_Mythical_Wizard_Robes"
	},
	"melvorItA:Wither_Mythical_Wizard_Legs": {
		"base": [ "Abyssal_Base", "5Abyssal_Wither"],
		"5Ueva": [50]
	},
	"melvorItA:Wither_Mythical_Wizard_Legs_U": {
		"base": "melvorItA:Wither_Mythical_Wizard_Legs"
	},
	"melvorItA:Wither_Mythical_Wizard_Boots": {
		"base": [ "Abyssal_Base", "5Abyssal_Wither"]
	},
	"melvorItA:Wither_Mythical_Wizard_Boots_U": {
		"base": "melvorItA:Wither_Mythical_Wizard_Boots"
	},


	"Abyssal_Nether": {
		"base": ["AbyD"],
		"Mmaghits": [ 50, 100, 10, 10, "nether" ]
	},
	"melvorItA:Nether_Mythical_Wizard_Hat": {
		"base": [ "Abyssal_Base", "5Abyssal_Nether"],
		"5spellcost": [ 0, 0, 0, -10, [ "", "melvorItA:Abyssal" ] ]
	},
	"melvorItA:Nether_Mythical_Wizard_Hat_U": {
		"base": "melvorItA:Nether_Mythical_Wizard_Hat"
	},
	"melvorItA:Nether_Mythical_Wizard_Robes": {
		"base": [ "Abyssal_Base", "5Abyssal_Nether", "15body"]
	},
	"melvorItA:Nether_Mythical_Wizard_Robes_U": {
		"base": "melvorItA:Nether_Mythical_Wizard_Robes"
	},
	"melvorItA:Nether_Mythical_Wizard_Legs": {
		"base": [ "Abyssal_Base", "5Abyssal_Nether", "15body" ],
		"5Ueva": [50]
	},
	"melvorItA:Nether_Mythical_Wizard_Legs_U": {
		"base": "melvorItA:Nether_Mythical_Wizard_Legs"
	},
	"melvorItA:Nether_Mythical_Wizard_Boots": {
		"base": [ "Abyssal_Base", "5Abyssal_Nether"]
	},
	"melvorItA:Nether_Mythical_Wizard_Boots_U": {
		"base": "melvorItA:Nether_Mythical_Wizard_Boots"
	},
	"melvorItA:Eternity_Staff_Uncharged": {}
}
