{
	"melvorF:Staff_of_Air": {
		"base": "staff1",
		"2OuniqueAtks": [ { "id": "SlicingWinds" }, {"id": "Gust"} ]
	},
	"melvorF:Staff_of_Water": {
		"base": "staff1",
		"2OuniqueAtks": [ { "id": "IcicleVolley" }, {"id": "Frostbite"} ],
		"6OuniqueAtks": [ { "id": "IcicleVolley" }, {"id": "Frostbite"}, {"id": "OceanSong"} ]
	},
	"melvorF:Staff_of_Earth": {
		"base": "staff1",
		"2OuniqueAttack": { "id": "Quake" },
		"6Ucbeasy": ["Bleed400", 1, 25]
	},
	"melvorF:Staff_of_Fire": {
		"base": "staff1",
		"2OuniqueAtks": [ { "id": "Ignite" }, {"id": "Incinerate"} ]
	},
	"melvorD:Air_Battlestaff": {
		"base": "staff4",
		"5OuniqueAttack": { "id": "NaturesCall" },
		"10Ucbeasy": ["20@dtaken", 2, 20]
	},
	"melvorD:Water_Battlestaff": {
		"base": "staff4",
		"5OuniqueAttack": { "id": "ElementalImpactFrostburn" },
		"10Ucbeasy": ["100dfspd", 2, 20]
	},
	"melvorD:Earth_Battlestaff": {
		"base": "staff4",
		"5OuniqueAttack": { "id": "ElementalImpactStun" },
		"10Ucbeasy": ["80bhp", 2, 20]
	},
	"melvorD:Fire_Battlestaff": {
		"base": "staff4",
		"5OuniqueAttack": { "id": "ElementalImpactBurn" },
		"10Ucbeasy": ["Weakening", 2, 20]
	},
	"melvorAoD:Crystal_Battlestaff": {
		"base": "staff4",
		"5OuniqueAtks": [ { "id": "CrystalBlast" }, {"id": "Whirlpool"}, {"id": "CrushingWaves"} ],
		"10cbeasys": [
			[ "melvorAoD:Malice", 7, 100, { "sm": 10, "sa": 10  } ],
			[ "melvorAoD:GrudgePlayer", 7, 100, { "sm": 10, "sa":10  } ],
			[ "melvorAoD:GrudgeEnemy", 7, 100, { "si": 10 } ],
			[ "melvorAoD:Consume", 7, 100, { "sm":  10,"sa": 10  } ],
			[ "melvorAoD:Eradicate", 7, 100, { "sm":  10,"sa": 10  } ]
		]
	},
	"melvorD:Mystic_Air_Staff": {
		"base": "staff7",
		"5OuniqueAttack": { "id": "SpiritPower" },
		"10Ucbeasy": [["Burn"], 3, 30]
	},
	"melvorF:Mystic_Water_Staff": {
		"base": "staff7",
		"5OuniqueAttack": { "id": "FreezeRay" },
		"10Ucbeasy": [ [ "Frostburn" ], 3, 30, { "t": 5 } ]
	},
	"melvorF:Mystic_Earth_Staff": {
		"base": "staff7",
		"5OuniqueAttack": { "id": "NaturesWrath" },
		"10Ucbeasy": ["25$$4@bspd", 2, 30]
	},
	"melvorF:Mystic_Fire_Staff": {
		"base": "staff7",
		"5OuniqueAttack": { "id": "TripleDamage" },
		"10Ucbeasy": [["Anguish"], 2, 30]
	},
	"melvorF:Air_Imbued_Wand": {
		"base": "wand7",
		"5OuniqueAttack": {
			"id": "UnknownThreat",
			"prehitEffects": [
				{
					"effectID": "BGSCheat:UnknownThreat0",
					"initialParams": [
						{
							"name": "stacksToAdd",
							"value": 1
						},
						{
							"name": "initialStacks",
							"value": 1
						},
						{
							"name": "turns",
							"value": 1
						}

					]
				}
			],
			"attackInterval": [ 50 ]
		},
		"10Ucbeasy": [ "100dtaken", 3, 30 ]
	},
	"melvorF:Water_Imbued_Wand": {
		"base": "wand7",
		"5OuniqueAttack": { "id": "UnlimitedSlappingPower", "attackInterval": [ 50 ] },
		"10Ucbeasy": [["1Fear"], 2, 30]
	},
	"melvorF:Earth_Imbued_Wand": {
		"base": "wand7",
		"5OuniqueAttack": { "id": "BruteForce" },
		"10Ucbeasy": [["100bfspd"], 2, 30]
	},
	"melvorF:Fire_Imbued_Wand": {
		"base": "wand7",
		"5OuniqueAttack": { "id": "UnlimitedSlappingPower", "attackInterval": [50] },
		"10Ucbeasy": [["Burn"], 2, 20]
	},
	"melvorAoD:Mystic_Pure_Crystal_Staff": {
		"base": "staff7",
		"5OuniqueAttack": { "id": "CrystalTomb" },
		"10Ucbeasy": [["Fatigue","Petrified"], 2, 15]
	},
	"melvorAoD:Unholy_Staff": {
		"base": "Base",
		"Uress": [ 7 ],
		"Mmaghits": [7,14],
		"5Uatkeffect": [3],
		"5Ucbeasy": [ "20unholy", 3 ],
		"5OuniqueAttack": { "id": "WaterPulsePlayer" }
	},
	"melvorAoD:Cursed_Staff": {
		"base": [ "melvorAoD:Unholy_Staff", "Update" ],
		"10Ucbeasy": [ [ "10Malice", "10Destruction", "10Spite", "10Consume", "10Eradicate"], 7, 100 ]
	},
	"melvorTotH:Poison_Staff": {
		"base": "Unholy4",
		"Uress": [ 8 ],
		"Mmaghits": [0, 0, 100, 100, "poison"],
		"5OuniqueAtks": [ { "id": "PoisonPods" }, {"id": "NaturesBloom"} ],
		"10Ucbeasy": [ [ "100Poison", "100Deadly" ], 2, 30 ]
	},
	"melvorTotH:Infernal_Staff": {
		"base": "Unholy4",
		"Uress": [ 9 ],
		"Mmaghits": [ 0, 0, 100, 100, "infernal"],
		"5OuniqueAtks": [ { "id": "GiantFireball" }, {"id": "InfernalPower"} ],
		"10Ucbeasy": [ [ "100Burn", "Freeze" ], 2, 30 ]
	},
	"melvorTotH:Lightning_Staff": {
		"base": "Unholy4",
		"Uress": [ 10 ],
		"Mmaghits": [ [ 0, 0, 100, 100 ], "s","lightning"],
		"5OuniqueAtks": [ { "id": "ThunderStrike" }, {"id": "DragonStormCall"} ],
		"10Ucbeasy": [ [ "BGSCheat:Shock","Stun" ], 2, 30 ]
	},
	"melvorTotH:Meteorite_Staff": {
		"base": "Unholy4",
		"Uress": [ 10 ],
		"Mmaghits": [ 0, 0, 100, 100, "infernal"],
		"5OuniqueAttack": { "id": "MeteorShowerArchaic","damage": [{"amplitude": 140}] },
		"10Ucbeasy": [ "Nulled", 2, 30 ]
	},
	"melvorTotH:Despair_Wand": {
		"base": "Unholy4",
		"Mmaghits": [ 50, 100, 50, 50 ],
		"5spellcost": [0,0,-10,"melvorTotH:Despair_Rune"],
		"5OuniqueAttack": { "id": "TsunamiArchaic" },
		"10spellcost": [0,0,-20,"melvorTotH:Despair_Rune"],
		"10Ucbeasy": [ "1Despair", 2, 30, { "t": 3 } ]
	},
	"melvorTotH:Archaic_Wand": {
		"base": "Unholy4",
		"Mmaghits": [ 50, 100, 50, 50 ],
		"5spellcost": [0,0,-10,"melvorTotH:Archaic_Rune"],
		"5OuniqueAttack": { "id": "Soulash" },
		"10spellcost": [0,0,-20,"melvorTotH:Archaic_Rune"],
		"10Ucbeasy": [ "1Madness", 2, 30, { "t": 3 } ]
	},
	"melvorTotH:Calamity_Wand": {
		"base": "Unholy4",
		"Mmaghits": [ 50, 100, 50, 50 ],
		"5spellcost": [0,0,-10,"melvorTotH:Calamity_Rune"],
		"5OuniqueAttack": { "id": "SlicingMaelstromArchaic" },
		"10spellcost": [0,0,-20,"melvorTotH:Calamity_Rune"],
		"10Ucbeasy": [ "1Torment", 2, 30, { "t": 3 } ]
	},
	"melvorItA:Abyssal_Staff": {
		"base": "Unholy5",
		"Uress": [ 0, 3 ],
		"Mmaghits": [ 0, 0, 200, 100 ,"abyssal"],
		"5OuniqueAttack": {
			"id": "ConsumingGrasp",
			"attackInterval": [50],
			"onhitEffects": [
				{
					"effectID": "BGSCheat:ConsumingGrasp",
					"initialParams": [
						{
							"name": "maxStacks",
							"value": 1
						},
						{
							"name": "stacksToAdd",
							"value": 1
						},
						{
							"name": "initialStacks",
							"value": 1
						},
						{
							"name": "turns",
							"value": 2
						}
					]
				}
			]
		},
		"10Ucbeasy": [ "100bhp", 2, 50 ]
	},
	"melvorItA:Lacerating_Staff": {
		"base": [ "melvorItA:Abyssal_Staff", "Update" ],
		"10Ucbeasy": [ "30Lace", 3, 50 ]
	},
	"melvorItA:Abyssal_Wand": {
		"base": "Unholy5",
		"Mmaghits": [ 0, 0, 100, 50, "abyssal"],
		"5OuniqueAttack": {
			"id": "VoidVortexPlayer",
			"attackInterval": [50],
			"onhitEffects": [
				{
					"effectID": "BGSCheat:Slow",
					"initialParams": [
						{
							"name": "magnitude",
							"value": 50
						}
					]
				}
			]
		},
		"10Ucbeasy": [ "EldritchCurse", 3, 30 ]
	},
	"melvorItA:Brume_Staff": {
		"base": "Unholy5",
		"Uress": [ 0, 6 ],
		"Mmaghits": [ 0, 0, 200, 100 ,"brume"],
		"5OuniqueAttack": {
			"id": "VoidfireVolley",
			"onhitEffects": [
				{
					"effectID": "BGSCheat:VoidfireVolley",
					"initialParams": [
						{
							"name": "maxStacks",
							"value": 1
						},
						{
							"name": "stacksToAdd",
							"value": 1
						},
						{
							"name": "initialStacks",
							"value": 1
						}
					]
				}
			],
	    "attackInterval": [50]
		},
		"10Ucbeasy": ["10Blight", 2, 20]
	},
	"melvorItA:Brume_Wand": {
		"base": "Unholy5",
		"Mmaghits": [ 0, 0, 100, 50, "brume"],
		"5OuniqueAttack": {
			"id": "ToxicBlastPlayer",
			"onhitEffects": [
				{
					"effectID": "BGSCheat:Toxin",
					"initialParams": [
						{
							"name": "interval",
							"value": { "c": 250, "u": -50 }
						}
					]
				}
			]
		},
		"10Ucbeasy": [ "3Silence", 3, 100 ]
	},
	"melvorItA:Toxic_Fumes_Wand": {
		"base": [ "melvorItA:Brume_Wand", "Update" ],
		"10Ucbeasy": [ "2Crystallize", 3, 100 ]
	},
	"melvorItA:Gloom_Staff": {
		"base": "Unholy5",
		"Uress": [ 0, 9 ],
		"Mmaghits": [ 0, 0, 200, 100, "gloom"],
		"5OuniqueAttack": {
			"id": "BlackHole",
			"damage": [
				{
					"maxPercent": 110
				}
			],
			"onhitEffects": [
				{
					"effectID": "BGSCheat:BlackHole",
					"initialParams": [
						{
							"name": "maxStacks",
							"value": 1
						},
						{
							"name": "stacksToAdd",
							"value": 1
						},
						{
							"name": "initialStacks",
							"value": 1
						}
					]
				}
			]
		},
		"10Ucbeasy": [ "100Toxin", 3, 40 ]
	},
	"melvorItA:Gloom_Wand": {
		"base": "Unholy5",
		"Mmaghits": [ 0, 0, 100, 50,"gloom"],
		"5OuniqueAttack": { "id": "WitherSporesPlayer" },
		"10Ucbeasy": [ [ "100Ablaze" ], 3, 40 ]
	},
	"melvorItA:Wither_Staff": {
		"base": "Unholy5",
		"Uress": [ 0, 12 ],
		"Mmaghits": [ 0, 0, 200, 100,"wither"],
		"5OuniqueAttack": {
			"id": "NullSphere",
			"damage": [
				{
					"maxPercent": 110
				}
			],
			"onhitEffects": [
				{
					"effectID": "BGSCheat:NullSphere",
					"initialParams": [
						{
							"name": "maxStacks",
							"value": 1
						},
						{
							"name": "stacksToAdd",
							"value": 1
						},
						{
							"name": "initialStacks",
							"value": 1
						}
					]
				}
			]
		},
		"10Ucbeasy": [ [ "100$5bspd" ], 3, 100 ]
	},
	"melvorItA:Wither_Wand": {
		"base": "Unholy5",
		"Mmaghits": [0, 0, 100, 50, "wither"],
		"5OuniqueAttack": { "id": "TendrilSlam" },
		"10Ucbeasy": [ [ "10Wither" ], 3, 60 ]
	},
	"melvorItA:Nether_Staff": {
		"base": "Unholy5",
		"Uress": [ 0, 15 ],
		"Mmaghits": [ 0, 0, 200, 100,"nether"],
		"5OuniqueAttack": {
			"id": "TerrorBeam", "attackCount": [ 40 ], "attackInterval": [ 50 ]
		},
		"10Ucbeasy": [ [ "100$5bdmg" ], 3, 40 ]
	},
	"melvorItA:Nether_Wand": {
		"base": "Unholy5",
		"Mmaghits": [ 0, 0, 100, 50, "nether"],
		"5OuniqueAttack": { "id": "Madness" },
		"10Ucbeasy": [ [ "3EldritchCurse" ], 3, 100 ]
	},
	"melvorItA:Desolation_Wand": {
		"base": "Unholy5",
		"Mmaghits": [1000, 2000, 0, 50 ],
		"5OuniqueAttack": {
			"id": "Pandemonium",
			"attackIntefval": [ 50 ],
			"onhitEffects": [
				{
					"effectID": "BGSCheat:Fear",
					"initialParams": [
						{
							"name": "initialStacks",
							"value": 1
						}
					]
				}
			]
		},
		"10Ucbeasy": [ [ "100dhp" ], 6, 50 ]
	},
	"melvorItA:Cataclysm_Wand": {
		"base": "Unholy5",
		"Mmaghits": [0, 0, 100, 50 ],
		"5OuniqueAttack": {
			"id": "InfiniteVoid",
			"attackIntefval": [ 50 ],
			"onhitEffects": [
				{
					"effectID": "BGSCheat:InfiniteVoid",
					"initialParams": [
						{
							"name": "maxStacks",
							"value": 1
						},
						{
							"name": "stacksToAdd",
							"value": 1
						},
						{
							"name": "initialStacks",
							"value": 1
						}
					]
				},
				{
					"effectID": "BGSCheat:Voidburst",
					"chance": 25,
					"initialParams": [
						{
							"name": "stacksToAdd",
							"value": [ 5 ]
						},
						{
							"name": "stacks",
							"value": [ 5 ]
						}
					]
				}
			]
		},
		"10Ucbeasy": [ [ "100$5bhit" ], 3, 50 ]
	},
	"melvorF:Air_Acolyte_Wizard_Hat": {
		"base": [ "Acolyte_Hat", "Air" ]
	},
	"melvorAoD:Air_Acolyte_Wizard_Hat_B": {
		"base": [ "melvorF:Air_Acolyte_Wizard_Hat", "AoD1", "Update" ]
	},
	"melvorF:Air_Acolyte_Wizard_Robes": {
		"base": [ "Acolyte_Body", "Air" ]
	},
	"melvorAoD:Air_Acolyte_Wizard_Robes_B": {
		"base": [ "melvorF:Air_Acolyte_Wizard_Robes", "AoD1", "Update" ]
	},
	"melvorF:Air_Acolyte_Wizard_Bottoms": {
		"base": [ "Acolyte_Legs", "Air" ]
	},
	"melvorAoD:Air_Acolyte_Wizard_Bottoms_B": {
		"base": [ "melvorF:Air_Acolyte_Wizard_Bottoms", "AoD1", "Update" ]
	},
	"melvorF:Air_Acolyte_Wizard_Boots": {
		"base": [ "Acolyte_Boots", "Air" ]
	},
	"melvorF:Water_Acolyte_Wizard_Hat": {
		"base": [ "Acolyte_Hat", "Water" ]
	},
	"melvorAoD:Water_Acolyte_Wizard_Hat_B": {
		"base": [ "melvorF:Water_Acolyte_Wizard_Hat", "AoD1", "Update" ]
	},
	"melvorF:Water_Acolyte_Wizard_Robes": {
		"base": [ "Acolyte_Body", "Water" ]
	},
	"melvorAoD:Water_Acolyte_Wizard_Robes_B": {
		"base": [ "melvorF:Water_Acolyte_Wizard_Robes", "AoD1", "Update" ]
	},
	"melvorF:Water_Acolyte_Wizard_Bottoms": {
		"base": [ "Acolyte_Legs", "Water" ]
	},
	"melvorAoD:Water_Acolyte_Wizard_Bottoms_B": {
		"base": [ "melvorF:Water_Acolyte_Wizard_Bottoms", "AoD1", "Update" ]
	},
	"melvorF:Water_Acolyte_Wizard_Boots": {
		"base": [ "Acolyte_Boots", "Water" ]
	},
	"melvorF:Earth_Acolyte_Wizard_Hat": {
		"base": [ "Acolyte_Hat", "Earth" ]
	},
	"melvorAoD:Earth_Acolyte_Wizard_Hat_B": {
		"base": [ "melvorF:Earth_Acolyte_Wizard_Hat", "AoD1", "Update" ]
	},
	"melvorF:Earth_Acolyte_Wizard_Robes": {
		"base": [ "Acolyte_Body", "Earth" ]
	},
	"melvorAoD:Earth_Acolyte_Wizard_Robes_B": {
		"base": [ "melvorF:Earth_Acolyte_Wizard_Robes", "AoD1", "Update" ]
	},
	"melvorF:Earth_Acolyte_Wizard_Bottoms": {
		"base": [ "Acolyte_Legs", "Earth" ]
	},
	"melvorAoD:Earth_Acolyte_Wizard_Bottoms_B": {
		"base": [ "melvorF:Earth_Acolyte_Wizard_Bottoms", "AoD1", "Update" ]
	},
	"melvorF:Earth_Acolyte_Wizard_Boots": {
		"base": [ "Acolyte_Boots", "Earth" ]
	},
	"melvorF:Fire_Acolyte_Wizard_Hat": {
		"base": [ "Acolyte_Hat", "Fire" ]
	},
	"melvorAoD:Fire_Acolyte_Wizard_Hat_B": {
		"base": [ "melvorF:Fire_Acolyte_Wizard_Hat", "AoD1", "Update" ]
	},
	"melvorF:Fire_Acolyte_Wizard_Robes": {
		"base": [ "Acolyte_Body", "Fire" ]
	},
	"melvorAoD:Fire_Acolyte_Wizard_Robes_B": {
		"base": [ "melvorF:Fire_Acolyte_Wizard_Robes", "AoD1", "Update" ]
	},
	"melvorF:Fire_Acolyte_Wizard_Bottoms": {
		"base": [ "Acolyte_Legs", "Fire" ]
	},
	"melvorAoD:Fire_Acolyte_Wizard_Bottoms_B": {
		"base": [ "melvorF:Fire_Acolyte_Wizard_Bottoms", "AoD1","Update" ]
	},
	"melvorF:Fire_Acolyte_Wizard_Boots": {
		"base": [ "Acolyte_Boots", "Fire" ]
	},
	"melvorF:Air_Adept_Wizard_Hat": {
		"base": [ "Adept_Hat", "2Air" ]
	},
	"melvorAoD:Air_Adept_Wizard_Hat_B": {
		"base": [ "melvorF:Air_Adept_Wizard_Hat", "AoD4", "Update" ]
	},
	"melvorF:Air_Adept_Wizard_Robes": {
		"base": [ "Adept_Body", "2Air" ]
	},
	"melvorAoD:Air_Adept_Wizard_Robes_B": {
		"base": [ "melvorF:Air_Adept_Wizard_Robes", "AoD4", "Update" ]
	},
	"melvorF:Air_Adept_Wizard_Bottoms": {
		"base": [ "Adept_Legs", "2Air" ]
	},
	"melvorAoD:Air_Adept_Wizard_Bottoms_B": {
		"base": [ "melvorF:Air_Adept_Wizard_Bottoms", "AoD4", "Update" ]
	},
	"melvorF:Air_Adept_Wizard_Boots": {
		"base": [ "Adept_Boots", "2Air" ]
	},
	"melvorF:Water_Adept_Wizard_Hat": {
		"base": [ "Adept_Hat", "2Water" ]
	},
	"melvorAoD:Water_Adept_Wizard_Hat_B": {
		"base": [ "melvorF:Water_Adept_Wizard_Hat", "AoD4", "Update" ]
	},
	"melvorF:Water_Adept_Wizard_Robes": {
		"base": [ "Adept_Body", "2Water" ]
	},
	"melvorAoD:Water_Adept_Wizard_Robes_B": {
		"base": [ "melvorF:Water_Adept_Wizard_Robes", "AoD4", "Update" ]
	},
	"melvorF:Water_Adept_Wizard_Bottoms": {
		"base": [ "Adept_Legs", "2Water" ]
	},
	"melvorAoD:Water_Adept_Wizard_Bottoms_B": {
		"base": [ "melvorF:Water_Adept_Wizard_Bottoms", "AoD4", "Update" ]
	},
	"melvorF:Water_Adept_Wizard_Boots": {
		"base": [ "Adept_Boots", "2Water" ]
	},
	"melvorF:Earth_Adept_Wizard_Hat": {
		"base": [ "Adept_Hat", "2Earth" ]
	},
	"melvorAoD:Earth_Adept_Wizard_Hat_B": {
		"base": [ "melvorF:Earth_Adept_Wizard_Hat", "AoD4", "Update" ]
	},
	"melvorF:Earth_Adept_Wizard_Robes": {
		"base": [ "Adept_Body", "2Earth" ]
	},
	"melvorAoD:Earth_Adept_Wizard_Robes_B": {
		"base": [ "melvorF:Earth_Adept_Wizard_Robes", "AoD4", "Update" ]
	},
	"melvorF:Earth_Adept_Wizard_Bottoms": {
		"base": [ "Adept_Legs", "2Earth" ]
	},
	"melvorAoD:Earth_Adept_Wizard_Bottoms_B": {
		"base": [ "melvorF:Earth_Adept_Wizard_Bottoms", "AoD4", "Update" ]
	},
	"melvorF:Earth_Adept_Wizard_Boots": {
		"base": [ "Adept_Boots", "2Earth" ]
	},
	"melvorF:Fire_Adept_Wizard_Hat": {
		"base": [ "Adept_Hat", "2Fire" ]
	},
	"melvorAoD:Fire_Adept_Wizard_Hat_B": {
		"base": [ "melvorF:Fire_Adept_Wizard_Hat", "AoD4", "Update" ]
	},
	"melvorF:Fire_Adept_Wizard_Robes": {
		"base": [ "Adept_Body", "2Fire" ]
	},
	"melvorAoD:Fire_Adept_Wizard_Robes_B": {
		"base": [ "melvorF:Fire_Adept_Wizard_Robes", "AoD4", "Update" ]
	},
	"melvorF:Fire_Adept_Wizard_Bottoms": {
		"base": [ "Adept_Legs", "2Fire" ]
	},
	"melvorAoD:Fire_Adept_Wizard_Bottoms_B": {
		"base": [ "melvorF:Fire_Adept_Wizard_Bottoms", "AoD4", "Update" ]
	},
	"melvorF:Fire_Adept_Wizard_Boots": {
		"base": [ "Adept_Boots", "2Fire" ]
	},
	"melvorF:Air_Expert_Wizard_Hat": {
		"base": [ "Expert_Hat", "3Air" ]
	},
	"melvorAoD:Air_Expert_Wizard_Hat_B": {
		"base": [ "melvorF:Air_Expert_Wizard_Hat", "AoD7", "Update" ]
	},
	"melvorF:Air_Expert_Wizard_Robes": {
		"base": [ "Expert_Body", "3Air" ]
	},
	"melvorAoD:Air_Expert_Wizard_Robes_B": {
		"base": [ "melvorF:Air_Expert_Wizard_Robes", "AoD7", "Update" ]
	},
	"melvorF:Air_Expert_Wizard_Bottoms": {
		"base": [ "Expert_Legs", "3Air" ]
	},
	"melvorAoD:Air_Expert_Wizard_Bottoms_B": {
		"base": [ "melvorF:Air_Expert_Wizard_Bottoms", "AoD7", "Update" ]
	},
	"melvorF:Air_Expert_Wizard_Boots": {
		"base": [ "Expert_Boots", "3Air" ]
	},
	"melvorF:Water_Expert_Wizard_Hat": {
		"base": [ "Expert_Hat", "3Water" ]
	},
	"melvorAoD:Water_Expert_Wizard_Hat_B": {
		"base": [ "melvorF:Water_Expert_Wizard_Hat", "AoD7", "Update" ]
	},
	"melvorF:Water_Expert_Wizard_Robes": {
		"base": [ "Expert_Body", "3Water" ]
	},
	"melvorAoD:Water_Expert_Wizard_Robes_B": {
		"base": [ "melvorF:Water_Expert_Wizard_Robes", "AoD7", "Update" ]
	},
	"melvorF:Water_Expert_Wizard_Bottoms": {
		"base": [ "Expert_Legs", "3Water" ]
	},
	"melvorAoD:Water_Expert_Wizard_Bottoms_B": {
		"base": [ "melvorF:Water_Expert_Wizard_Bottoms", "AoD7", "Update" ]
	},
	"melvorF:Water_Expert_Wizard_Boots": {
		"base": [ "Expert_Boots", "3Water" ]
	},
	"melvorF:Earth_Expert_Wizard_Hat": {
		"base": [ "Expert_Hat", "3Earth" ]
	},
	"melvorAoD:Earth_Expert_Wizard_Hat_B": {
		"base": [ "melvorF:Earth_Expert_Wizard_Hat", "AoD7", "Update" ]
	},
	"melvorF:Earth_Expert_Wizard_Robes": {
		"base": [ "Expert_Body", "3Earth" ]
	},
	"melvorAoD:Earth_Expert_Wizard_Robes_B": {
		"base": [ "melvorF:Earth_Expert_Wizard_Robes", "AoD7", "Update" ]
	},
	"melvorF:Earth_Expert_Wizard_Bottoms": {
		"base": [ "Expert_Legs", "3Earth" ]
	},
	"melvorAoD:Earth_Expert_Wizard_Bottoms_B": {
		"base": [ "melvorF:Earth_Expert_Wizard_Bottoms", "AoD7", "Update" ]
	},
	"melvorF:Earth_Expert_Wizard_Boots": {
		"base": [ "Expert_Boots", "3Earth" ]
	},
	"melvorF:Fire_Expert_Wizard_Hat": {
		"base": [ "Expert_Hat", "3Fire" ]
	},
	"melvorAoD:Fire_Expert_Wizard_Hat_B": {
		"base": [ "melvorF:Fire_Expert_Wizard_Hat", "AoD7", "Update" ]
	},
	"melvorF:Fire_Expert_Wizard_Robes": {
		"base": [ "Expert_Body", "3Fire" ]
	},
	"melvorAoD:Fire_Expert_Wizard_Robes_B": {
		"base": [ "melvorF:Fire_Expert_Wizard_Robes", "AoD7", "Update" ]
	},
	"melvorF:Fire_Expert_Wizard_Bottoms": {
		"base": [ "Expert_Legs", "3Fire" ]
	},
	"melvorAoD:Fire_Expert_Wizard_Bottoms_B": {
		"base": [ "melvorF:Fire_Expert_Wizard_Bottoms", "AoD7", "Update" ]
	},
	"melvorF:Fire_Expert_Wizard_Boots": {
		"base": [ "Expert_Boots", "3Fire" ]
	},
	"melvorAoD:Unholy_Wizard_Robes": {
		"base": [ "Base", "7body" ],
		"5Uatkeffect": [3],
		"5Ucbeasy": [ "20unholy", 3 ],
		"5slayer": [ 40 ]
	},
	"melvorAoD:Cursed_Wizard_Robes": {
		"base": [ "melvorAoD:Unholy_Wizard_Robes", "Update" ],
		"5Nbarrier": [ 0, 20, 30 ],
		"5Usummon": [ 0, -10, 35 ],
		"5atkeffect": [ 0, 0, 50 ],
		"10atkeffect": [ 0, 0, 100 ]
	},
	"melvorTotH:Poison_Master_Wizard_Hat": {
		"base": "Master_Poison",
		"5spellcost": [ 0, 0, 0, -2, [ "", "melvorTotH:Archaic" ] ]
	},
	"melvorTotH:Poison_Master_Wizard_Robes": {
		"base": [ "Unholy3", "8body", "TotHD1" ]
	},
	"melvorTotH:Poison_Master_Wizard_Bottoms": {
		"base": [ "Unholy3", "8legs", "TotHD1" ]
	},
	"melvorTotH:Poison_Master_Wizard_Boots": {
		"base": "Master_Poison"
	},
	"melvorTotH:Poison_Legendary_Wizard_Hat": {
		"base": "Legendary_Poison",
		"5spellcost": [ 0, 0, 0, -4, [ "", "melvorTotH:Archaic" ] ]
	},
	"melvorTotH:Poison_Legendary_Wizard_Robes": {
		"base": [ "Unholy3", "9body", "TotHD1" ]
	},
	"melvorTotH:Poison_Legendary_Wizard_Bottoms": {
		"base": [ "Unholy3", "9legs", "TotHD1" ]
	},
	"melvorTotH:Poison_Legendary_Wizard_Boots": {
		"base": "Master_Poison"
	},
	"melvorTotH:Poison_Mythical_Wizard_Hat": {
		"base": "Mythical_Poison",
		"5spellcost": [ 0, 0, 0, -6, [ "", "melvorTotH:Archaic" ] ]
	},
	"melvorTotH:Poison_Mythical_Wizard_Robes": {
		"base": [ "Unholy4", "10body", "TotHD2" ]
	},
	"melvorTotH:Poison_Mythical_Wizard_Bottoms": {
		"base": [ "Unholy4", "10legs", "TotHD2" ]
	},
	"melvorTotH:Poison_Mythical_Wizard_Boots": {
		"base": "Mythical_Poison"
	},
	"melvorTotH:Infernal_Master_Wizard_Hat": {
		"base": "Master_Infernal",
		"5spellcost": [ 0, 0, 0, -2, [ "", "melvorTotH:Archaic" ] ]
	},
	"melvorTotH:Infernal_Master_Wizard_Robes": {
		"base": [ "Unholy3", "8body", "TotHD1" ]
	},
	"melvorTotH:Infernal_Master_Wizard_Bottoms": {
		"base": [ "Unholy3", "8legs", "TotHD1" ]
	},
	"melvorTotH:Infernal_Master_Wizard_Boots": {
		"base": "Master_Infernal"
	},
	"melvorTotH:Infernal_Legendary_Wizard_Hat": {
		"base": "Legendary_Infernal",
		"5spellcost": [ 0, 0, 0, -4, [ "", "melvorTotH:Archaic" ] ]
	},
	"melvorTotH:Infernal_Legendary_Wizard_Robes": {
		"base": [ "Unholy3", "9body", "TotHD1" ]
	},
	"melvorTotH:Infernal_Legendary_Wizard_Bottoms": {
		"base": [ "Unholy3", "9legs", "TotHD1" ]
	},
	"melvorTotH:Infernal_Legendary_Wizard_Boots": {
		"base": "Legendary_Infernal"
	},
	"melvorTotH:Infernal_Mythical_Wizard_Hat": {
		"base": "Mythical_Infernal",
		"5spellcost": [ 0, 0, 0, -6, [ "", "melvorTotH:Archaic" ] ]
	},
	"melvorTotH:Infernal_Mythical_Wizard_Robes": {
		"base": [ "Unholy4", "10body", "TotHD2" ]
	},
	"melvorTotH:Infernal_Mythical_Wizard_Bottoms": {
		"base": [ "Unholy4", "10legs", "TotHD2" ]
	},
	"melvorTotH:Infernal_Mythical_Wizard_Boots": {
		"base": "Mythical_Infernal"
	},
	"melvorTotH:Lightning_Master_Wizard_Hat": {
		"base": "Master_Lightning",
		"5spellcost": [ 0, 0, 0, -2, [ "", "melvorTotH:Archaic" ] ]
	},
	"melvorTotH:Lightning_Master_Wizard_Robes": {
		"base": [ "Unholy3", "8body", "TotHD1" ]
	},
	"melvorTotH:Lightning_Master_Wizard_Bottoms": {
		"base": [ "Unholy3", "8legs", "TotHD1" ]
	},
	"melvorTotH:Lightning_Master_Wizard_Boots": {
		"base": "Master_Lightning"
	},
	"melvorTotH:Lightning_Legendary_Wizard_Hat": {
		"base": "Legendary_Lightning",
		"5spellcost": [ 0, 0, 0, -4, [ "", "melvorTotH:Archaic" ] ]
	},
	"melvorTotH:Lightning_Legendary_Wizard_Robes": {
		"base": [ "Unholy3", "9body", "TotHD1" ]
	},
	"melvorTotH:Lightning_Legendary_Wizard_Bottoms": {
		"base": [ "Unholy3", "9legs", "TotHD1" ]
	},
	"melvorTotH:Lightning_Legendary_Wizard_Boots": {
		"base": "Legendary_Lightning"
	},
	"melvorTotH:Lightning_Mythical_Wizard_Hat": {
		"base": "Mythical_Lightning",
		"5spellcost": [ 0, 0, 0, -6, [ "", "melvorTotH:Archaic" ] ]
	},
	"melvorTotH:Lightning_Mythical_Wizard_Robes": {
		"base": [ "Unholy4", "10body", "TotHD2" ]
	},
	"melvorTotH:Lightning_Mythical_Wizard_Bottoms": {
		"base": [ "Unholy4", "10legs", "TotHD2" ]
	},
	"melvorTotH:Lightning_Mythical_Wizard_Boots": {
		"base": "Mythical_Lightning"
	},
	"melvorItA:Abyssal_Elite_Wizard_Hat": {
		"base": [ "Abyssal_Base", "Abyssal_Abyssal"],
		"5spellcost": [ 0, 0, 0, -2, [ "", "melvorItA:Abyssal" ] ]
	},
	"melvorItA:Abyssal_Elite_Wizard_Hat_U": {
		"base": [ "melvorItA:Abyssal_Elite_Wizard_Hat", "Update" ]
	},
	"melvorItA:Abyssal_Elite_Wizard_Robes": {
		"base": [ "Abyssal_Base", "bodyA"]
	},
	"melvorItA:Abyssal_Elite_Wizard_Robes_U": {
		"base": [ "melvorItA:Abyssal_Elite_Wizard_Robes", "Update" ]
	},
	"melvorItA:Abyssal_Elite_Wizard_Legs": {
		"base": [ "Abyssal_Base", "legsA"]
	},
	"melvorItA:Abyssal_Elite_Wizard_Legs_U": {
		"base": [ "melvorItA:Abyssal_Elite_Wizard_Legs", "Update" ]
	},
	"melvorItA:Abyssal_Elite_Wizard_Boots": {
		"base": [ "Abyssal_Base", "Abyssal_Abyssal"]
	},
	"melvorItA:Abyssal_Elite_Wizard_Boots_U": {
		"base": [ "melvorItA:Abyssal_Elite_Wizard_Boots", "Update" ]
	},
	"melvorItA:Abyssal_Master_Wizard_Hat": {
		"base": [ "Abyssal_Base", "2Abyssal_Abyssal"],
		"5spellcost": [ 0, 0, 0, -4, [ "", "melvorItA:Abyssal" ] ]
	},
	"melvorItA:Abyssal_Master_Wizard_Hat_U": {
		"base": [ "melvorItA:Abyssal_Master_Wizard_Hat", "Update" ]
	},
	"melvorItA:Abyssal_Master_Wizard_Robes": {
		"base": [ "Abyssal_Base", "2bodyA"]
	},
	"melvorItA:Abyssal_Master_Wizard_Robes_U": {
		"base": [ "melvorItA:Abyssal_Master_Wizard_Robes", "Update" ]
	},
	"melvorItA:Abyssal_Master_Wizard_Legs": {
		"base": [ "Abyssal_Base", "2legsA"]
	},
	"melvorItA:Abyssal_Master_Wizard_Legs_U": {
		"base": [ "melvorItA:Abyssal_Master_Wizard_Legs", "Update" ]
	},
	"melvorItA:Abyssal_Master_Wizard_Boots": {
		"base": [ "Abyssal_Base", "2Abyssal_Abyssal"]
	},
	"melvorItA:Abyssal_Master_Wizard_Boots_U": {
		"base": [ "melvorItA:Abyssal_Master_Wizard_Boots", "Update" ]
	},
	"melvorItA:Abyssal_Mystic_Wizard_Hat": {
		"base": [ "Abyssal_Base", "3Abyssal_Abyssal"],
		"5spellcost": [ 0, 0, 0, -6, [ "", "melvorItA:Abyssal" ] ]
	},
	"melvorItA:Abyssal_Mystic_Wizard_Hat_U": {
		"base": [ "melvorItA:Abyssal_Mystic_Wizard_Hat", "Update" ]
	},
	"melvorItA:Abyssal_Mystic_Wizard_Robes": {
		"base": [ "Abyssal_Base", "3bodyA"]
	},
	"melvorItA:Abyssal_Mystic_Wizard_Robes_U": {
		"base": [ "melvorItA:Abyssal_Mystic_Wizard_Robes", "Update" ]
	},
	"melvorItA:Abyssal_Mystic_Wizard_Legs": {
		"base": [ "Abyssal_Base", "3legsA"]
	},
	"melvorItA:Abyssal_Mystic_Wizard_Legs_U": {
		"base": [ "melvorItA:Abyssal_Mystic_Wizard_Legs", "Update" ]
	},
	"melvorItA:Abyssal_Mystic_Wizard_Boots": {
		"base": [ "Abyssal_Base", "3Abyssal_Abyssal"]
	},
	"melvorItA:Abyssal_Mystic_Wizard_Boots_U": {
		"base": [ "melvorItA:Abyssal_Mystic_Wizard_Boots", "Update" ]
	},
	"melvorItA:Abyssal_Legendary_Wizard_Hat": {
		"base": [ "Abyssal_Base", "4Abyssal_Abyssal"],
		"5spellcost": [ 0, 0, 0, -8, [ "", "melvorItA:Abyssal" ] ]
	},
	"melvorItA:Abyssal_Legendary_Wizard_Hat_U": {
		"base": [ "melvorItA:Abyssal_Legendary_Wizard_Hat", "Update" ]
	},
	"melvorItA:Abyssal_Legendary_Wizard_Robes": {
		"base": [ "Abyssal_Base", "4bodyA"]
	},
	"melvorItA:Abyssal_Legendary_Wizard_Robes_U": {
		"base": [ "melvorItA:Abyssal_Legendary_Wizard_Robes", "Update" ]
	},
	"melvorItA:Abyssal_Legendary_Wizard_Legs": {
		"base": [ "Abyssal_Base", "4legsA"]
	},
	"melvorItA:Abyssal_Legendary_Wizard_Legs_U": {
		"base": [ "melvorItA:Abyssal_Legendary_Wizard_Legs", "Update" ]
	},
	"melvorItA:Abyssal_Legendary_Wizard_Boots": {
		"base": [ "Abyssal_Base", "4Abyssal_Abyssal"]
	},
	"melvorItA:Abyssal_Legendary_Wizard_Boots_U": {
		"base": [ "melvorItA:Abyssal_Legendary_Wizard_Boots", "Update" ]
	},
	"melvorItA:Abyssal_Mythical_Wizard_Hat": {
		"base": [ "Abyssal_Base", "5Abyssal_Abyssal"],
		"5spellcost": [ 0, 0, 0, -10, [ "", "melvorItA:Abyssal" ] ]
	},
	"melvorItA:Abyssal_Mythical_Wizard_Hat_U": {
		"base": [ "melvorItA:Abyssal_Mythical_Wizard_Hat", "Update" ]
	},
	"melvorItA:Abyssal_Mythical_Wizard_Robes": {
		"base": [ "Abyssal_Base", "5bodyA"]
	},
	"melvorItA:Abyssal_Mythical_Wizard_Robes_U": {
		"base": [ "melvorItA:Abyssal_Mythical_Wizard_Robes", "Update" ]
	},
	"melvorItA:Abyssal_Mythical_Wizard_Legs": {
		"base": [ "Abyssal_Base", "5legsA"]
	},
	"melvorItA:Abyssal_Mythical_Wizard_Legs_U": {
		"base": [ "melvorItA:Abyssal_Mythical_Wizard_Legs", "Update" ]
	},
	"melvorItA:Abyssal_Mythical_Wizard_Boots": {
		"base": [ "Abyssal_Base", "5Abyssal_Abyssal"]
	},
	"melvorItA:Abyssal_Mythical_Wizard_Boots_U": {
		"base": [ "melvorItA:Abyssal_Mythical_Wizard_Boots", "Update" ]
	},
	"melvorItA:Brume_Master_Wizard_Hat": {
		"base": [ "Abyssal_Base", "2Abyssal_Brume"],
		"5spellcost": [ 0, 0, 0, -4, [ "", "melvorItA:Abyssal" ] ]
	},
	"melvorItA:Brume_Master_Wizard_Hat_U": {
		"base": [ "melvorItA:Brume_Master_Wizard_Hat", "Update" ]
	},
	"melvorItA:Brume_Master_Wizard_Robes": {
		"base": [ "Abyssal_Base", "2bodyA"]
	},
	"melvorItA:Brume_Master_Wizard_Robes_U": {
		"base": [ "melvorItA:Brume_Master_Wizard_Robes", "Update" ]
	},
	"melvorItA:Brume_Master_Wizard_Legs": {
		"base": [ "Abyssal_Base", "2legsA"]
	},
	"melvorItA:Brume_Master_Wizard_Legs_U": {
		"base": [ "melvorItA:Brume_Master_Wizard_Legs", "Update" ]
	},
	"melvorItA:Brume_Master_Wizard_Boots": {
		"base": [ "Abyssal_Base", "2Abyssal_Brume"]
	},
	"melvorItA:Brume_Master_Wizard_Boots_U": {
		"base": [ "melvorItA:Brume_Master_Wizard_Boots", "Update" ]
	},
	"melvorItA:Brume_Mystic_Wizard_Hat": {
		"base": [ "Abyssal_Base", "3Abyssal_Brume"],
		"5spellcost": [ 0, 0, 0, -6, [ "", "melvorItA:Abyssal" ] ]
	},
	"melvorItA:Brume_Mystic_Wizard_Hat_U": {
		"base": [ "melvorItA:Brume_Mystic_Wizard_Hat", "Update" ]
	},
	"melvorItA:Brume_Mystic_Wizard_Robes": {
		"base": [ "Abyssal_Base", "3bodyA"]
	},
	"melvorItA:Brume_Mystic_Wizard_Robes_U": {
		"base": [ "melvorItA:Brume_Mystic_Wizard_Robes", "Update" ]
	},
	"melvorItA:Brume_Mystic_Wizard_Legs": {
		"base": [ "Abyssal_Base", "3legsA"]
	},
	"melvorItA:Brume_Mystic_Wizard_Legs_U": {
		"base": [ "melvorItA:Brume_Mystic_Wizard_Legs", "Update" ]
	},
	"melvorItA:Brume_Mystic_Wizard_Boots": {
		"base": [ "Abyssal_Base", "3Abyssal_Brume"]
	},
	"melvorItA:Brume_Mystic_Wizard_Boots_U": {
		"base": [ "melvorItA:Brume_Mystic_Wizard_Boots", "Update" ]
	},
	"melvorItA:Brume_Legendary_Wizard_Hat": {
		"base": [ "Abyssal_Base", "4Abyssal_Brume"],
		"5spellcost": [ 0, 0, 0, -8, [ "", "melvorItA:Abyssal" ] ]
	},
	"melvorItA:Brume_Legendary_Wizard_Hat_U": {
		"base": [ "melvorItA:Brume_Legendary_Wizard_Hat", "Update" ]
	},
	"melvorItA:Brume_Legendary_Wizard_Robes": {
		"base": [ "Abyssal_Base", "4bodyA"]
	},
	"melvorItA:Brume_Legendary_Wizard_Robes_U": {
		"base": [ "melvorItA:Brume_Legendary_Wizard_Robes", "Update" ]
	},
	"melvorItA:Brume_Legendary_Wizard_Legs": {
		"base": [ "Abyssal_Base", "4legsA"]
	},
	"melvorItA:Brume_Legendary_Wizard_Legs_U": {
		"base": [ "melvorItA:Brume_Legendary_Wizard_Legs", "Update" ]
	},
	"melvorItA:Brume_Legendary_Wizard_Boots": {
		"base": [ "Abyssal_Base", "4Abyssal_Brume"]
	},
	"melvorItA:Brume_Legendary_Wizard_Boots_U": {
		"base": [ "melvorItA:Brume_Legendary_Wizard_Boots", "Update" ]
	},
	"melvorItA:Brume_Mythical_Wizard_Hat": {
		"base": [ "Abyssal_Base", "5Abyssal_Brume"],
		"5spellcost": [ 0, 0, 0, -10, [ "", "melvorItA:Abyssal" ] ]
	},
	"melvorItA:Brume_Mythical_Wizard_Hat_U": {
		"base": [ "melvorItA:Brume_Mythical_Wizard_Hat", "Update" ]
	},
	"melvorItA:Brume_Mythical_Wizard_Robes": {
		"base": [ "Abyssal_Base", "5bodyA"]
	},
	"melvorItA:Brume_Mythical_Wizard_Robes_U": {
		"base": [ "melvorItA:Brume_Mythical_Wizard_Robes", "Update" ]
	},
	"melvorItA:Brume_Mythical_Wizard_Legs": {
		"base": [ "Abyssal_Base", "5legsA" ]
	},
	"melvorItA:Brume_Mythical_Wizard_Legs_U": {
		"base": [ "melvorItA:Brume_Mythical_Wizard_Legs", "Update" ]
	},
	"melvorItA:Brume_Mythical_Wizard_Boots": {
		"base": [ "Abyssal_Base", "5Abyssal_Brume"]
	},
	"melvorItA:Brume_Mythical_Wizard_Boots_U": {
		"base": [ "melvorItA:Brume_Mythical_Wizard_Boots", "Update" ]
	},
	"melvorItA:Gloom_Mystic_Wizard_Hat": {
		"base": [ "Abyssal_Base", "3Abyssal_Gloom"],
		"5spellcost": [ 0, 0, 0, -6, [ "", "melvorItA:Abyssal" ] ]
	},
	"melvorItA:Gloom_Mystic_Wizard_Hat_U": {
		"base": [ "melvorItA:Gloom_Mystic_Wizard_Hat", "Update" ]
	},
	"melvorItA:Gloom_Mystic_Wizard_Robes": {
		"base": [ "Abyssal_Base", "3bodyA"]
	},
	"melvorItA:Gloom_Mystic_Wizard_Robes_U": {
		"base": [ "melvorItA:Gloom_Mystic_Wizard_Robes", "Update" ]
	},
	"melvorItA:Gloom_Mystic_Wizard_Legs": {
		"base": [ "Abyssal_Base", "3legsA" ]
	},
	"melvorItA:Gloom_Mystic_Wizard_Legs_U": {
		"base": [ "melvorItA:Gloom_Mystic_Wizard_Legs", "Update" ]
	},
	"melvorItA:Gloom_Mystic_Wizard_Boots": {
		"base": [ "Abyssal_Base", "3Abyssal_Gloom"]
	},
	"melvorItA:Gloom_Mystic_Wizard_Boots_U": {
		"base": [ "melvorItA:Gloom_Mystic_Wizard_Boots", "Update" ]
	},
	"melvorItA:Gloom_Legendary_Wizard_Hat": {
		"base": [ "Abyssal_Base", "4Abyssal_Gloom"],
		"5spellcost": [ 0, 0, 0, -8, [ "", "melvorItA:Abyssal" ] ]
	},
	"melvorItA:Gloom_Legendary_Wizard_Hat_U": {
		"base": [ "melvorItA:Gloom_Legendary_Wizard_Hat", "Update" ]
	},
	"melvorItA:Gloom_Legendary_Wizard_Robes": {
		"base": [ "Abyssal_Base", "4bodyA"]
	},
	"melvorItA:Gloom_Legendary_Wizard_Robes_U": {
		"base": [ "melvorItA:Gloom_Legendary_Wizard_Robes", "Update" ]
	},
	"melvorItA:Gloom_Legendary_Wizard_Legs": {
		"base": [ "Abyssal_Base", "4legsA" ]
	},
	"melvorItA:Gloom_Legendary_Wizard_Legs_U": {
		"base": [ "melvorItA:Gloom_Legendary_Wizard_Legs", "Update" ]
	},
	"melvorItA:Gloom_Legendary_Wizard_Boots": {
		"base": [ "Abyssal_Base", "4Abyssal_Gloom"]
	},
	"melvorItA:Gloom_Legendary_Wizard_Boots_U": {
		"base": [ "melvorItA:Gloom_Legendary_Wizard_Boots", "Update" ]
	},
	"melvorItA:Gloom_Mythical_Wizard_Hat": {
		"base": [ "Abyssal_Base", "5Abyssal_Gloom"],
		"5spellcost": [ 0, 0, 0, -10, [ "", "melvorItA:Abyssal" ] ]
	},
	"melvorItA:Gloom_Mythical_Wizard_Hat_U": {
		"base": [ "melvorItA:Gloom_Mythical_Wizard_Hat", "Update" ]
	},
	"melvorItA:Gloom_Mythical_Wizard_Robes": {
		"base": [ "Abyssal_Base", "5bodyA"]
	},
	"melvorItA:Gloom_Mythical_Wizard_Robes_U": {
		"base": [ "melvorItA:Gloom_Mythical_Wizard_Robes", "Update" ]
	},
	"melvorItA:Gloom_Mythical_Wizard_Legs": {
		"base": [ "Abyssal_Base", "5legsA" ]
	},
	"melvorItA:Gloom_Mythical_Wizard_Legs_U": {
		"base": [ "melvorItA:Gloom_Mythical_Wizard_Legs", "Update" ]
	},
	"melvorItA:Gloom_Mythical_Wizard_Boots": {
		"base": [ "Abyssal_Base", "5Abyssal_Gloom"]
	},
	"melvorItA:Gloom_Mythical_Wizard_Boots_U": {
		"base": [ "melvorItA:Gloom_Mythical_Wizard_Boots", "Update" ]
	},
	"melvorItA:Wither_Legendary_Wizard_Hat": {
		"base": [ "Abyssal_Base", "4Abyssal_Wither"],
		"5spellcost": [ 0, 0, 0, -8, [ "", "melvorItA:Abyssal" ] ]
	},
	"melvorItA:Wither_Legendary_Wizard_Hat_U": {
		"base": [ "melvorItA:Wither_Legendary_Wizard_Hat", "Update" ]
	},
	"melvorItA:Wither_Legendary_Wizard_Robes": {
		"base": [ "Abyssal_Base", "4bodyA"]
	},
	"melvorItA:Wither_Legendary_Wizard_Robes_U": {
		"base": [ "melvorItA:Wither_Legendary_Wizard_Robes", "Update" ]
	},
	"melvorItA:Wither_Legendary_Wizard_Legs": {
		"base": [ "Abyssal_Base", "4legsA" ]
	},
	"melvorItA:Wither_Legendary_Wizard_Legs_U": {
		"base": [ "melvorItA:Wither_Legendary_Wizard_Legs", "Update" ]
	},
	"melvorItA:Wither_Legendary_Wizard_Boots": {
		"base": [ "Abyssal_Base", "4Abyssal_Wither"]
	},
	"melvorItA:Wither_Legendary_Wizard_Boots_U": {
		"base": [ "melvorItA:Wither_Legendary_Wizard_Boots", "Update" ]
	},
	"melvorItA:Wither_Mythical_Wizard_Hat": {
		"base": [ "Abyssal_Base", "5Abyssal_Wither"],
		"5spellcost": [ 0, 0, 0, -10, [ "", "melvorItA:Abyssal" ] ]
	},
	"melvorItA:Wither_Mythical_Wizard_Hat_U": {
		"base": [ "melvorItA:Wither_Mythical_Wizard_Hat", "Update" ]
	},
	"melvorItA:Wither_Mythical_Wizard_Robes": {
		"base": [ "Abyssal_Base", "5bodyA"]
	},
	"melvorItA:Wither_Mythical_Wizard_Robes_U": {
		"base": [ "melvorItA:Wither_Mythical_Wizard_Robes", "Update" ]
	},
	"melvorItA:Wither_Mythical_Wizard_Legs": {
		"base": [ "Abyssal_Base", "5legsA"]
	},
	"melvorItA:Wither_Mythical_Wizard_Legs_U": {
		"base": [ "melvorItA:Wither_Mythical_Wizard_Legs", "Update" ]
	},
	"melvorItA:Wither_Mythical_Wizard_Boots": {
		"base": [ "Abyssal_Base", "5Abyssal_Wither"]
	},
	"melvorItA:Wither_Mythical_Wizard_Boots_U": {
		"base": [ "melvorItA:Wither_Mythical_Wizard_Boots", "Update" ]
	},
	"melvorItA:Nether_Mythical_Wizard_Hat": {
		"base": [ "Abyssal_Base", "5Abyssal_Nether"],
		"5spellcost": [ 0, 0, 0, -10, [ "", "melvorItA:Abyssal" ] ]
	},
	"melvorItA:Nether_Mythical_Wizard_Hat_U": {
		"base": [ "melvorItA:Nether_Mythical_Wizard_Hat", "Update" ]
	},
	"melvorItA:Nether_Mythical_Wizard_Robes": {
		"base": [ "Abyssal_Base", "5bodyA"]
	},
	"melvorItA:Nether_Mythical_Wizard_Robes_U": {
		"base": [ "melvorItA:Nether_Mythical_Wizard_Robes", "Update" ]
	},
	"melvorItA:Nether_Mythical_Wizard_Legs": {
		"base": [ "Abyssal_Base", "5legsA" ]
	},
	"melvorItA:Nether_Mythical_Wizard_Legs_U": {
		"base": [ "melvorItA:Nether_Mythical_Wizard_Legs", "Update" ]
	},
	"melvorItA:Nether_Mythical_Wizard_Boots": {
		"base": [ "Abyssal_Base", "5Abyssal_Nether"]
	},
	"melvorItA:Nether_Mythical_Wizard_Boots_U": {
		"base": [ "melvorItA:Nether_Mythical_Wizard_Boots", "Update" ]
	},
	"melvorItA:Eternity_Staff_Uncharged": {}
}
