{
	"melvorF:Staff_of_Air":["melvorF:Staff_of_Air"],
	"melvorF:Staff_of_Water":["melvorF:Staff_of_Water"],
	"melvorF:Staff_of_Earth":["melvorF:Staff_of_Earth"],
	"melvorF:Staff_of_Fire":["melvorF:Staff_of_Fire"],
	"melvorF:Air_Battlestaff":["melvorD:Air_Battlestaff"],
	"melvorF:Water_Battlestaff":["melvorD:Water_Battlestaff"],
	"melvorF:Earth_Battlestaff":["melvorD:Earth_Battlestaff"],
	"melvorF:Fire_Battlestaff":["melvorD:Fire_Battlestaff"],
	"melvorF:Mystic_Air_Staff":["melvorD:Mystic_Air_Staff"],
	"melvorF:Mystic_Water_Staff":["melvorF:Mystic_Water_Staff"],
	"melvorF:Mystic_Earth_Staff":["melvorF:Mystic_Earth_Staff"],
	"melvorF:Mystic_Fire_Staff":["melvorF:Mystic_Fire_Staff"],
	"melvorF:Air_Acolyte_Wizard_Hat": [ "melvorF:Air_Acolyte_Wizard_Hat", "melvorAoD:Air_Acolyte_Wizard_Hat_B"],
	"melvorF:Air_Acolyte_Wizard_Robes":["melvorF:Air_Acolyte_Wizard_Robes","melvorAoD:Air_Acolyte_Wizard_Robes_B"],
	"melvorF:Air_Acolyte_Wizard_Bottoms":["melvorF:Air_Acolyte_Wizard_Bottoms","melvorAoD:Air_Acolyte_Wizard_Bottoms_B"],
	"melvorF:Air_Acolyte_Wizard_Boots":["melvorF:Air_Acolyte_Wizard_Boots"],
	"melvorF:Water_Acolyte_Wizard_Hat":["melvorF:Water_Acolyte_Wizard_Hat", "melvorAoD:Water_Acolyte_Wizard_Hat_B"],
	"melvorF:Water_Acolyte_Wizard_Robes":["melvorF:Water_Acolyte_Wizard_Robes","melvorAoD:Water_Acolyte_Wizard_Robes_B"],
	"melvorF:Water_Acolyte_Wizard_Bottoms":["melvorF:Water_Acolyte_Wizard_Bottoms","melvorAoD:Water_Acolyte_Wizard_Bottoms_B"],
	"melvorF:Water_Acolyte_Wizard_Boots":["melvorF:Water_Acolyte_Wizard_Boots"],
	"melvorF:Earth_Acolyte_Wizard_Hat":["melvorF:Earth_Acolyte_Wizard_Hat", "melvorAoD:Earth_Acolyte_Wizard_Hat_B"],
	"melvorF:Earth_Acolyte_Wizard_Robes":["melvorF:Earth_Acolyte_Wizard_Robes","melvorAoD:Earth_Acolyte_Wizard_Robes_B"],
	"melvorF:Earth_Acolyte_Wizard_Bottoms":["melvorF:Earth_Acolyte_Wizard_Bottoms","melvorAoD:Earth_Acolyte_Wizard_Bottoms_B"],
	"melvorF:Earth_Acolyte_Wizard_Boots":["melvorF:Earth_Acolyte_Wizard_Boots"],
	"melvorF:Fire_Acolyte_Wizard_Hat":["melvorF:Fire_Acolyte_Wizard_Hat", "melvorAoD:Fire_Acolyte_Wizard_Hat_B"],
	"melvorF:Fire_Acolyte_Wizard_Robes":["melvorF:Fire_Acolyte_Wizard_Robes","melvorAoD:Fire_Acolyte_Wizard_Robes_B"],
	"melvorF:Fire_Acolyte_Wizard_Bottoms":["melvorF:Fire_Acolyte_Wizard_Bottoms","melvorAoD:Fire_Acolyte_Wizard_Bottoms_B"],
	"melvorF:Fire_Acolyte_Wizard_Boots":["melvorF:Fire_Acolyte_Wizard_Boots"],
	"melvorF:Air_Adept_Wizard_Hat":["melvorF:Air_Adept_Wizard_Hat","melvorAoD:Air_Adept_Wizard_Hat_B"],
	"melvorF:Air_Adept_Wizard_Robes":["melvorF:Air_Adept_Wizard_Robes","melvorAoD:Air_Adept_Wizard_Robes_B"],
	"melvorF:Air_Adept_Wizard_Bottoms":["melvorF:Air_Adept_Wizard_Bottoms","melvorAoD:Air_Adept_Wizard_Bottoms_B"],
	"melvorF:Air_Adept_Wizard_Boots":["melvorF:Air_Adept_Wizard_Boots"],
	"melvorF:Water_Adept_Wizard_Hat":["melvorF:Water_Adept_Wizard_Hat","melvorAoD:Water_Adept_Wizard_Hat_B"],
	"melvorF:Water_Adept_Wizard_Robes":["melvorF:Water_Adept_Wizard_Robes","melvorAoD:Water_Adept_Wizard_Robes_B"],
	"melvorF:Water_Adept_Wizard_Bottoms":["melvorF:Water_Adept_Wizard_Bottoms","melvorAoD:Water_Adept_Wizard_Bottoms_B"],
	"melvorF:Water_Adept_Wizard_Boots":["melvorF:Water_Adept_Wizard_Boots"],
	"melvorF:Earth_Adept_Wizard_Hat":["melvorF:Earth_Adept_Wizard_Hat","melvorAoD:Earth_Adept_Wizard_Hat_B"],
	"melvorF:Earth_Adept_Wizard_Robes":["melvorF:Earth_Adept_Wizard_Robes","melvorAoD:Earth_Adept_Wizard_Robes_B"],
	"melvorF:Earth_Adept_Wizard_Bottoms":["melvorF:Earth_Adept_Wizard_Bottoms","melvorAoD:Earth_Adept_Wizard_Bottoms_B"],
	"melvorF:Earth_Adept_Wizard_Boots":["melvorF:Earth_Adept_Wizard_Boots"],
	"melvorF:Fire_Adept_Wizard_Hat":["melvorF:Fire_Adept_Wizard_Hat","melvorAoD:Fire_Adept_Wizard_Hat_B"],
	"melvorF:Fire_Adept_Wizard_Robes":["melvorF:Fire_Adept_Wizard_Robes","melvorAoD:Fire_Adept_Wizard_Robes_B"],
	"melvorF:Fire_Adept_Wizard_Bottoms":["melvorF:Fire_Adept_Wizard_Bottoms","melvorAoD:Fire_Adept_Wizard_Bottoms_B"],
	"melvorF:Fire_Adept_Wizard_Boots":["melvorF:Fire_Adept_Wizard_Boots"],
	"melvorF:Air_Expert_Wizard_Hat":["melvorF:Air_Expert_Wizard_Hat","melvorAoD:Air_Expert_Wizard_Hat_B"],
	"melvorF:Air_Expert_Wizard_Robes":["melvorF:Air_Expert_Wizard_Robes","melvorAoD:Air_Expert_Wizard_Robes_B"],
	"melvorF:Air_Expert_Wizard_Bottoms":["melvorF:Air_Expert_Wizard_Bottoms","melvorAoD:Air_Expert_Wizard_Bottoms_B"],
	"melvorF:Air_Expert_Wizard_Boots":["melvorF:Air_Expert_Wizard_Boots"],
	"melvorF:Water_Expert_Wizard_Hat":["melvorF:Water_Expert_Wizard_Hat","melvorAoD:Water_Expert_Wizard_Hat_B"],
	"melvorF:Water_Expert_Wizard_Robes":["melvorF:Water_Expert_Wizard_Robes","melvorAoD:Water_Expert_Wizard_Robes_B"],
	"melvorF:Water_Expert_Wizard_Bottoms":["melvorF:Water_Expert_Wizard_Bottoms","melvorAoD:Water_Expert_Wizard_Bottoms_B"],
	"melvorF:Water_Expert_Wizard_Boots":["melvorF:Water_Expert_Wizard_Boots"],
	"melvorF:Earth_Expert_Wizard_Hat":["melvorF:Earth_Expert_Wizard_Hat","melvorAoD:Earth_Expert_Wizard_Hat_B"],
	"melvorF:Earth_Expert_Wizard_Robes":["melvorF:Earth_Expert_Wizard_Robes","melvorAoD:Earth_Expert_Wizard_Robes_B"],
	"melvorF:Earth_Expert_Wizard_Bottoms":["melvorF:Earth_Expert_Wizard_Bottoms","melvorAoD:Earth_Expert_Wizard_Bottoms_B"],
	"melvorF:Earth_Expert_Wizard_Boots":["melvorF:Earth_Expert_Wizard_Boots"],
	"melvorF:Fire_Expert_Wizard_Hat":["melvorF:Fire_Expert_Wizard_Hat","melvorAoD:Fire_Expert_Wizard_Hat_B"],
	"melvorF:Fire_Expert_Wizard_Robes":["melvorF:Fire_Expert_Wizard_Robes","melvorAoD:Fire_Expert_Wizard_Robes_B"],
	"melvorF:Fire_Expert_Wizard_Bottoms":["melvorF:Fire_Expert_Wizard_Bottoms","melvorAoD:Fire_Expert_Wizard_Bottoms_B"],
	"melvorF:Fire_Expert_Wizard_Boots":["melvorF:Fire_Expert_Wizard_Boots"],
	"melvorF:Air_Imbued_Wand":["melvorF:Air_Imbued_Wand"],
	"melvorF:Water_Imbued_Wand":["melvorF:Water_Imbued_Wand"],
	"melvorF:Earth_Imbued_Wand":["melvorF:Earth_Imbued_Wand"],
	"melvorF:Fire_Imbued_Wand":["melvorF:Fire_Imbued_Wand"],
	"melvorTotH:Poison_Master_Wizard_Hat":["melvorTotH:Poison_Master_Wizard_Hat"],
	"melvorTotH:Poison_Master_Wizard_Robes":["melvorTotH:Poison_Master_Wizard_Robes"],
	"melvorTotH:Poison_Master_Wizard_Bottoms":["melvorTotH:Poison_Master_Wizard_Bottoms"],
	"melvorTotH:Poison_Master_Wizard_Boots":["melvorTotH:Poison_Master_Wizard_Boots"],
	"melvorTotH:Infernal_Master_Wizard_Hat":["melvorTotH:Infernal_Master_Wizard_Hat"],
	"melvorTotH:Infernal_Master_Wizard_Robes":["melvorTotH:Infernal_Master_Wizard_Robes"],
	"melvorTotH:Infernal_Master_Wizard_Bottoms":["melvorTotH:Infernal_Master_Wizard_Bottoms"],
	"melvorTotH:Infernal_Master_Wizard_Boots":["melvorTotH:Infernal_Master_Wizard_Boots"],
	"melvorTotH:Lightning_Master_Wizard_Hat":["melvorTotH:Lightning_Master_Wizard_Hat"],
	"melvorTotH:Lightning_Master_Wizard_Robes":["melvorTotH:Lightning_Master_Wizard_Robes"],
	"melvorTotH:Lightning_Master_Wizard_Bottoms":["melvorTotH:Lightning_Master_Wizard_Bottoms"],
	"melvorTotH:Lightning_Master_Wizard_Boots":["melvorTotH:Lightning_Master_Wizard_Boots"],
	"melvorTotH:Poison_Legendary_Wizard_Hat":["melvorTotH:Poison_Legendary_Wizard_Hat"],
	"melvorTotH:Poison_Legendary_Wizard_Robes":["melvorTotH:Poison_Legendary_Wizard_Robes"],
	"melvorTotH:Poison_Legendary_Wizard_Bottoms":["melvorTotH:Poison_Legendary_Wizard_Bottoms"],
	"melvorTotH:Poison_Legendary_Wizard_Boots":["melvorTotH:Poison_Legendary_Wizard_Boots"],
	"melvorTotH:Infernal_Legendary_Wizard_Hat":["melvorTotH:Infernal_Legendary_Wizard_Hat"],
	"melvorTotH:Infernal_Legendary_Wizard_Robes":["melvorTotH:Infernal_Legendary_Wizard_Robes"],
	"melvorTotH:Infernal_Legendary_Wizard_Bottoms":["melvorTotH:Infernal_Legendary_Wizard_Bottoms"],
	"melvorTotH:Infernal_Legendary_Wizard_Boots":["melvorTotH:Infernal_Legendary_Wizard_Boots"],
	"melvorTotH:Lightning_Legendary_Wizard_Hat":["melvorTotH:Lightning_Legendary_Wizard_Hat"],
	"melvorTotH:Lightning_Legendary_Wizard_Robes":["melvorTotH:Lightning_Legendary_Wizard_Robes"],
	"melvorTotH:Lightning_Legendary_Wizard_Bottoms":["melvorTotH:Lightning_Legendary_Wizard_Bottoms"],
	"melvorTotH:Lightning_Legendary_Wizard_Boots":["melvorTotH:Lightning_Legendary_Wizard_Boots"],
	"melvorTotH:Poison_Mythical_Wizard_Hat":["melvorTotH:Poison_Mythical_Wizard_Hat"],
	"melvorTotH:Poison_Mythical_Wizard_Robes":["melvorTotH:Poison_Mythical_Wizard_Robes"],
	"melvorTotH:Poison_Mythical_Wizard_Bottoms":["melvorTotH:Poison_Mythical_Wizard_Bottoms"],
	"melvorTotH:Poison_Mythical_Wizard_Boots":["melvorTotH:Poison_Mythical_Wizard_Boots"],
	"melvorTotH:Infernal_Mythical_Wizard_Hat":["melvorTotH:Infernal_Mythical_Wizard_Hat"],
	"melvorTotH:Infernal_Mythical_Wizard_Robes":["melvorTotH:Infernal_Mythical_Wizard_Robes"],
	"melvorTotH:Infernal_Mythical_Wizard_Bottoms":["melvorTotH:Infernal_Mythical_Wizard_Bottoms"],
	"melvorTotH:Infernal_Mythical_Wizard_Boots":["melvorTotH:Infernal_Mythical_Wizard_Boots"],
	"melvorTotH:Lightning_Mythical_Wizard_Hat":["melvorTotH:Lightning_Mythical_Wizard_Hat"],
	"melvorTotH:Lightning_Mythical_Wizard_Robes":["melvorTotH:Lightning_Mythical_Wizard_Robes"],
	"melvorTotH:Lightning_Mythical_Wizard_Bottoms":["melvorTotH:Lightning_Mythical_Wizard_Bottoms"],
	"melvorTotH:Lightning_Mythical_Wizard_Boots":["melvorTotH:Lightning_Mythical_Wizard_Boots"],
	"melvorTotH:Poison_Staff":["melvorTotH:Poison_Staff"],
	"melvorTotH:Infernal_Staff":["melvorTotH:Infernal_Staff"],
	"melvorTotH:Lightning_Staff":["melvorTotH:Lightning_Staff"],
	"melvorTotH:Meteorite_Staff":["melvorTotH:Meteorite_Staff"],
	"melvorTotH:Despair_Wand":["melvorTotH:Despair_Wand"],
	"melvorTotH:Archaic_Wand":["melvorTotH:Archaic_Wand"],
	"melvorTotH:Calamity_Wand":["melvorTotH:Calamity_Wand"],
	"melvorAoD:Unholy_Wizard_Robes": [ "melvorAoD:Unholy_Wizard_Robes", "melvorAoD:Cursed_Wizard_Robes" ],
	"melvorAoD:Unholy_Staff": [ "melvorAoD:Unholy_Staff", "melvorAoD:Cursed_Staff" ],
	"melvorAoD:Crystal_Battlestaff":["melvorAoD:Crystal_Battlestaff"],
	"melvorAoD:Mystic_Pure_Crystal_Staff":["melvorAoD:Mystic_Pure_Crystal_Staff"],
	"melvorItA:Abyssal_Staff": [ "melvorItA:Abyssal_Staff", "melvorItA:Lacerating_Staff" ],
	"melvorItA:Abyssal_Wand":["melvorItA:Abyssal_Wand"],
	"melvorItA:Brume_Staff":["melvorItA:Brume_Staff"],
	"melvorItA:Brume_Wand": [ "melvorItA:Brume_Wand", "melvorItA:Toxic_Fumes_Wand" ],
	"melvorItA:Gloom_Staff":["melvorItA:Gloom_Staff"],
	"melvorItA:Gloom_Wand":["melvorItA:Gloom_Wand"],
	"melvorItA:Wither_Staff":["melvorItA:Wither_Staff"],
	"melvorItA:Wither_Wand":["melvorItA:Wither_Wand"],
	"melvorItA:Nether_Staff":["melvorItA:Nether_Staff"],
	"melvorItA:Nether_Wand":["melvorItA:Nether_Wand"],
	"melvorItA:Desolation_Wand":["melvorItA:Desolation_Wand"],
	"melvorItA:Cataclysm_Wand":["melvorItA:Cataclysm_Wand"],
	"melvorItA:Abyssal_Elite_Wizard_Hat":["melvorItA:Abyssal_Elite_Wizard_Hat","melvorItA:Abyssal_Elite_Wizard_Hat_U"],
	"melvorItA:Abyssal_Elite_Wizard_Boots":["melvorItA:Abyssal_Elite_Wizard_Boots","melvorItA:Abyssal_Elite_Wizard_Boots_U"],
	"melvorItA:Abyssal_Elite_Wizard_Legs":["melvorItA:Abyssal_Elite_Wizard_Legs","melvorItA:Abyssal_Elite_Wizard_Legs_U"],
	"melvorItA:Abyssal_Elite_Wizard_Robes":["melvorItA:Abyssal_Elite_Wizard_Robes","melvorItA:Abyssal_Elite_Wizard_Robes_U"],
	"melvorItA:Abyssal_Master_Wizard_Hat":["melvorItA:Abyssal_Master_Wizard_Hat","melvorItA:Abyssal_Master_Wizard_Hat_U"],
	"melvorItA:Brume_Master_Wizard_Hat":["melvorItA:Brume_Master_Wizard_Hat","melvorItA:Brume_Master_Wizard_Hat_U"],
	"melvorItA:Abyssal_Master_Wizard_Boots":["melvorItA:Abyssal_Master_Wizard_Boots","melvorItA:Abyssal_Master_Wizard_Boots_U"],
	"melvorItA:Brume_Master_Wizard_Boots":["melvorItA:Brume_Master_Wizard_Boots","melvorItA:Brume_Master_Wizard_Boots_U"],
	"melvorItA:Abyssal_Master_Wizard_Legs":["melvorItA:Abyssal_Master_Wizard_Legs","melvorItA:Abyssal_Master_Wizard_Legs_U"],
	"melvorItA:Brume_Master_Wizard_Legs":["melvorItA:Brume_Master_Wizard_Legs","melvorItA:Brume_Master_Wizard_Legs_U"],
	"melvorItA:Abyssal_Master_Wizard_Robes":["melvorItA:Abyssal_Master_Wizard_Robes","melvorItA:Abyssal_Master_Wizard_Robes_U"],
	"melvorItA:Brume_Master_Wizard_Robes":["melvorItA:Brume_Master_Wizard_Robes","melvorItA:Brume_Master_Wizard_Robes_U"],
	"melvorItA:Abyssal_Mystic_Wizard_Hat":["melvorItA:Abyssal_Mystic_Wizard_Hat","melvorItA:Abyssal_Mystic_Wizard_Hat_U"],
	"melvorItA:Brume_Mystic_Wizard_Hat":["melvorItA:Brume_Mystic_Wizard_Hat","melvorItA:Brume_Mystic_Wizard_Hat_U"],
	"melvorItA:Abyssal_Mystic_Wizard_Boots":["melvorItA:Abyssal_Mystic_Wizard_Boots","melvorItA:Abyssal_Mystic_Wizard_Boots_U"],
	"melvorItA:Gloom_Mystic_Wizard_Hat":["melvorItA:Gloom_Mystic_Wizard_Hat","melvorItA:Gloom_Mystic_Wizard_Hat_U"],
	"melvorItA:Brume_Mystic_Wizard_Boots":["melvorItA:Brume_Mystic_Wizard_Boots","melvorItA:Brume_Mystic_Wizard_Boots_U"],
	"melvorItA:Abyssal_Mystic_Wizard_Legs":["melvorItA:Abyssal_Mystic_Wizard_Legs","melvorItA:Abyssal_Mystic_Wizard_Legs_U"],
	"melvorItA:Gloom_Mystic_Wizard_Boots":["melvorItA:Gloom_Mystic_Wizard_Boots","melvorItA:Gloom_Mystic_Wizard_Boots_U"],
	"melvorItA:Brume_Mystic_Wizard_Legs":["melvorItA:Brume_Mystic_Wizard_Legs","melvorItA:Brume_Mystic_Wizard_Legs_U"],
	"melvorItA:Abyssal_Mystic_Wizard_Robes":["melvorItA:Abyssal_Mystic_Wizard_Robes","melvorItA:Abyssal_Mystic_Wizard_Robes_U"],
	"melvorItA:Gloom_Mystic_Wizard_Legs":["melvorItA:Gloom_Mystic_Wizard_Legs","melvorItA:Gloom_Mystic_Wizard_Legs_U"],
	"melvorItA:Brume_Mystic_Wizard_Robes":["melvorItA:Brume_Mystic_Wizard_Robes","melvorItA:Brume_Mystic_Wizard_Robes_U"],
	"melvorItA:Gloom_Mystic_Wizard_Robes":["melvorItA:Gloom_Mystic_Wizard_Robes","melvorItA:Gloom_Mystic_Wizard_Robes_U"],
	"melvorItA:Abyssal_Legendary_Wizard_Hat":["melvorItA:Abyssal_Legendary_Wizard_Hat","melvorItA:Abyssal_Legendary_Wizard_Hat_U"],
	"melvorItA:Brume_Legendary_Wizard_Hat":["melvorItA:Brume_Legendary_Wizard_Hat","melvorItA:Brume_Legendary_Wizard_Hat_U"],
	"melvorItA:Abyssal_Legendary_Wizard_Boots":["melvorItA:Abyssal_Legendary_Wizard_Boots","melvorItA:Abyssal_Legendary_Wizard_Boots_U"],
	"melvorItA:Gloom_Legendary_Wizard_Hat":["melvorItA:Gloom_Legendary_Wizard_Hat","melvorItA:Gloom_Legendary_Wizard_Hat_U"],
	"melvorItA:Brume_Legendary_Wizard_Boots":["melvorItA:Brume_Legendary_Wizard_Boots","melvorItA:Brume_Legendary_Wizard_Boots_U"],
	"melvorItA:Wither_Legendary_Wizard_Hat":["melvorItA:Wither_Legendary_Wizard_Hat","melvorItA:Wither_Legendary_Wizard_Hat_U"],
	"melvorItA:Abyssal_Legendary_Wizard_Legs":["melvorItA:Abyssal_Legendary_Wizard_Legs","melvorItA:Abyssal_Legendary_Wizard_Legs_U"],
	"melvorItA:Gloom_Legendary_Wizard_Boots":["melvorItA:Gloom_Legendary_Wizard_Boots","melvorItA:Gloom_Legendary_Wizard_Boots_U"],
	"melvorItA:Brume_Legendary_Wizard_Legs":["melvorItA:Brume_Legendary_Wizard_Legs","melvorItA:Brume_Legendary_Wizard_Legs_U"],
	"melvorItA:Wither_Legendary_Wizard_Boots":["melvorItA:Wither_Legendary_Wizard_Boots","melvorItA:Wither_Legendary_Wizard_Boots_U"],
	"melvorItA:Abyssal_Legendary_Wizard_Robes":["melvorItA:Abyssal_Legendary_Wizard_Robes","melvorItA:Abyssal_Legendary_Wizard_Robes_U"],
	"melvorItA:Gloom_Legendary_Wizard_Legs":["melvorItA:Gloom_Legendary_Wizard_Legs","melvorItA:Gloom_Legendary_Wizard_Legs_U"],
	"melvorItA:Brume_Legendary_Wizard_Robes":["melvorItA:Brume_Legendary_Wizard_Robes","melvorItA:Brume_Legendary_Wizard_Robes_U"],
	"melvorItA:Wither_Legendary_Wizard_Legs":["melvorItA:Wither_Legendary_Wizard_Legs","melvorItA:Wither_Legendary_Wizard_Legs_U"],
	"melvorItA:Gloom_Legendary_Wizard_Robes":["melvorItA:Gloom_Legendary_Wizard_Robes","melvorItA:Gloom_Legendary_Wizard_Robes_U"],
	"melvorItA:Wither_Legendary_Wizard_Robes":["melvorItA:Wither_Legendary_Wizard_Robes","melvorItA:Wither_Legendary_Wizard_Robes_U"],
	"melvorItA:Abyssal_Mythical_Wizard_Hat":["melvorItA:Abyssal_Mythical_Wizard_Hat","melvorItA:Abyssal_Mythical_Wizard_Hat_U"],
	"melvorItA:Brume_Mythical_Wizard_Hat":["melvorItA:Brume_Mythical_Wizard_Hat","melvorItA:Brume_Mythical_Wizard_Hat_U"],
	"melvorItA:Abyssal_Mythical_Wizard_Boots":["melvorItA:Abyssal_Mythical_Wizard_Boots","melvorItA:Abyssal_Mythical_Wizard_Boots_U"],
	"melvorItA:Gloom_Mythical_Wizard_Hat":["melvorItA:Gloom_Mythical_Wizard_Hat","melvorItA:Gloom_Mythical_Wizard_Hat_U"],
	"melvorItA:Brume_Mythical_Wizard_Boots":["melvorItA:Brume_Mythical_Wizard_Boots","melvorItA:Brume_Mythical_Wizard_Boots_U"],
	"melvorItA:Nether_Mythical_Wizard_Hat":["melvorItA:Nether_Mythical_Wizard_Hat","melvorItA:Nether_Mythical_Wizard_Hat_U"],
	"melvorItA:Abyssal_Mythical_Wizard_Legs":["melvorItA:Abyssal_Mythical_Wizard_Legs","melvorItA:Abyssal_Mythical_Wizard_Legs_U"],
	"melvorItA:Gloom_Mythical_Wizard_Boots":["melvorItA:Gloom_Mythical_Wizard_Boots","melvorItA:Gloom_Mythical_Wizard_Boots_U"],
	"melvorItA:Wither_Mythical_Wizard_Hat":["melvorItA:Wither_Mythical_Wizard_Hat","melvorItA:Wither_Mythical_Wizard_Hat_U"],
	"melvorItA:Brume_Mythical_Wizard_Legs":["melvorItA:Brume_Mythical_Wizard_Legs","melvorItA:Brume_Mythical_Wizard_Legs_U"],
	"melvorItA:Wither_Mythical_Wizard_Boots":["melvorItA:Wither_Mythical_Wizard_Boots","melvorItA:Wither_Mythical_Wizard_Boots_U"],
	"melvorItA:Nether_Mythical_Wizard_Boots":["melvorItA:Nether_Mythical_Wizard_Boots","melvorItA:Nether_Mythical_Wizard_Boots_U"],
	"melvorItA:Abyssal_Mythical_Wizard_Robes":["melvorItA:Abyssal_Mythical_Wizard_Robes","melvorItA:Abyssal_Mythical_Wizard_Robes_U"],
	"melvorItA:Gloom_Mythical_Wizard_Legs":["melvorItA:Gloom_Mythical_Wizard_Legs","melvorItA:Gloom_Mythical_Wizard_Legs_U"],
	"melvorItA:Brume_Mythical_Wizard_Robes":["melvorItA:Brume_Mythical_Wizard_Robes","melvorItA:Brume_Mythical_Wizard_Robes_U"],
	"melvorItA:Wither_Mythical_Wizard_Legs":["melvorItA:Wither_Mythical_Wizard_Legs","melvorItA:Wither_Mythical_Wizard_Legs_U"],
	"melvorItA:Nether_Mythical_Wizard_Legs":["melvorItA:Nether_Mythical_Wizard_Legs","melvorItA:Nether_Mythical_Wizard_Legs_U"],
	"melvorItA:Gloom_Mythical_Wizard_Robes":["melvorItA:Gloom_Mythical_Wizard_Robes","melvorItA:Gloom_Mythical_Wizard_Robes_U"],
	"melvorItA:Wither_Mythical_Wizard_Robes":["melvorItA:Wither_Mythical_Wizard_Robes","melvorItA:Wither_Mythical_Wizard_Robes_U"],
	"melvorItA:Nether_Mythical_Wizard_Robes":["melvorItA:Nether_Mythical_Wizard_Robes","melvorItA:Nether_Mythical_Wizard_Robes_U"],
	"melvorItA:Eternity_Staff_Uncharged":["melvorItA:Eternity_Staff_Uncharged"]
}
